date,home_team,away_team,home_score,away_score,status,game_id
2025-08-29,Huntingdon,Warren Wilson,3,3,FINAL,6478133
2025-08-29,Colby-Sawyer,Wentworth,5,5,FINAL,6477503
2025-08-29,UMass Boston,Salve Regina,0,0,FINAL,6496226
2025-08-29,Swarthmore,Yeshiva,4,0,FINAL,6477273
2025-08-29,Mount Aloysius,Concordia Wisconsin,4,1,FINAL,6496201
2025-08-29,Saint John's (MN),Neb. Wesleyan,1,1,FINAL,6474970
2025-08-29,Stevenson,Moravian,2,3,FINAL,6475448
2025-08-29,Rensselaer,Emerson,1,1,FINAL,6478211
2025-08-29,Rutgers-Camden,St. John Fisher,4,0,FINAL,6496254
2025-08-29,Babson,Occidental,2,1,FINAL,6474802
2025-08-29,William Peace,Piedmont,4,1,FINAL,6475135
2025-08-29,St. Olaf,Pacific Lutheran,4,1,FINAL,6475215
2025-08-29,Salisbury,York (PA),1,1,FINAL,6477236
2025-08-29,Ramapo,Penn St.-Abington,2,0,FINAL,6477387
2025-08-29,Penn College,Centenary (NJ),3,0,FINAL,6495947
2025-08-29,SUNY Maritime,Brooklyn,4,1,FINAL,6496207
2025-08-29,Gustavus Adolphus,UChicago,2,1,FINAL,6496217
2025-08-29,St. Joseph's (Brkln),Hartford,1,4,FINAL,6496236
2025-08-29,Rhodes,Johns Hopkins,0,3,FINAL,6476438
2025-08-29,St. Scholastica,Loras,0,0,FINAL,6477927
2025-08-29,Oglethorpe,Covenant,1,2,FINAL,6475407
2025-08-29,Penn St. Harrisburg,Fredonia,1,0,FINAL,6475569
2025-08-29,Worcester St.,WPI,0,2,FINAL,6475893
2025-08-29,NYU,Rowan,3,4,FINAL,6476383
2025-08-29,Pitt.-Greensburg,Thiel,2,0,FINAL,6478449
2025-08-29,Manhattanville,Plattsburgh St.,0,2,FINAL,6496231
2025-08-29,UMass Dartmouth,Curry,5,1,FINAL,6496238
2025-08-29,Baruch,Old Westbury,1,3,FINAL,6496035
2025-08-29,Roger Williams,Clark (MA),2,0,FINAL,6496272
2025-08-29,Randolph-Macon,N.C. Wesleyan,1,0,FINAL,6473091
2025-08-29,Penn St.-Altoona,McDaniel,0,3,FINAL,6475661
2025-08-29,SUNY Canton,Bard,2,3,FINAL,6475768
2025-08-29,New England Col.,Plymouth St.,2,0,FINAL,6475846
2025-08-29,SUNY Potsdam,Mt. St. Mary (NY),2,1,FINAL,6475961
2025-08-29,SUNY Morrisville,Keuka,1,0,FINAL,6476139
2025-08-29,MIT,Western New Eng.,2,0,FINAL,6476514
2025-08-29,Haverford,Arcadia,2,2,FINAL,6476700
2025-08-29,Gwynedd Mercy,DeSales,0,4,FINAL,6477595
2025-08-29,SUNY Cobleskill,Pratt,2,1,FINAL,6478099
2025-08-29,Wis.-Superior,Luther,0,1,FINAL,6496168
2025-08-29,Penn St.-Behrend,Allegheny,1,1,FINAL,6496241
2025-08-29,Washington Col.,Roanoke,1,2,FINAL,6496242
2025-08-29,Elms,Fitchburg St.,2,1,FINAL,6496244
2025-08-29,Penn St.-Berks,Albright,0,3,FINAL,6496249
2025-08-29,St. Mary's (MD),Ursinus,2,1,FINAL,6496252
2025-08-29,Widener,Gettysburg,0,5,FINAL,6496255
2025-08-29,King's (PA),Utica,1,0,FINAL,6496270
2025-08-29,MCLA,Norwich,0,1,FINAL,6496271
2025-08-29,Guilford,Pfeiffer,1,2,FINAL,6496299
2025-08-29,St. Lawrence,SUNY Geneseo,0,3,FINAL,6475350
2025-08-29,Mary Baldwin,Bridgewater (VA),0,2,FINAL,6477807
2025-08-29,Eastern Conn. St.,Farmingdale St.,3,1,FINAL,6496240
2025-08-29,Neumann,Lycoming,2,1,FINAL,6474797
2025-08-29,Hamline,Wis.-Platteville,2,2,FINAL,6474893
2025-08-29,Mary Washington,Ohio Northern,0,1,FINAL,6476317
2025-08-29,Anderson (IN),Muskingum,1,3,FINAL,6478548
2025-08-29,Millsaps,MUW,6,1,FINAL,6496113
2025-08-29,Transylvania,Asbury,2,1,FINAL,6496115
2025-08-29,Wabash,Franklin,4,0,FINAL,6496155
2025-08-29,Millikin,WashU,1,8,FINAL,6496206
2025-08-29,Drew,FDU-Florham,2,1,FINAL,6496209
2025-08-29,Earlham,Beloit,0,2,FINAL,6496214
2025-08-29,SUNY New Paltz,Sarah Lawrence,5,0,FINAL,6496216
2025-08-29,Wooster,Waynesburg,3,2,FINAL,6496220
2025-08-29,Knox,North Central (IL),2,2,FINAL,6496224
2025-08-29,Mt. St. Joseph,Wilmington (OH),2,2,FINAL,6496248
2025-08-29,Colorado Col.,DePauw,3,0,FINAL,6475739
2025-08-29,Emory,Wash. & Lee,1,0,FINAL,6475764
2025-08-29,Rockford,Olivet,1,0,FINAL,6476558
2025-08-29,Grinnell,Coe,2,2,FINAL,6478065
2025-08-29,Martin Luther,Buena Vista,0,2,FINAL,6478348
2025-08-29,Centre,Hanover,0,2,FINAL,6496210
2025-08-29,Crown (MN),Wis.-Stout,0,0,FINAL,6496228
2025-08-29,Berry,Brevard,3,0,FINAL,6474738
2025-08-29,Sewanee,Montclair St.,0,0,FINAL/PK,6474773
2025-08-29,Carleton,UW-River Falls,3,1,FINAL,6475810
2025-08-29,Saint Joseph (CT),SUNY Poly,2,1,FINAL,6476405
2025-08-29,Simpson,Augustana (IL),1,1,FINAL,6476633
2025-08-29,Cornell College,Wartburg,1,5,FINAL,6476773
2025-08-29,Mary Hardin-Baylor,Schreiner,3,1,FINAL,6477040
2025-08-29,Randolph,Marymount (VA),1,1,FINAL,6477800
2025-08-29,Grove City,East. Mennonite,0,2,FINAL,6477854
2025-08-29,Springfield,Albertus Magnus,3,1,FINAL,6477906
2025-08-29,Coast Guard,Brandeis,0,1,FINAL,6478083
2025-08-29,UMSV,John Jay,4,3,FINAL,6478126
2025-08-29,JWU (Providence),Bridgewater St.,2,3,FINAL,6478314
2025-08-29,Hampden-Sydney,Southern Va.,5,1,FINAL,6496154
2025-08-29,North Park,Dubuque,3,0,FINAL,6496211
2025-08-29,TCNJ,Immaculata,5,0,FINAL,6496239
2025-08-29,Illinois Tech,Saint Mary's (MN),2,1,FINAL,6496251
2025-08-29,Hartwick,SUNY Delhi,3,1,FINAL,6475668
2025-08-29,Baldwin Wallace,Carnegie Mellon,0,2,FINAL,6478196
2025-08-29,Juniata,Westminster (PA),5,0,FINAL,6496225
2025-08-29,Rochester (NY),Cortland,0,4,FINAL,6474786
2025-08-29,Union (NY),SUNY Oneonta,1,3,FINAL,6474879
2025-08-29,Hobart,Kean,2,0,FINAL,6475182
2025-08-29,Rutgers-Newark,Redlands,1,2,FINAL,6475277
2025-08-29,Rhode Island Col.,Emmanuel (MA),2,2,FINAL,6475295
2025-08-29,Otterbein,Oberlin,2,1,FINAL,6475414
2025-08-29,Franciscan,CWRU,0,2,FINAL,6475603
2025-08-29,U New England,Maine Maritime,0,0,FINAL,6475939
2025-08-29,Susquehanna,Misericordia,0,3,FINAL,6476077
2025-08-29,Lebanon Valley,Lancaster Bible,1,0,FINAL,6476620
2025-08-29,Wittenberg,Heidelberg,2,1,FINAL,6476718
2025-08-29,Oswego St.,Clarkson,0,0,FINAL,6476854
2025-08-29,Gordon,Thomas (ME),3,1,FINAL,6476979
2025-08-29,Shenandoah,Catholic,0,1,FINAL,6476983
2025-08-29,Russell Sage,VTSU Castleton,2,1,FINAL,6477027
2025-08-29,SUNY Brockport,RIT,1,0,FINAL,6477064
2025-08-29,Va. Wesleyan,Dickinson,1,1,FINAL,6477069
2025-08-29,Mount Union,Trine,3,1,FINAL,6477284
2025-08-29,Hope,Ohio Wesleyan,3,0,FINAL,6477350
2025-08-29,Hood,Wilson,6,1,FINAL,6478028
2025-08-29,Alvernia,Muhlenberg,0,0,FINAL,6478388
2025-08-29,Messiah,Scranton,0,2,FINAL,6478459
2025-08-29,St. Joseph's (ME),Wheaton (MA),0,4,FINAL,6478559
2025-08-29,Greenville,Rose-Hulman,0,3,FINAL,6496159
2025-08-29,Stevens,Denison,0,1,FINAL,6496160
2025-08-29,Franklin & Marshall,Stockton,1,2,FINAL,6496167
2025-08-29,Alfred St.,Alfred,2,1,FINAL,6496208
2025-08-29,Wilkes,Marywood,2,3,FINAL,6496243
2025-08-29,Buffalo St.,New Jersey City,2,0,FINAL,6496245
2025-08-29,Endicott,Husson,3,0,FINAL,6496246
2025-08-29,Chris. Newport,Merchant Marine,1,1,FINAL,6496247
2025-08-29,Calvin,MSOE,1,5,FINAL,6496250
2025-08-29,Cairn,Goucher,1,1,FINAL,6496256
2025-08-29,Chatham,Marietta,3,0,FINAL,6496273
2025-08-29,Houghton,Hilbert,0,3,FINAL,6475895
2025-08-29,John Carroll,Edgewood,0,1,FINAL,6477864
2025-08-29,Saint Vincent,Valley Forge,7,0,FINAL,6478378
2025-08-29,Capital,Kenyon,1,2,FINAL,6496232
2025-08-29,Spalding,Ill. Wesleyan,1,5,FINAL,6475977
2025-08-29,Maryville (TN),Lynchburg,0,2,FINAL,6476184
2025-08-29,WestConn,Vassar,2,5,FINAL,6476332
2025-08-29,Northwestern-St. Paul,Bethel (MN),0,2,FINAL,6478106
2025-08-29,Wis.-Stevens Point,Lakeland,2,0,FINAL,6478137
2025-08-29,Carroll (WI),Benedictine (IL),4,1,FINAL,6478546
2025-08-29,Wheaton (IL),Chapman,4,2,FINAL,6496165
2025-08-29,Marian (WI),Carthage,0,0,FINAL,6496215
2025-08-29,Elmhurst,Aurora,0,3,FINAL,6496253
2025-08-29,Nichols,Anna Maria,0,2,FINAL,6478292
2025-08-29,Macalester,Linfield,3,0,FINAL,6477729
2025-08-29,Ripon,Wis. Lutheran,1,1,FINAL,6477829
2025-08-29,East Tex. Baptist,Dallas,7,0,FINAL,6477918
2025-08-29,Ozarks (AR),Howard Payne,2,1,FINAL,6478228
2025-08-29,Augsburg,St. Norbert,1,0,FINAL,6496114
2025-08-29,Texas Lutheran,Hardin-Simmons,2,0,FINAL,6496166
2025-08-29,Southwestern (TX),St. Thomas (TX),2,0,FINAL,6476483
2025-08-29,Trinity (TX),Claremont-M-S,2,1,FINAL,6496392
2025-08-30,Wash. & Lee,Oglethorpe,1,1,FINAL,6476622
2025-08-30,Emerson,Roger Williams,0,1,FINAL,6496316
2025-08-30,Framingham St.,Lasell,3,0,FINAL,6478304
2025-08-30,Mass. Maritime,Regis (MA),3,0,FINAL,6477992
2025-08-30,St. Joseph's (L.I.),Hunter,2,1,FINAL,6478454
2025-08-30,Babson,UMass Boston,1,1,FINAL,6473476
2025-08-30,St. Mary's (MD),York (PA),1,0,FINAL,6474511
2025-08-30,Elms,VTSU Lyndon,8,0,FINAL,6474705
2025-08-30,Skidmore,Salem St.,1,0,FINAL,6474895
2025-08-30,SUNY Potsdam,Bard,1,0,FINAL,6475962
2025-08-30,Delaware Valley,Eastern,4,1,FINAL,6477193
2025-08-30,Southern Me.,Rivier,1,1,FINAL,6477933
2025-08-30,Manhattanville,Penn St.-Abington,1,0,FINAL,6478326
2025-08-30,Heidelberg,Transylvania,0,3,FINAL,6478479
2025-08-30,Ramapo,Plattsburgh St.,0,1,FINAL,6473578
2025-08-30,Lake Forest,Saint Mary's (MN),4,0,FINAL,6474468
2025-08-30,Concordia-M'head,Saint John's (MN),2,2,FINAL,6476197
2025-08-30,UC Santa Cruz,Willamette,3,0,FINAL,6476287
2025-08-30,Monmouth (IL),North Central (IL),0,2,FINAL,6477962
2025-08-30,SUNY Canton,Mt. St. Mary (NY),0,5,FINAL,6478327
2025-08-30,Pitt.-Bradford,Valley Forge,1,1,FINAL,6478464
2025-08-30,Ithaca,Elizabethtown,2,0,FINAL,6474578
2025-08-30,Plymouth St.,Colby-Sawyer,2,0,FINAL,6475848
2025-08-30,Salisbury,Ursinus,2,0,FINAL,6477106
2025-08-30,New England Col.,Me.-Presque Isle,4,0,FINAL,6477555
2025-08-30,Concordia Chicago,Lawrence,2,2,FINAL,6477948
2025-08-30,Earlham,Muskingum,1,0,FINAL,6478499
2025-08-30,Anderson (IN),Beloit,4,0,FINAL,6496279
2025-08-30,Bethany (WV),Adrian,1,0,FINAL,6477570
2025-08-30,Dominican (IL),Webster,0,2,FINAL,6477742
2025-08-30,Penn College,King's (PA),1,4,FINAL,6472808
2025-08-30,Alfred,Penn St.-Altoona,5,0,FINAL,6472919
2025-08-30,La Roche,Wash. & Jeff.,0,1,FINAL,6473809
2025-08-30,Geneva,East. Mennonite,0,1,FINAL,6475198
2025-08-30,Widener,Lycoming,1,0,FINAL,6475533
2025-08-30,Sewanee,Johns Hopkins,4,0,FINAL,6476439
2025-08-30,Haverford,Rutgers-Camden,0,0,FINAL,6477893
2025-08-30,DePauw,Chapman,2,2,FINAL,6475741
2025-08-30,Fredonia,New Jersey City,3,3,FINAL,6476508
2025-08-30,La Verne,Pacific (OR),0,0,FINAL,6477756
2025-08-30,John Jay,Purchase,2,4,FINAL,6478127
2025-08-30,Chris. Newport,Dickinson,0,0,FINAL,6474184
2025-08-30,Neumann,Gettysburg,0,2,FINAL,6474733
2025-08-30,Simpson,Illinois Col.,0,0,FINAL,6476635
2025-08-30,Central (IA),Blackburn,3,2,FINAL,6496280
2025-08-30,Westminster (PA),Pitt.-Greensburg,1,1,FINAL,6473360
2025-08-30,Buffalo St.,SUNY Geneseo,2,1,FINAL,6474070
2025-08-30,Methodist,Guilford,0,1,FINAL,6474193
2025-08-30,Hope,MSOE,0,1,FINAL,6474322
2025-08-30,Calvin,Ohio Wesleyan,2,1,FINAL,6474396
2025-08-30,Emory,Covenant,2,1,FINAL,6475408
2025-08-30,Randolph,Southern Va.,1,0,FINAL,6477833
2025-08-30,Mary Hardin-Baylor,Texas Lutheran,2,1,FINAL,6473387
2025-08-30,Dubuque,Grinnell,1,1,FINAL,6473061
2025-08-30,Wheaton (IL),Colorado Col.,2,2,FINAL,6473175
2025-08-31,Rutgers-Newark,Yeshiva,9,1,FINAL,6475279
2025-08-31,Austin,Howard Payne,2,0,FINAL,6496289
2025-08-31,SUNY Cobleskill,Westfield St.,1,6,FINAL,6477798
2025-08-31,Roanoke,Stevenson,1,0,FINAL,6473957
2025-08-31,Stockton,Denison,0,1,FINAL,6474282
2025-08-31,Montclair St.,Rhodes,4,1,FINAL,6474791
2025-08-31,Curry,Lesley,1,0,FINAL,6477329
2025-08-31,Lyon,McMurry,3,2,FINAL,6478064
2025-08-31,Randolph-Macon,Ohio Northern,0,1,FINAL,6473092
2025-08-31,St. Olaf,UChicago,0,0,FINAL,6473251
2025-08-31,TCNJ,Penn St.-Berks,6,0,FINAL,6473859
2025-08-31,Nazareth,Rochester (NY),4,1,FINAL,6474789
2025-08-31,MIT,Occidental,0,3,FINAL,6474808
2025-08-31,Lynchburg,Berry,0,0,FINAL,6476186
2025-08-31,Gustavus Adolphus,Pacific Lutheran,2,0,FINAL,6476461
2025-08-31,Endicott,Thomas (ME),1,0,FINAL,6476834
2025-08-31,Rensselaer,Marywood,6,1,FINAL,6477635
2025-08-31,Nichols,Me.-Farmington,3,4,FINAL,6472977
2025-08-31,Springfield,SUNY New Paltz,1,3,FINAL,6473202
2025-08-31,John Carroll,Capital,3,0,FINAL,6473609
2025-08-31,Wabash,Manchester,2,1,FINAL,6473741
2025-08-31,Keene St.,Worcester St.,2,0,FINAL,6473779
2025-08-31,Dean,UMass Dartmouth,0,2,FINAL,6473825
2025-08-31,Macalester,St. Norbert,4,0,FINAL,6474402
2025-08-31,Norwich,VTSU Castleton,2,1,FINAL,6474571
2025-08-31,Oberlin,Hiram,4,0,FINAL,6475416
2025-08-31,Rowan,Franklin & Marshall,2,1,FINAL,6475495
2025-08-31,Juniata,CWRU,0,1,FINAL,6475605
2025-08-31,MUW,Warren Wilson,0,5,FINAL,6476026
2025-08-31,Western New Eng.,Clark (MA),0,1,FINAL,6476515
2025-08-31,Arcadia,Alvernia,3,1,FINAL,6476702
2025-08-31,Suffolk,Brandeis,1,2,FINAL,6477608
2025-08-31,Kenyon,Edgewood,1,1,FINAL,6477865
2025-08-31,Va. Wesleyan,Merchant Marine,3,0,FINAL,6476814
2025-08-31,Wilmington (OH),Rose-Hulman,2,0,FINAL,6473417
2025-08-31,William Peace,Averett,1,1,FINAL,6473638
2025-08-31,SUNY Poly,MCLA,2,1,FINAL,6473690
2025-08-31,Maryville (TN),Brevard,1,1,FINAL,6474740
2025-08-31,Concordia-M'head,Neb. Wesleyan,1,3,FINAL,6474974
2025-08-31,Augsburg,Linfield,9,0,FINAL,6475003
2025-08-31,St. Lawrence,Cortland,1,2,FINAL,6475352
2025-08-31,Washington Col.,Moravian,0,1,FINAL,6475450
2025-08-31,Vassar,NYU,3,2,FINAL,6476345
2025-08-31,St. Scholastica,Luther,0,6,FINAL,6476649
2025-08-31,Hampden-Sydney,Marymount (VA),4,0,FINAL,6477802
2025-08-31,East Tex. Baptist,Ozarks (AR),2,1,FINAL,6477919
2025-08-31,Carroll (WI),Wis.-Eau Claire,0,2,FINAL,6477935
2025-08-31,Wilson,Mary Baldwin,0,1,FINAL,6478029
2025-08-31,Buena Vista,Blackburn,0,1,FINAL,6478352
2025-08-31,Saint Vincent,Pitt.-Bradford,2,0,FINAL,6478379
2025-08-31,Goucher,Notre Dame (MD),1,0,FINAL,6478430
2025-08-31,Marietta,Bluffton,4,3,FINAL,6473986
2025-08-31,Gordon,Husson,1,1,FINAL,6474106
2025-08-31,St. John Fisher,Clarkson,1,2,FINAL,6474609
2025-08-31,Wentworth,Emmanuel (MA),0,0,FINAL,6475298
2025-08-31,Mary Washington,N.C. Wesleyan,2,1,FINAL,6476319
2025-08-31,Drew,Hobart,0,1,FINAL,6476436
2025-08-31,Swarthmore,Redlands,2,1,FINAL,6476916
2025-08-31,McDaniel,Shenandoah,1,0,FINAL,6476985
2025-08-31,SUNY Delhi,Utica,1,3,FINAL,6478407
2025-08-31,Keystone,Elmira,1,5,FINAL,6473121
2025-08-31,Wooster,Trine,2,0,FINAL,6473279
2025-08-31,Mount Union,Waynesburg,2,1,FINAL,6473887
2025-08-31,Rockford,Elmhurst,1,2,FINAL,6477437
2025-08-31,FDU-Florham,Kean,3,1,FINAL,6475184
2025-08-31,Penn St.-Behrend,Baldwin Wallace,2,1,FINAL,6475757
2025-08-31,Mt. St. Joseph,Wittenberg,0,4,FINAL,6476720
2025-08-31,Penn St. Harrisburg,Mount Aloysius,0,1,FINAL,6472716
2025-08-31,Westminster (MO),WashU,2,1,FINAL,6472865
2025-08-31,Carthage,Wis.-Platteville,0,1,FINAL,6475359
2025-08-31,Hardin-Simmons,Schreiner,4,0,FINAL,6476749
2025-08-31,Centre,Ill. Wesleyan,1,2,FINAL,6477147
2025-08-31,Benedictine (IL),Eureka,2,1,FINAL,6477681
2025-08-31,Spalding,Hanover,2,2,FINAL,6472996
2025-08-31,Allegheny,Carnegie Mellon,1,1,FINAL,6473939
2025-08-31,Marian (WI),Ripon,2,1,FINAL,6473147
2025-08-31,Southwestern (TX),Claremont-M-S,2,1,FINAL,6477020
2025-09-01,Mitchell,Eastern Conn. St.,1,5,FINAL,6476245
2025-09-01,Russell Sage,Pratt,1,0,FINAL,6477029
2025-09-01,UMass Boston,Occidental,4,0,FINAL,6473478
2025-09-01,Hood,Chatham,3,1,FINAL,6475763
2025-09-01,Stevens,Wm. Paterson,1,1,FINAL,6476667
2025-09-01,WPI,Anna Maria,2,0,FINAL,6478162
2025-09-01,UC Santa Cruz,Pacific (OR),1,0,FINAL,6478366
2025-09-01,UW-River Falls,Wis. Lutheran,2,1,FINAL,6475811
2025-09-01,La Verne,Willamette,0,0,FINAL,6476288
2025-09-01,Greenville,Central (IA),2,1,FINAL,6475871
2025-09-01,Carleton,Simpson,3,1,FINAL,6476637
2025-09-01,Bethel (MN),Wartburg,1,1,FINAL,6476774
2025-09-01,SUNY Oneonta,Skidmore,1,1,FINAL,6474899
2025-09-01,Hamline,North Central (MN),4,1,FINAL,6474897
2025-09-01,Lancaster Bible,Wilkes,2,1,FINAL,6473995
2025-09-01,Hendrix,Lyon,1,1,FINAL,6476373
2025-09-01,Lawrence,Concordia Wisconsin,0,0,FINAL,6472746
2025-09-02,Old Westbury,Albertus Magnus,0,2,FINAL,6475311
2025-09-02,Middlebury,Bridgewater St.,6,0,FINAL,6472839
2025-09-02,Williams,Wheaton (MA),1,1,FINAL,6473036
2025-09-02,Connecticut Col.,Hartford,0,0,FINAL,6473661
2025-09-02,SUNY Morrisville,Hartwick,5,0,FINAL,6475675
2025-09-02,Oswego St.,Hamilton,0,4,FINAL,6478092
2025-09-02,Pitt.-Greensburg,Penn College,0,1,FINAL,6478450
2025-09-02,Fredonia,SUNY Geneseo,4,3,FINAL,6495915
2025-09-02,Anderson (IN),Wilmington (OH),1,2,FINAL,6474284
2025-09-02,Monmouth (IL),Augustana (IL),0,0,FINAL,6478076
2025-09-02,Cornell College,Lakeland,1,2,FINAL,6478138
2025-09-02,SUNY New Paltz,Union (NY),0,1,FINAL,6473204
2025-09-02,Wis.-Stout,Martin Luther,2,0,FINAL,6473551
2025-09-02,Roger Williams,Rhode Island Col.,1,1,FINAL,6474050
2025-09-02,Covenant,Berea,2,0,FINAL,6473447
2025-09-02,Catholic,St. Mary's (MD),4,1,FINAL,6474524
2025-09-02,Sarah Lawrence,Brooklyn,4,1,FINAL,6476263
2025-09-02,Bowdoin,U New England,4,0,FINAL,6477904
2025-09-02,Oglethorpe,Huntingdon,4,1,FINAL,6478286
2025-09-02,Colby,Thomas (ME),4,1,FINAL,6475663
2025-09-02,Elms,Mass. Maritime,0,2,FINAL,6474707
2025-09-02,Illinois Tech,Hope,5,3,FINAL,6478202
2025-09-03,New Jersey City,Manhattanville,1,2,FINAL,6476510
2025-09-03,Hunter,Saint Elizabeth,0,0,FINAL,6475717
2025-09-03,York (NY),Purchase,0,4,FINAL,6478150
2025-09-03,Farmingdale St.,Lehman,0,1,FINAL,6473872
2025-09-03,DeSales,Stockton,0,3,FINAL,6474286
2025-09-03,Haverford,Immaculata,3,1,FINAL,6474311
2025-09-03,Regis (MA),Salem St.,1,2,FINAL,6476099
2025-09-03,Lebanon Valley,Muhlenberg,1,2,FINAL,6476682
2025-09-03,Shenandoah,Mary Baldwin,5,0,FINAL,6476987
2025-09-03,Salisbury,Dickinson,0,2,FINAL,6477238
2025-09-03,Concordia Chicago,Blackburn,1,3,FINAL,6477949
2025-09-03,Wilson,McDaniel,0,2,FINAL,6478030
2025-09-03,Gordon,Lasell,2,0,FINAL,6496030
2025-09-03,Beloit,Wis. Lutheran,1,3,FINAL,6473145
2025-09-03,Wesleyan (CT),Western New Eng.,3,0,FINAL,6474242
2025-09-03,Saint Mary's (MN),Ripon,1,4,FINAL,6474471
2025-09-03,Ohio Wesleyan,Otterbein,1,1,FINAL,6476101
2025-09-03,Saint John's (MN),Crown (MN),4,1,FINAL,6476201
2025-09-03,Grinnell,Simpson,0,3,FINAL,6476638
2025-09-03,Dominican (IL),Loras,1,1,FINAL,6478003
2025-09-03,UMass Dartmouth,Salve Regina,0,2,FINAL,6473828
2025-09-03,Waynesburg,Penn St.-Altoona,7,1,FINAL,6473892
2025-09-03,Bates,St. Joseph's (ME),3,0,FINAL,6474260
2025-09-03,UMSV,Medgar Evers,7,0,FINAL,6476181
2025-09-03,Coast Guard,Mitchell,5,0,FINAL,6477418
2025-09-03,Wentworth,Clark (MA),0,1,FINAL,6477504
2025-09-03,SUNY Canton,SUNY Poly,2,1,FINAL,6478264
2025-09-03,Mt. St. Mary (NY),SUNY Delhi,1,1,FINAL,6478328
2025-09-03,Greensboro,Randolph,2,2,FINAL,6473607
2025-09-03,Ramapo,Moravian,2,0,FINAL,6475455
2025-09-03,FDU-Florham,CCNY,5,1,FINAL,6472949
2025-09-03,Rose-Hulman,Wabash,2,1,FINAL,6473419
2025-09-03,Sewanee,Berea,4,0,FINAL,6473448
2025-09-03,Averett,Pfeiffer,0,3,FINAL,6473527
2025-09-03,Plattsburgh St.,Norwich,0,0,FINAL,6473580
2025-09-03,Franciscan,Capital,0,1,FINAL,6473611
2025-09-03,Alfred St.,Allegheny,4,2,FINAL,6473941
2025-09-03,Rivier,Fitchburg St.,0,0,FINAL,6474030
2025-09-03,Curry,Dean,4,4,FINAL,6474110
2025-09-03,Elizabethtown,Penn St.-Berks,5,0,FINAL,6474293
2025-09-03,Wash. & Jeff.,Marietta,1,1,FINAL,6474487
2025-09-03,Neumann,York (PA),1,2,FINAL,6474804
2025-09-03,Mt. St. Joseph,Asbury,1,5,FINAL,6475089
2025-09-03,SUNY Brockport,Rochester (NY),2,2,FINAL,6475142
2025-09-03,Geneva,Baldwin Wallace,3,4,FINAL,6475202
2025-09-03,Lycoming,Misericordia,0,0,FINAL,6475542
2025-09-03,Stevenson,Goucher,4,0,FINAL,6475619
2025-09-03,Marywood,Susquehanna,2,0,FINAL,6476079
2025-09-03,Tufts,MIT,8,1,FINAL,6476578
2025-09-03,Arcadia,Cairn,3,0,FINAL,6476704
2025-09-03,Merchant Marine,John Jay,9,0,FINAL,6476816
2025-09-03,Hiram,Heidelberg,4,1,FINAL,6476914
2025-09-03,Gwynedd Mercy,Delaware Valley,0,4,FINAL,6477185
2025-09-03,Lancaster Bible,Alvernia,0,0,FINAL,6477405
2025-09-03,Suffolk,Amherst,0,0,FINAL,6477609
2025-09-03,Rutgers-Camden,Penn St.-Abington,6,1,FINAL,6478011
2025-09-03,JWU (Providence),Worcester St.,5,0,FINAL,6478152
2025-09-03,Framingham St.,Trinity (CT),0,4,FINAL,6478306
2025-09-03,Saint Vincent,Muskingum,1,2,FINAL,6478381
2025-09-03,RIT,Houghton,3,0,FINAL,6478423
2025-09-03,WestConn,Drew,1,2,FINAL,6478441
2025-09-03,Thiel,Pitt.-Bradford,0,1,FINAL,6478465
2025-09-03,Southern Va.,Bridgewater (VA),1,2,FINAL,6473717
2025-09-03,DePauw,Franklin,6,0,FINAL,6475743
2025-09-03,Gallaudet,Marymount (VA),0,10,FINAL,6475832
2025-09-03,Manchester,Alma,0,0,FINAL,6476010
2025-09-03,Carnegie Mellon,Grove City,1,1,FINAL,6478200
2025-09-03,Elmhurst,Dubuque,2,0,FINAL,6473063
2025-09-03,Marian (WI),Wis.-Platteville,1,5,FINAL,6473148
2025-09-03,Aurora,North Park,1,3,FINAL,6474580
2025-09-03,Ithaca,Elmira,3,0,FINAL,6477361
2025-09-03,Edgewood,Wis.-Stevens Point,0,1,FINAL,6477867
2025-09-03,Millikin,Illinois Col.,0,4,FINAL,6478305
2025-09-03,Bethany Lutheran,Carleton,2,3,FINAL,6478319
2025-09-03,Augsburg,Northwestern-St. Paul,7,0,FINAL,6475005
2025-09-04,Old Westbury,Yeshiva,4,2,FINAL,6475317
2025-09-04,Wooster,Westminster (PA),2,1,FINAL,6473280
2025-09-04,UW-River Falls,Lawrence,3,0,FINAL,6475813
2025-09-04,North Central (MN),Bethel (MN),0,3,FINAL,6476892
2025-09-04,Colorado Col.,Whitman,2,2,FINAL,6477956
2025-09-04,Webster,Wis.-Whitewater,0,7,FINAL,6472776
2025-09-04,St. Joseph's (Brkln),Bard,0,3,FINAL,6475772
2025-09-04,John Carroll,Bethany (WV),1,0,FINAL,6477881
2025-09-04,North Central (IL),MSOE,1,1,FINAL,6474331
2025-09-04,Benedictine (IL),Lake Forest,1,3,FINAL,6477706
2025-09-04,Wis.-Superior,Wis.-Eau Claire,0,4,FINAL,6477936
2025-09-04,East Tex. Baptist,Millsaps,0,1,FINAL,6473309
2025-09-04,LeTourneau,Belhaven,1,1,FINAL,6477073
2025-09-04,Howard Payne,Concordia (TX),1,3,FINAL,6477526
2025-09-04,Hardin-Simmons,McMurry,7,1,FINAL,6476751
2025-09-04,Lewis & Clark,Whittier,0,4,FINAL,6475056
2025-09-05,Russell Sage,Keene St.,0,2,FINAL,6473781
2025-09-05,St. Norbert,Calvin,0,1,FINAL,6474403
2025-09-05,Huntingdon,Centenary (LA),4,1,FINAL,6478418
2025-09-05,Gustavus Adolphus,Carthage,2,1,FINAL,6478037
2025-09-05,Endicott,Roger Williams,0,1,FINAL,6474057
2025-09-05,Baruch,Nazareth,0,0,FINAL,6476030
2025-09-05,Pacific Lutheran,Wheaton (IL),1,2,FINAL,6476463
2025-09-05,Eastern,Haverford,1,2,FINAL,6476960
2025-09-05,VTSU Castleton,Colby-Sawyer,4,1,FINAL,6477136
2025-09-05,East. Mennonite,John Jay,0,1,FINAL,6477856
2025-09-05,Ozarks (AR),Westminster (MO),1,2,FINAL,6477944
2025-09-05,Juniata,Mount Aloysius,3,1,FINAL,6472717
2025-09-05,Wash. & Lee,Covenant,1,1,FINAL,6475410
2025-09-05,Emory,N.C. Wesleyan,1,0,FINAL,6475766
2025-09-05,Anderson (IN),Trine,3,0,FINAL,6477287
2025-09-05,Brooklyn,SUNY Cobleskill,3,0,FINAL,6478159
2025-09-05,Kenyon,Johns Hopkins,0,1,FINAL,6476441
2025-09-05,Maryville (TN),Spalding,4,0,FINAL,6475980
2025-09-05,Rhodes,Hendrix,3,0,FINAL,6476375
2025-09-05,Fredonia,Alfred,3,1,FINAL,6472921
2025-09-05,La Roche,Alma,1,0,FINAL,6473812
2025-09-05,Grove City,Oberlin,5,0,FINAL,6475418
2025-09-05,Emerson,Eastern Conn. St.,1,0,FINAL,6476246
2025-09-05,Puget Sound,UC Santa Cruz,0,2,FINAL,6478367
2025-09-05,WashU,Elmhurst,2,0,FINAL,6472867
2025-09-05,Mary Hardin-Baylor,Whitman,2,2,FINAL,6477041
2025-09-05,Randolph-Macon,Kean,2,1,FINAL,6473094
2025-09-05,Chatham,Wabash,0,4,FINAL,6473743
2025-09-05,Gettysburg,Rowan,1,2,FINAL,6474734
2025-09-05,Willamette,Pomona-Pitzer,2,3,FINAL,6476290
2025-09-05,Stevens,Manhattanville,4,0,FINAL,6476669
2025-09-05,Franciscan,Wittenberg,0,2,FINAL,6476735
2025-09-05,Montclair St.,Swarthmore,1,0,FINAL,6477275
2025-09-05,Hope,Ohio Northern,1,2,FINAL,6478203
2025-09-05,Messiah,Claremont-M-S,3,4,FINAL,6478267
2025-09-05,Trinity (TX),Schreiner,6,0,FINAL,6478550
2025-09-05,Denison,Franklin & Marshall,4,0,FINAL,6474506
2025-09-05,Greenville,Wis.-Whitewater,0,2,FINAL,6472777
2025-09-05,Luther,Augsburg,0,2,FINAL,6474244
2025-09-05,Lakeland,Hamline,1,5,FINAL,6474901
2025-09-05,Bethany Lutheran,St. Olaf,1,3,FINAL,6475222
2025-09-05,Carroll (WI),St. Scholastica,1,0,FINAL,6477928
2025-09-05,Dallas,Lyon,0,3,FINAL,6478059
2025-09-05,Illinois Tech,Caltech,3,2,FINAL,6478442
2025-09-05,Texas Lutheran,Marymount (VA),1,1,FINAL,6473389
2025-09-05,Wartburg,Macalester,0,1,FINAL,6476776
2025-09-05,Southwestern (TX),Kalamazoo,2,1,FINAL,6477021
2025-09-05,Oglethorpe,Wis. Lutheran,3,0,FINAL,6477831
2025-09-05,Colorado Col.,Cal Lutheran,2,0,FINAL,6478058
2025-09-05,George Fox,Whittier,1,5,FINAL,6476796
2025-09-06,Mitchell,Medgar Evers,8,1,FINAL,6476154
2025-09-06,Framingham St.,MCLA,2,4,FINAL,6473692
2025-09-06,Greensboro,Guilford,2,0,FINAL,6474206
2025-09-06,Centre,Neb. Wesleyan,1,1,FINAL,6474977
2025-09-06,Merchant Marine,Hunter,7,0,FINAL,6476818
2025-09-06,Thomas (ME),Curry,3,1,FINAL,6476981
2025-09-06,SUNY New Paltz,Scranton,0,0,FINAL,6473206
2025-09-06,Wis.-Stout,Concordia-M'head,2,2,FINAL,6473553
2025-09-06,Rutgers-Newark,Farmingdale St.,4,0,FINAL,6473874
2025-09-06,Worcester St.,Fitchburg St.,1,0,FINAL,6474032
2025-09-06,Alvernia,Rochester (NY),0,5,FINAL,6475146
2025-09-06,Methodist,Berry,1,1,FINAL,6475361
2025-09-06,Mass. Maritime,Salem St.,3,0,FINAL,6476114
2025-09-06,Lasell,Lesley,5,0,FINAL,6477332
2025-09-06,Nichols,WestConn,4,4,FINAL,6478293
2025-09-06,Bridgewater St.,Anna Maria,6,0,FINAL,6478298
2025-09-06,Centenary (NJ),Purchase,2,1,FINAL,6478338
2025-09-06,Penn St.-Abington,Coast Guard,1,1,FINAL,6478443
2025-09-06,Keystone,Susquehanna,0,1,FINAL,6473123
2025-09-06,Westminster (PA),John Carroll,0,1,FINAL,6473362
2025-09-06,Wilmington (OH),Berea,4,1,FINAL,6473450
2025-09-06,Arcadia,Wilkes,1,1,FINAL,6473997
2025-09-06,Babson,Wesleyan (CT),1,0,FINAL,6474246
2025-09-06,Transylvania,Marietta,3,4,FINAL,6474513
2025-09-06,Hobart,St. John Fisher,2,0,FINAL,6474618
2025-09-06,Union (NY),SUNY Morrisville,1,1,FINAL,6474882
2025-09-06,Piedmont,Warren Wilson,4,3,FINAL,6475138
2025-09-06,Geneva,RIT,1,2,FINAL,6475206
2025-09-06,Muhlenberg,Moravian,2,1,FINAL,6475461
2025-09-06,CWRU,Penn St.-Behrend,1,0,FINAL,6475607
2025-09-06,Hiram,Olivet,3,0,FINAL,6476560
2025-09-06,Lebanon Valley,York (PA),2,2,FINAL,6476684
2025-09-06,Keuka,Penn College,0,1,FINAL,6477305
2025-09-06,Wentworth,Springfield,1,2,FINAL,6477506
2025-09-06,Dominican (IL),Lake Forest,1,2,FINAL,6477707
2025-09-06,Hamilton,Middlebury,0,0,FINAL,6472841
2025-09-06,Rivier,St. Joseph's (ME),0,3,FINAL,6478254
2025-09-06,Mount Aloysius,SUNY Canton,4,0,FINAL,6472719
2025-09-06,Pitt.-Greensburg,Waynesburg,0,1,FINAL,6473898
2025-09-06,Roanoke,Brevard,4,1,FINAL,6473962
2025-09-06,Norwich,Dean,4,0,FINAL,6474115
2025-09-06,Trinity (CT),Bates,1,1,FINAL,6474384
2025-09-06,SUNY Poly,Skidmore,1,0,FINAL,6474902
2025-09-06,JWU (Providence),Emmanuel (MA),0,1,FINAL,6475300
2025-09-06,Stevenson,Gallaudet,9,0,FINAL,6475621
2025-09-06,Colby,Bowdoin,1,2,FINAL,6475666
2025-09-06,Bard,CCNY,2,1,FINAL,6475777
2025-09-06,Wheaton (MA),Saint Joseph (CT),9,1,FINAL,6476406
2025-09-06,Sewanee,Southern Va.,4,1,FINAL,6477160
2025-09-06,Albright,Valley Forge,5,1,FINAL,6477456
2025-09-06,VTSU Lyndon,New England Col.,0,8,FINAL,6477557
2025-09-06,Eureka,Franklin,4,3,FINAL,6477684
2025-09-06,Central (IA),Grinnell,0,0,FINAL,6478066
2025-09-06,SUNY Cobleskill,Elms,1,3,FINAL,6478160
2025-09-06,Ithaca,SUNY Geneseo,1,0,FINAL,6478164
2025-09-06,Houghton,Pitt.-Bradford,4,1,FINAL,6478466
2025-09-06,SUNY Oneonta,King's (PA),1,0,FINAL,6472810
2025-09-06,Allegheny,Baldwin Wallace,2,4,FINAL,6473943
2025-09-06,Connecticut Col.,Amherst,0,2,FINAL,6474033
2025-09-06,Ripon,Rockford,3,2,FINAL,6477441
2025-09-06,WPI,Rensselaer,0,0,FINAL,6478163
2025-09-06,Buffalo St.,Alfred,4,0,FINAL,6472923
2025-09-06,Tufts,Williams,1,3,FINAL,6473038
2025-09-06,UMass Dartmouth,Westfield St.,3,1,FINAL,6473830
2025-09-06,Penn St. Harrisburg,TCNJ,1,4,FINAL,6473861
2025-09-06,Husson,Suffolk,1,2,FINAL,6474112
2025-09-06,St. Mary's (MD),Washington Col.,1,5,FINAL,6474562
2025-09-06,Alfred St.,SUNY Delhi,2,2,FINAL,6475194
2025-09-06,Penn St.-Altoona,Wash. & Jeff.,2,4,FINAL,6475665
2025-09-06,Carnegie Mellon,Otterbein,3,1,FINAL,6476103
2025-09-06,SUNY Brockport,Clarkson,0,3,FINAL,6476856
2025-09-06,Elmira,Oswego St.,1,1,FINAL,6477322
2025-09-06,Misericordia,Gwynedd Mercy,6,1,FINAL,6477597
2025-09-06,Utica,Marywood,5,2,FINAL,6477637
2025-09-06,DeSales,Catholic,0,4,FINAL,6477650
2025-09-06,Bridgewater (VA),John Jay,6,1,FINAL,6477818
2025-09-06,Hanover,Mount Union,1,2,FINAL,6473003
2025-09-06,Rose-Hulman,Principia,3,0,FINAL,6473420
2025-09-06,Hartwick,UMass Boston,1,3,FINAL,6473479
2025-09-06,Plymouth St.,Maine Maritime,1,2,FINAL,6475850
2025-09-06,Mary Baldwin,Notre Dame (MD),0,0,FINAL,6478521
2025-09-06,Plattsburgh St.,St. Lawrence,5,2,FINAL,6473582
2025-09-06,Chatham,Oberlin,3,1,FINAL,6475419
2025-09-06,DePauw,Adrian,2,0,FINAL,6475745
2025-09-06,SUNY Potsdam,Baruch,1,1,FINAL,6475970
2025-09-06,Wis.-Platteville,Simpson,3,0,FINAL,6476640
2025-09-06,East Tex. Baptist,Belhaven,2,3,FINAL,6477209
2025-09-06,Albion,Ohio Northern,0,0,FINAL,6478020
2025-09-06,Brandeis,Regis (MA),3,0,FINAL,6478084
2025-09-06,Heidelberg,Earlham,1,0,FINAL,6478480
2025-09-06,Maranatha Baptist,Martin Luther,1,1,FINAL,6478527
2025-09-06,Saint Mary's (MN),Dubuque,4,2,FINAL,6473065
2025-09-06,Puget Sound,Wheaton (IL),2,2,FINAL,6473179
2025-09-06,LeTourneau,Millsaps,2,2,FINAL,6473311
2025-09-06,Coe,Crown (MN),2,0,FINAL,6476867
2025-09-06,Widener,Dickinson,0,2,FINAL,6477225
2025-09-06,Augustana (IL),Wis.-Stevens Point,1,2,FINAL,6478182
2025-09-06,Buena Vista,Minn.-Morris,1,0,FINAL,6478353
2025-09-06,UChicago,MSOE,1,0,FINAL,6473253
2025-09-06,Knox,Ill. Wesleyan,2,2,FINAL,6473335
2025-09-06,Chris. Newport,Wm. Paterson,2,1,FINAL,6474186
2025-09-06,Va. Wesleyan,Redlands,2,1,FINAL,6477075
2025-09-06,Messiah,Rowan,3,4,FINAL,6478236
2025-09-06,Mt. St. Joseph,Muskingum,3,4,FINAL,6478516
2025-09-06,Lycoming,Ursinus,0,0,FINAL,6475544
2025-09-06,Delaware Valley,Penn St.-Berks,4,1,FINAL,6474298
2025-09-06,Gustavus Adolphus,Calvin,1,4,FINAL,6474489
2025-09-06,Goucher,Hood,0,0,FINAL,6478431
2025-09-06,Bethany (WV),Wooster,1,1,FINAL,6473282
2025-09-06,Cortland,Vassar,2,1,FINAL,6475452
2025-09-06,Salisbury,Lynchburg,1,1,FINAL,6476188
2025-09-06,Sarah Lawrence,Albertus Magnus,2,2,FINAL,6476265
2025-09-06,Ramapo,Cairn,2,2,FINAL,6477389
2025-09-06,Randolph,William Peace,0,1,FINAL,6477836
2025-09-06,Linfield,Pomona-Pitzer,1,3,FINAL,6532376
2025-09-06,Millikin,Monmouth (IL),5,0,FINAL,6478077
2025-09-06,Loras,Aurora,3,3,FINAL,6474583
2025-09-06,St. Thomas (TX),Hardin-Simmons,1,0,FINAL,6476753
2025-09-07,Colby-Sawyer,Keene St.,0,2,FINAL,6473783
2025-09-07,Denison,Johns Hopkins,4,0,FINAL,6474509
2025-09-07,Gettysburg,Claremont-M-S,1,0,FINAL,6474736
2025-09-07,Neb. Wesleyan,Spalding,1,1,FINAL,6474981
2025-09-07,Shenandoah,Kean,1,1,FINAL,6475185
2025-09-07,Rutgers-Newark,Penn St. Harrisburg,2,1,FINAL,6475280
2025-09-07,Emory,Wis. Lutheran,6,0,FINAL,6475773
2025-09-07,Greensboro,Berry,0,0,FINAL,6476228
2025-09-07,Thomas (ME),Western New Eng.,0,2,FINAL,6476517
2025-09-07,Southwestern (TX),Schreiner,3,0,FINAL,6477023
2025-09-07,Thiel,Alma,2,4,FINAL,6477253
2025-09-07,Hanover,Marietta,4,0,FINAL,6473008
2025-09-07,Marian (WI),St. Scholastica,3,0,FINAL,6473150
2025-09-07,Saint Vincent,Wabash,2,1,FINAL,6473744
2025-09-07,Lawrence,Hamline,1,3,FINAL,6474906
2025-09-07,Kenyon,Franklin & Marshall,3,1,FINAL,6475506
2025-09-07,WestConn,St. Joseph's (Brkln),2,0,FINAL,6476602
2025-09-07,Stevens,Swarthmore,2,2,FINAL,6476671
2025-09-07,Rhodes,Ozarks (AR),2,1,FINAL,6478016
2025-09-07,Juniata,SUNY Canton,3,0,FINAL,6478265
2025-09-07,Oglethorpe,N.C. Wesleyan,1,2,FINAL,6478287
2025-09-07,Westminster (MO),Wis.-Whitewater,1,3,FINAL,6472779
2025-09-07,Chris. Newport,Redlands,2,1,FINAL,6474190
2025-09-07,St. Mary's (MD),Lynchburg,2,3,FINAL,6474560
2025-09-07,Piedmont,MUW,6,1,FINAL,6475140
2025-09-07,Willamette,Whittier,0,3,FINAL,6476292
2025-09-07,Mary Washington,Wash. & Lee,2,1,FINAL,6476321
2025-09-07,Concordia Chicago,Caltech,0,3,FINAL,6477950
2025-09-07,Cal Lutheran,Whitman,1,2,FINAL,6477957
2025-09-07,LaGrange,Huntingdon,1,1,FINAL,6478419
2025-09-07,Centre,Maryville (TN),2,2,FINAL,6477151
2025-09-07,Illinois Col.,WashU,1,2,FINAL,6472868
2025-09-07,SUNY Oneonta,UMass Boston,2,0,FINAL,6473481
2025-09-07,Colorado Col.,Mary Hardin-Baylor,0,0,FINAL,6477043
2025-09-07,Cornell College,Minn.-Morris,6,0,FINAL,6478375
2025-09-07,TCNJ,Farmingdale St.,4,0,FINAL,6473863
2025-09-07,Wilson,Pitt.-Greensburg,0,0,FINAL,6478032
2025-09-07,Centenary (LA),Lyon,1,0,FINAL,6478060
2025-09-07,Hartwick,King's (PA),3,3,FINAL,6472812
2025-09-07,Bluffton,Asbury,0,2,FINAL,6474188
2025-09-07,Transylvania,Mount Union,2,2,FINAL,6478249
2025-09-07,Yeshiva,Mt. St. Mary (NY),1,1,FINAL,6478329
2025-09-07,Concordia Wisconsin,Wis.-Stout,1,0,FINAL,6472748
2025-09-07,Augsburg,Wartburg,1,0,FINAL,6475006
2025-09-07,Saint John's (MN),Bethany Lutheran,2,0,FINAL,6476205
2025-09-07,Macalester,Luther,0,1,FINAL,6476653
2025-09-07,Salisbury,Washington Col.,0,1,FINAL,6477240
2025-09-07,Eureka,Grinnell,1,2,FINAL,6477686
2025-09-07,Webster,Elmhurst,0,1,FINAL,6477744
2025-09-07,Edgewood,Wis.-Eau Claire,1,1,FINAL,6477869
2025-09-07,Lakeland,Martin Luther,2,0,FINAL,6478139
2025-09-07,St. Norbert,Carthage,2,1,FINAL,6474407
2025-09-07,Pacific Lutheran,UC Santa Cruz,2,1,FINAL,6473177
2025-09-07,Texas Lutheran,Howard Payne,5,0,FINAL,6473391
2025-09-07,Carroll (WI),St. Olaf,0,5,FINAL,6475226
2025-09-07,Va. Wesleyan,Wm. Paterson,1,0,FINAL,6477078
2025-09-07,Montclair St.,Manhattanville,1,0,FINAL,6474793
2025-09-07,UW-River Falls,Concordia-M'head,4,2,FINAL,6475815
2025-09-07,Trinity (TX),Kalamazoo,3,0,FINAL,6478229
2025-09-08,Schreiner,Marymount (VA),0,3,FINAL,6477804
2025-09-08,Hunter,New Jersey City,1,0,FINAL,6476528
2025-09-08,Franklin,Hope,0,10,FINAL,6478204
2025-09-08,Simpson,North Central (MN),2,0,FINAL,6476894
2025-09-08,NYU,Stockton,1,2,FINAL,6474295
2025-09-08,Immaculata,Elizabethtown,0,1,FINAL,6474376
2025-09-08,Sarah Lawrence,Medgar Evers,4,0,FINAL,6476155
2025-09-08,North Park,Trine,3,1,FINAL,6477291
2025-09-09,Mitchell,Hartford,1,2,FINAL,6473663
2025-09-09,Pfeiffer,Piedmont,2,1,FINAL,6473529
2025-09-09,Dean,WPI,1,1,FINAL,6474152
2025-09-09,Middlebury,St. Lawrence,2,0,FINAL,6472843
2025-09-09,Lasell,Me.-Farmington,4,2,FINAL,6472979
2025-09-09,Gordon,Babson,1,3,FINAL,6477439
2025-09-09,Centenary (NJ),Wm. Paterson,0,5,FINAL,6478420
2025-09-09,Hamilton,Williams,0,1,FINAL,6473039
2025-09-09,Knox,Augustana (IL),1,2,FINAL,6473337
2025-09-09,Bethel (MN),Bethany Lutheran,2,2,FINAL,6478558
2025-09-09,Methodist,Roanoke,1,0,FINAL,6473968
2025-09-09,Merchant Marine,Connecticut Col.,0,2,FINAL,6474037
2025-09-09,MIT,Roger Williams,1,2,FINAL,6474061
2025-09-09,William Peace,Guilford,3,0,FINAL,6474219
2025-09-09,Central (IA),St. Olaf,0,5,FINAL,6475229
2025-09-09,Coe,Wis.-Platteville,0,0,FINAL,6475388
2025-09-09,Coast Guard,Eastern Conn. St.,2,1,FINAL,6476248
2025-09-09,Penn College,Elmira,0,1,FINAL,6477363
2025-09-09,Emerson,Wentworth,1,1,FINAL,6477508
2025-09-09,Salve Regina,JWU (Providence),1,1,FINAL,6478316
2025-09-09,UMSV,CCNY,4,0,FINAL,6496409
2025-09-09,Plymouth St.,Salem St.,0,3,FINAL,6475852
2025-09-09,FDU-Florham,Saint Elizabeth,0,0,FINAL,6472952
2025-09-09,Rose-Hulman,DePauw,0,2,FINAL,6473422
2025-09-09,Framingham St.,UMass Dartmouth,4,2,FINAL,6473834
2025-09-09,Bowdoin,Husson,4,0,FINAL,6474121
2025-09-09,WestConn,Wesleyan (CT),0,1,FINAL,6474249
2025-09-09,Penn St.-Berks,Alvernia,0,2,FINAL,6474306
2025-09-09,Bates,U New England,4,0,FINAL,6474391
2025-09-09,Neumann,Widener,3,0,FINAL,6474810
2025-09-09,Emmanuel (MA),Suffolk,2,2,FINAL,6475304
2025-09-09,Trinity (CT),Saint Joseph (CT),2,0,FINAL,6476408
2025-09-09,Rutgers-Camden,Arcadia,1,0,FINAL,6476705
2025-09-09,Colby-Sawyer,VTSU Lyndon,8,0,FINAL,6477668
2025-09-09,Springfield,Curry,6,2,FINAL,6477908
2025-09-09,Bridgewater St.,Brandeis,1,2,FINAL,6478085
2025-09-09,Purchase,Pratt,2,1,FINAL,6478101
2025-09-09,Baldwin Wallace,Thiel,1,0,FINAL,6478281
2025-09-09,Colby,Southern Me.,2,1,FINAL,6475672
2025-09-09,St. Norbert,Wis.-Stevens Point,0,2,FINAL,6474412
2025-09-09,Illinois Col.,Principia,7,0,FINAL,6477975
2025-09-09,Hardin-Simmons,Concordia (TX),0,1,FINAL,6476755
2025-09-10,Penn St.-Abington,Haverford,0,0,FINAL,6477894
2025-09-10,Muskingum,Pitt.-Greensburg,1,2,FINAL,6496516
2025-09-10,York (NY),SUNY Maritime,0,3,FINAL,6472894
2025-09-10,Skidmore,Plattsburgh St.,2,2,FINAL,6473583
2025-09-10,Aurora,Greenville,1,1,FINAL,6474589
2025-09-10,Pitt.-Bradford,Keystone,2,0,FINAL,6473125
2025-09-10,La Roche,Westminster (PA),2,0,FINAL,6473364
2025-09-10,SUNY Geneseo,Allegheny,3,1,FINAL,6473945
2025-09-10,Notre Dame (MD),Immaculata,1,2,FINAL,6474387
2025-09-10,RIT,St. John Fisher,3,0,FINAL,6474631
2025-09-10,Lebanon Valley,Gettysburg,2,0,FINAL,6474749
2025-09-10,Scranton,Kean,4,0,FINAL,6475187
2025-09-10,Rowan,Cortland,1,0,FINAL,6475454
2025-09-10,Penn St.-Behrend,Grove City,1,0,FINAL,6475761
2025-09-10,SUNY Delhi,SUNY Morrisville,1,0,FINAL,6476141
2025-09-10,Western New Eng.,Wheaton (MA),1,2,FINAL,6476519
2025-09-10,Gwynedd Mercy,Lancaster Bible,1,7,FINAL,6477407
2025-09-10,Hood,Marymount (VA),2,3,FINAL,6477806
2025-09-10,Goucher,Wilson,2,0,FINAL,6478033
2025-09-10,Rockford,Beloit,1,1,FINAL,6473156
2025-09-10,Vassar,SUNY New Paltz,3,3,FINAL,6473208
2025-09-10,Greensboro,Averett,0,2,FINAL,6473640
2025-09-10,Alfred,Marywood,3,1,FINAL,6472925
2025-09-10,Wooster,Heidelberg,6,0,FINAL,6473284
2025-09-10,Wabash,Anderson (IN),1,2,FINAL,6473746
2025-09-10,Farmingdale St.,Baruch,4,3,FINAL,6473879
2025-09-10,Trine,Bluffton,3,3,FINAL,6474195
2025-09-10,Saint Mary's (MN),Simpson,2,2,FINAL,6474473
2025-09-10,Marietta,Mt. St. Joseph,3,2,FINAL,6474518
2025-09-10,Elizabethtown,Stevenson,1,2,FINAL,6474603
2025-09-10,Lehman,Old Westbury,2,0,FINAL,6475113
2025-09-10,Nichols,Mass. Maritime,1,1,FINAL,6477993
2025-09-10,SUNY Cobleskill,Mt. St. Mary (NY),2,1,FINAL,6478161
2025-09-10,Blackburn,Ill. Wesleyan,1,4,FINAL,6478165
2025-09-10,Concordia Wisconsin,Loras,1,5,FINAL,6472750
2025-09-10,Spalding,Earlham,2,1,FINAL,6475986
2025-09-10,Grinnell,Carleton,2,4,FINAL,6478067
2025-09-10,Tufts,UMass Boston,2,0,FINAL,6473483
2025-09-10,Rivier,MCLA,0,1,FINAL,6473694
2025-09-10,Fitchburg St.,New England Col.,3,1,FINAL,6474035
2025-09-10,SUNY Poly,Union (NY),0,1,FINAL,6474888
2025-09-10,Augsburg,Wis.-Eau Claire,1,0,FINAL,6475008
2025-09-10,SUNY Potsdam,Keuka,3,2,FINAL,6475966
2025-09-10,St. Joseph's (L.I.),New Jersey City,1,0,FINAL,6476531
2025-09-10,Brooklyn,St. Joseph's (Brkln),3,0,FINAL,6476604
2025-09-10,Clarkson,SUNY Canton,1,0,FINAL,6476858
2025-09-10,Misericordia,Ithaca,1,2,FINAL,6478168
2025-09-10,Dickinson,Messiah,3,0,FINAL,6478224
2025-09-10,Minn.-Morris,Concordia-M'head,3,3,FINAL,6478342
2025-09-10,Franklin,Asbury,0,4,FINAL,6475091
2025-09-10,Keene St.,Rensselaer,2,1,FINAL,6473787
2025-09-10,Geneva,Mount Aloysius,1,2,FINAL,6472721
2025-09-10,Southern Va.,East. Mennonite,2,2,FINAL,6473719
2025-09-10,Penn St. Harrisburg,Wilkes,4,0,FINAL,6473999
2025-09-10,Buffalo St.,SUNY Brockport,6,2,FINAL,6474086
2025-09-10,St. Mary's (MD),Johns Hopkins,3,3,FINAL,6474564
2025-09-10,Elms,Lesley,8,1,FINAL,6474709
2025-09-10,Moravian,Montclair St.,0,0,FINAL,6474795
2025-09-10,Oswego St.,Rochester (NY),0,2,FINAL,6475149
2025-09-10,Rutgers-Newark,Eastern,4,3,FINAL,6475282
2025-09-10,Penn St.-Altoona,Saint Vincent,1,2,FINAL,6475670
2025-09-10,Utica,Hobart,1,2,FINAL,6476057
2025-09-10,York (PA),Susquehanna,2,0,FINAL,6476084
2025-09-10,Wittenberg,Otterbein,1,1,FINAL,6476105
2025-09-10,Hampden-Sydney,Mary Washington,3,0,FINAL,6476328
2025-09-10,Delaware Valley,Cairn,2,1,FINAL,6477187
2025-09-10,Ohio Wesleyan,Carnegie Mellon,1,1,FINAL,6477352
2025-09-10,Albright,McDaniel,0,3,FINAL,6477459
2025-09-10,Muhlenberg,DeSales,3,0,FINAL,6477651
2025-09-10,Regis (MA),Westfield St.,1,3,FINAL,6477793
2025-09-10,Randolph,Mary Baldwin,4,0,FINAL,6477840
2025-09-10,Amherst,Albertus Magnus,3,1,FINAL,6478044
2025-09-10,Clark (MA),Rhode Island Col.,0,3,FINAL,6478255
2025-09-10,Houghton,Alfred St.,0,4,FINAL,6475197
2025-09-10,CWRU,Oberlin,3,0,FINAL,6475421
2025-09-10,Bard,Sarah Lawrence,2,0,FINAL,6475783
2025-09-10,Juniata,Chatham,2,0,FINAL,6475922
2025-09-10,Franciscan,Kenyon,0,1,FINAL,6478359
2025-09-10,Marian (WI),Carroll (WI),1,3,FINAL,6473152
2025-09-10,Wheaton (IL),UChicago,0,0,FINAL,6473181
2025-09-10,Northwestern-St. Paul,Wis.-Stout,4,2,FINAL,6473554
2025-09-10,Wis.-Superior,Macalester,1,2,FINAL,6474327
2025-09-10,MSOE,North Park,0,2,FINAL,6474340
2025-09-10,Crown (MN),Hamline,1,3,FINAL,6476869
2025-09-10,Belhaven,Oglethorpe,1,4,FINAL,6477211
2025-09-10,Eureka,Monmouth (IL),1,2,FINAL,6477688
2025-09-10,Wis. Lutheran,Lake Forest,0,4,FINAL,6477709
2025-09-10,Lakeland,Lawrence,4,1,FINAL,6478140
2025-09-10,Elmhurst,Dominican (IL),1,1,FINAL,6478346
2025-09-10,Coe,Cornell College,2,1,FINAL,6495898
2025-09-10,Sewanee,Maryville (TN),3,3,FINAL,6477164
2025-09-10,North Central (IL),Benedictine (IL),1,1,FINAL,6477963
2025-09-10,La Verne,Chapman,1,0,FINAL,6477762
2025-09-11,Transylvania,Wilmington (OH),1,3,FINAL,6474287
2025-09-11,Concordia Chicago,Wis.-Stevens Point,1,4,FINAL,6477951
2025-09-11,North Central (MN),Saint John's (MN),0,7,FINAL,6476210
2025-09-11,UW-River Falls,St. Scholastica,2,2,FINAL,6475817
2025-09-11,Mount Union,Hiram,1,0,FINAL,6476920
2025-09-11,Ramapo,WestConn,2,0,FINAL,6477390
2025-09-11,John Carroll,Baldwin Wallace,2,2,FINAL,6478115
2025-09-11,Yeshiva,Manhattanville,2,2,FINAL,6478330
2025-09-11,McMurry,East Tex. Baptist,4,3,FINAL,6477920
2025-09-11,St. Thomas (TX),Mary Hardin-Baylor,3,1,FINAL,6476488
2025-09-11,Hardin-Simmons,Centenary (LA),4,2,FINAL,6476756
2025-09-11,Howard Payne,Schreiner,1,3,FINAL,6496430
2025-09-12,Dubuque,Bethany Lutheran,3,3,FINAL,6473067
2025-09-12,N.C. Wesleyan,Roanoke,1,3,FINAL,6473972
2025-09-12,Immaculata,Goucher,0,1,FINAL,6474393
2025-09-12,LaGrange,Methodist,2,2,FINAL,6475368
2025-09-12,Hilbert,Thiel,1,2,FINAL,6475902
2025-09-12,Rhodes,WashU,1,2,FINAL,6472870
2025-09-12,Hamline,Coe,3,0,FINAL,6474912
2025-09-12,Emory,Maryville (TN),7,1,FINAL,6475775
2025-09-12,Rockford,Maranatha Baptist,1,2,FINAL,6477443
2025-09-12,Lake Forest,Illinois Tech,1,0,FINAL,6477711
2025-09-12,Grinnell,Bethel (MN),1,2,FINAL,6478068
2025-09-12,Purchase,Baruch,0,1,FINAL,6476025
2025-09-12,Merchant Marine,Coast Guard,2,1,FINAL,6476820
2025-09-12,SUNY Maritime,Centenary (NJ),3,0,FINAL,6472896
2025-09-12,Denison,Berea,6,0,FINAL,6473452
2025-09-12,Stevens,TCNJ,1,1,FINAL,6473865
2025-09-12,Covenant,Babson,2,2,FINAL,6475427
2025-09-12,Berry,LeTourneau,1,0,FINAL,6476323
2025-09-12,Gwynedd Mercy,Ursinus,1,3,FINAL,6477113
2025-09-12,Bridgewater St.,Mass. Maritime,1,3,FINAL,6477995
2025-09-12,Luther,Gustavus Adolphus,2,4,FINAL,6474251
2025-09-12,Wis.-Superior,St. Olaf,3,2,FINAL,6474334
2025-09-12,Texas Lutheran,Trinity (TX),0,1,FINAL,6473393
2025-09-12,Southwestern (TX),Concordia (TX),0,0,FINAL,6477025
2025-09-12,George Fox,Willamette,1,1,FINAL,6476294
2025-09-12,Pacific (OR),Linfield,1,0,FINAL,6478274
2025-09-13,Russell Sage,SUNY Brockport,2,1,FINAL,6477032
2025-09-13,SUNY Poly,Mt. St. Mary (NY),0,0,FINAL,6478331
2025-09-13,Penn St. Harrisburg,FDU-Florham,0,2,FINAL,6496500
2025-09-13,Plattsburgh St.,Union (NY),1,0,FINAL,6496483
2025-09-13,Oberlin,Calvin,1,2,FINAL,6474493
2025-09-13,Schreiner,East Tex. Baptist,2,5,FINAL,6477921
2025-09-13,New England Col.,Regis (MA),1,2,FINAL,6477560
2025-09-13,Framingham St.,Worcester St.,1,2,FINAL,6478153
2025-09-13,Manhattanville,SUNY New Paltz,0,2,FINAL,6473209
2025-09-13,Wis.-Stout,Minn.-Morris,0,1,FINAL,6473556
2025-09-13,Farmingdale St.,St. Joseph's (Brkln),2,2,FINAL,6473889
2025-09-13,Bowdoin,Connecticut Col.,1,1,FINAL,6474039
2025-09-13,Westfield St.,Fitchburg St.,4,0,FINAL,6474041
2025-09-13,Emmanuel (MA),Rivier,1,1,FINAL,6475306
2025-09-13,St. Joseph's (L.I.),Cortland,0,3,FINAL,6475459
2025-09-13,John Jay,Sarah Lawrence,2,3,FINAL,6476268
2025-09-13,MIT,Brandeis,1,1,FINAL,6476582
2025-09-13,Beloit,Concordia Wisconsin,2,2,FINAL,6472752
2025-09-13,Me.-Farmington,Bates,0,4,FINAL,6472981
2025-09-13,Hanover,DePauw,2,2,FINAL,6473010
2025-09-13,Randolph-Macon,Wash. & Jeff.,2,0,FINAL,6473098
2025-09-13,CWRU,Wooster,1,1,FINAL,6473286
2025-09-13,Ohio Wesleyan,Berea,2,0,FINAL,6473454
2025-09-13,MCLA,Roger Williams,0,4,FINAL,6473696
2025-09-13,Eastern Conn. St.,Keene St.,3,2,FINAL,6473790
2025-09-13,Southern Me.,UMass Dartmouth,1,1,FINAL,6473837
2025-09-13,Colby-Sawyer,Dean,2,3,FINAL,6474153
2025-09-13,Chris. Newport,Rutgers-Camden,1,0,FINAL,6474191
2025-09-13,Notre Dame (MD),Stockton,1,2,FINAL,6474304
2025-09-13,Montclair St.,WPI,4,0,FINAL,6474799
2025-09-13,Kean,Saint Elizabeth,2,0,FINAL,6475189
2025-09-13,Alfred St.,Fredonia,1,1,FINAL,6475204
2025-09-13,Moravian,Eastern,0,2,FINAL,6475464
2025-09-13,Rhode Island Col.,Plymouth St.,0,0,FINAL,6475853
2025-09-13,Manchester,Adrian,0,1,FINAL,6476014
2025-09-13,Valley Forge,Medgar Evers,0,1,FINAL,6476157
2025-09-13,Washington Col.,Mary Washington,3,2,FINAL,6476335
2025-09-13,New Jersey City,CCNY,2,1,FINAL,6476537
2025-09-13,Penn St.-Abington,Shenandoah,1,1,FINAL,6476989
2025-09-13,Va. Wesleyan,Hampden-Sydney,1,2,FINAL,6477082
2025-09-13,Trine,Ohio Northern,0,5,FINAL,6477293
2025-09-13,Hood,DeSales,1,2,FINAL,6477653
2025-09-13,Central (IA),St. Scholastica,0,0,FINAL,6477929
2025-09-13,Benedictine (IL),Hope,0,4,FINAL,6478205
2025-09-13,Nichols,JWU (Providence),0,1,FINAL,6478294
2025-09-13,Penn College,Saint Vincent,0,1,FINAL,6478383
2025-09-13,UMSV,Hunter,2,0,FINAL,6478535
2025-09-13,Widener,Emerson,1,2,FINAL,6496257
2025-09-13,Old Westbury,Brooklyn,3,0,FINAL,6475326
2025-09-13,Mount Aloysius,Lycoming,0,3,FINAL,6472723
2025-09-13,Wis.-Whitewater,Augsburg,1,2,FINAL,6472781
2025-09-13,Trinity (CT),Middlebury,0,1,FINAL,6472845
2025-09-13,Transylvania,Capital,3,1,FINAL,6473614
2025-09-13,Mitchell,Wilkes,1,3,FINAL,6473994
2025-09-13,Grove City,Buffalo St.,1,0,FINAL,6474090
2025-09-13,Wheaton (MA),Husson,6,1,FINAL,6474124
2025-09-13,Wesleyan (CT),Hamilton,2,2,FINAL,6474255
2025-09-13,Lawrence,St. Norbert,0,5,FINAL,6474420
2025-09-13,Stevenson,St. Mary's (MD),1,2,FINAL,6474565
2025-09-13,Elms,Lasell,5,5,FINAL,6474711
2025-09-13,Brevard,Centre,1,1,FINAL,6474742
2025-09-13,Macalester,Neb. Wesleyan,2,0,FINAL,6474985
2025-09-13,Otterbein,Geneva,3,2,FINAL,6475211
2025-09-13,Hartwick,SUNY Geneseo,1,2,FINAL,6475679
2025-09-13,Simpson,Bethel (MN),0,1,FINAL,6476642
2025-09-13,RIT,Clarkson,0,1,FINAL,6476860
2025-09-13,Curry,Gordon,1,2,FINAL,6478120
2025-09-13,Amherst,Williams,0,0,FINAL,6473041
2025-09-13,Allegheny,Nazareth,2,1,FINAL,6473946
2025-09-13,Western New Eng.,U New England,5,0,FINAL,6476521
2025-09-13,Monmouth (IL),Buena Vista,3,0,FINAL,6478078
2025-09-13,Cornell College,Augustana (IL),5,2,FINAL,6478183
2025-09-13,Gettysburg,Southern Va.,4,0,FINAL,6474753
2025-09-13,Skidmore,Springfield,2,1,FINAL,6474904
2025-09-13,Piedmont,Methodist,3,1,FINAL,6475144
2025-09-13,SUNY Canton,St. Lawrence,0,2,FINAL,6475355
2025-09-13,Saint Joseph (CT),St. Joseph's (ME),4,2,FINAL,6476410
2025-09-13,Catholic,Wash. & Lee,1,1,FINAL,6476624
2025-09-13,Cairn,Lebanon Valley,1,3,FINAL,6476685
2025-09-13,Wentworth,Endicott,1,2,FINAL,6476838
2025-09-13,Muskingum,Hiram,4,1,FINAL,6476923
2025-09-13,Marywood,Ramapo,1,4,FINAL,6477392
2025-09-13,Wilson,Albright,0,0,FINAL,6477463
2025-09-13,Eureka,Concordia Chicago,3,0,FINAL,6477690
2025-09-13,McDaniel,Randolph,3,0,FINAL,6477842
2025-09-13,Albion,Franklin,7,0,FINAL,6478022
2025-09-13,Colorado Col.,Carroll (WI),2,0,FINAL,6478051
2025-09-13,Dickinson,Alvernia,5,1,FINAL,6478225
2025-09-13,La Roche,Bethany (WV),1,1,FINAL,6473814
2025-09-13,Mary Baldwin,Guilford,1,5,FINAL,6474371
2025-09-13,Albertus Magnus,Norwich,1,0,FINAL,6474592
2025-09-13,Lehman,Delaware Valley,3,2,FINAL,6475115
2025-09-13,Colby,Tufts,0,0,FINAL,6475677
2025-09-13,Maine Maritime,SUNY Cobleskill,1,1,FINAL,6475941
2025-09-13,Thomas (ME),SUNY Delhi,4,1,FINAL,6476998
2025-09-13,Ithaca,King's (PA),1,0,FINAL,6472813
2025-09-13,Rose-Hulman,Millikin,5,0,FINAL,6473424
2025-09-13,Alma,Bluffton,3,1,FINAL,6474202
2025-09-13,Penn St.-Berks,Pitt.-Greensburg,1,4,FINAL,6474315
2025-09-13,Elmira,St. John Fisher,3,3,FINAL,6474640
2025-09-13,Johns Hopkins,Rutgers-Newark,1,1,FINAL,6475284
2025-09-13,Chatham,Penn St.-Behrend,1,2,FINAL,6475759
2025-09-13,Susquehanna,Haverford,0,1,FINAL,6476086
2025-09-13,Vassar,SUNY Oneonta,3,1,FINAL,6476350
2025-09-13,Olivet,Anderson (IN),2,2,FINAL,6476562
2025-09-13,Salisbury,Messiah,4,0,FINAL,6477242
2025-09-13,Juniata,Swarthmore,1,1,FINAL,6477276
2025-09-13,Lancaster Bible,York (PA),0,2,FINAL,6477409
2025-09-13,Bridgewater (VA),William Peace,4,2,FINAL,6477820
2025-09-13,Loras,Bethany Lutheran,3,0,FINAL,6478004
2025-09-13,Rensselaer,Oswego St.,1,0,FINAL,6478186
2025-09-13,Scranton,Rowan,1,1,FINAL,6478237
2025-09-13,Anna Maria,Salem St.,4,4,FINAL,6476119
2025-09-13,Carnegie Mellon,John Carroll,3,0,FINAL,6478116
2025-09-13,Ill. Wesleyan,Kalamazoo,1,0,FINAL,6478167
2025-09-13,Knox,Dominican (IL),1,0,FINAL,6473339
2025-09-13,Hartford,Suffolk,0,2,FINAL,6473665
2025-09-13,Saint Mary's (MN),Coe,1,1,FINAL,6474475
2025-09-13,Neumann,Muhlenberg,2,2,FINAL,6474813
2025-09-13,Mt. St. Joseph,Spalding,2,4,FINAL,6475988
2025-09-13,LeTourneau,Maryville (TN),2,2,FINAL,6477080
2025-09-13,VTSU Castleton,WestConn,1,2,FINAL,6477140
2025-09-13,UC Santa Cruz,Caltech,1,0,FINAL,6478368
2025-09-13,Wartburg,MSOE,1,2,FINAL,6474347
2025-09-13,Marietta,Franciscan,1,2,FINAL,6474522
2025-09-13,Alfred,Keuka,2,0,FINAL,6472927
2025-09-13,Marymount (VA),East. Mennonite,2,3,FINAL,6477809
2025-09-13,Howard Payne,Centenary (LA),2,2,FINAL,6478541
2025-09-13,Baldwin Wallace,Waynesburg,0,1,FINAL,6473901
2025-09-13,Franklin & Marshall,Elizabethtown,1,0,FINAL,6474611
2025-09-13,Rochester (NY),Hobart,1,1,FINAL,6475151
2025-09-13,Berry,Emory,1,3,FINAL,6475779
2025-09-13,Pratt,Bard,0,2,FINAL,6475784
2025-09-13,Illinois Col.,Webster,2,0,FINAL,6477745
2025-09-13,SUNY Morrisville,Utica,0,2,FINAL,6476142
2025-09-13,Wheaton (IL),Dubuque,2,1,FINAL,6473069
2025-09-13,UChicago,Aurora,2,0,FINAL,6473255
2025-09-13,Wis.-Platteville,Edgewood,0,1,FINAL,6475392
2025-09-13,Wis.-Eau Claire,Elmhurst,3,0,FINAL,6477939
2025-09-13,Austin,Mary Hardin-Baylor,0,3,FINAL,6477045
2025-09-13,Redlands,Pomona-Pitzer,2,2,FINAL,6476918
2025-09-14,St. Olaf,Neb. Wesleyan,6,0,FINAL,6474986
2025-09-14,NYU,Misericordia,4,0,FINAL,6476392
2025-09-14,CWRU,Allegheny,5,0,FINAL,6473948
2025-09-14,Chris. Newport,Hampden-Sydney,3,1,FINAL,6474197
2025-09-14,Hamline,Grinnell,4,2,FINAL,6474915
2025-09-14,Manhattanville,Cortland,0,4,FINAL,6475463
2025-09-14,Va. Wesleyan,Rutgers-Camden,1,0,FINAL,6477086
2025-09-14,Oglethorpe,Babson,0,1,FINAL,6477450
2025-09-14,Centenary (NJ),Keystone,4,0,FINAL,6473127
2025-09-14,Tufts,Husson,6,0,FINAL,6474128
2025-09-14,Warren Wilson,Centre,0,3,FINAL,6477155
2025-09-14,Thomas (ME),SUNY Cobleskill,5,0,FINAL,6477001
2025-09-14,Southwestern (TX),Texas Lutheran,1,0,FINAL,6473395
2025-09-14,Wis.-Stout,Ripon,0,3,FINAL,6473558
2025-09-14,Loras,Kalamazoo,4,0,FINAL,6478005
2025-09-14,Hanover,Kenyon,0,1,FINAL,6473012
2025-09-14,Maine Maritime,SUNY Delhi,0,0,FINAL,6475942
2025-09-14,Yeshiva,Purchase,3,0,FINAL,6478339
2025-09-14,N.C. Wesleyan,Averett,2,1,FINAL,6473641
2025-09-14,MUW,LaGrange,1,6,FINAL,6476043
2025-09-14,Alma,Anderson (IN),2,3,FINAL,6477256
2025-09-14,Ozarks (AR),Lyon,2,2,FINAL,6478061
2025-09-14,Wis. Lutheran,Knox,1,2,FINAL,6473340
2025-09-14,North Central (IL),Illinois Tech,2,0,FINAL,6477964
2025-09-14,Stockton,Drew,1,3,FINAL,6496457
2025-09-14,Willamette,Linfield,2,1,FINAL,6476295
2025-09-14,Pacific (OR),George Fox,1,1,FINAL,6476800
2025-09-14,Trinity (TX),Concordia (TX),3,0,FINAL,6477528
2025-09-15,York (NY),Medgar Evers,1,1,FINAL,6476159
2025-09-15,New Jersey City,John Jay,3,0,FINAL,6476546
2025-09-15,Delaware Valley,Valley Forge,5,1,FINAL,6477189
2025-09-15,VTSU Castleton,SUNY Potsdam,1,0,FINAL,6475968
2025-09-15,UW-River Falls,Saint John's (MN),1,2,FINAL,6475819
2025-09-15,WestConn,Lehman,0,0,FINAL,6475117
2025-09-15,Clark (MA),Nichols,5,0,FINAL,6478295
2025-09-16,Greenville,Wheaton (IL),2,1,FINAL,6473183
2025-09-16,Eastern,Ursinus,0,0,FINAL,6476961
2025-09-16,Me.-Farmington,VTSU Lyndon,10,0,FINAL,6472983
2025-09-16,U New England,UMass Boston,0,5,FINAL,6473485
2025-09-16,MCLA,Russell Sage,0,2,FINAL,6473698
2025-09-16,Connecticut Col.,Salve Regina,1,0,FINAL,6474042
2025-09-16,Fitchburg St.,Emmanuel (MA),1,2,FINAL,6474048
2025-09-16,SUNY Canton,Norwich,1,1,FINAL,6474596
2025-09-16,Framingham St.,Elms,4,1,FINAL,6474712
2025-09-16,VTSU-Johnson,Plymouth St.,1,3,FINAL,6475855
2025-09-16,Hobart,SUNY Brockport,4,1,FINAL,6476061
2025-09-16,Earlham,Wittenberg,0,2,FINAL,6476736
2025-09-16,Gordon,Emerson,0,2,FINAL,6478215
2025-09-16,Nazareth,Fredonia,1,1,FINAL,6478425
2025-09-16,McDaniel,Goucher,2,1,FINAL,6478435
2025-09-16,Wheaton (MA),Bridgewater St.,4,1,FINAL,6495850
2025-09-16,Williams,Union (NY),2,0,FINAL,6473043
2025-09-16,SUNY Oneonta,Hartwick,6,1,FINAL,6475686
2025-09-16,Haverford,Rowan,2,0,FINAL,6477895
2025-09-16,Beloit,Wis.-Whitewater,0,2,FINAL,6472783
2025-09-16,WashU,North Park,2,1,FINAL,6472872
2025-09-16,Belhaven,Rhodes,1,1,FINAL,6477216
2025-09-16,Eureka,Maranatha Baptist,2,1,FINAL,6477691
2025-09-16,Pitt.-Bradford,Penn College,0,1,FINAL,6478468
2025-09-16,Keene St.,Endicott,2,1,FINAL,6473792
2025-09-16,Bowdoin,Bates,0,2,FINAL,6474398
2025-09-16,Sewanee,Covenant,3,2,FINAL,6475436
2025-09-16,Coast Guard,Worcester St.,1,0,FINAL,6478154
2025-09-16,Brooklyn,Purchase,2,1,FINAL,6478199
2025-09-16,Principia,Millikin,1,3,FINAL,6477976
2025-09-16,Wilkes,King's (PA),1,1,FINAL,6472815
2025-09-16,Millsaps,Huntingdon,2,1,FINAL,6473313
2025-09-16,Albertus Magnus,Hartford,4,1,FINAL,6473667
2025-09-16,UMass Dartmouth,Mitchell,5,1,FINAL,6473839
2025-09-16,Roanoke,William Peace,1,0,FINAL,6473975
2025-09-16,Buffalo St.,Houghton,4,0,FINAL,6474095
2025-09-16,Penn St.-Berks,DeSales,1,6,FINAL,6474320
2025-09-16,Lycoming,Gettysburg,1,0,FINAL,6474757
2025-09-16,WPI,Skidmore,1,2,FINAL,6474908
2025-09-16,Susquehanna,Penn St. Harrisburg,3,2,FINAL,6475571
2025-09-16,Colby,St. Joseph's (ME),3,1,FINAL,6475683
2025-09-16,Springfield,Saint Joseph (CT),3,2,FINAL,6476412
2025-09-16,Widener,Swarthmore,0,1,FINAL,6477227
2025-09-16,Washington Col.,Catholic,2,2,FINAL,6477539
2025-09-16,Suffolk,Mass. Maritime,3,0,FINAL,6477611
2025-09-16,Wesleyan (CT),Brandeis,1,2,FINAL,6474259
2025-09-16,Wis.-Platteville,Dubuque,3,1,FINAL,6473070
2025-09-16,Augustana (IL),Central (IA),1,2,FINAL,6478185
2025-09-16,Hendrix,Westminster (MO),4,1,FINAL,6496561
2025-09-17,Baldwin Wallace,Wooster,1,2,FINAL,6473288
2025-09-17,Centenary (NJ),Cairn,0,3,FINAL,6477624
2025-09-17,Lasell,Nichols,0,2,FINAL,6478296
2025-09-17,Minn.-Morris,Bethany Lutheran,0,6,FINAL,6478377
2025-09-17,Dean,Salem St.,2,1,FINAL,6474155
2025-09-17,Old Westbury,Bard,1,4,FINAL,6475330
2025-09-17,York (NY),Sarah Lawrence,2,2,FINAL,6478151
2025-09-17,Gwynedd Mercy,FDU-Florham,1,5,FINAL,6472956
2025-09-17,SUNY New Paltz,Stevens,2,1,FINAL,6473211
2025-09-17,Moravian,Kean,4,1,FINAL,6475191
2025-09-17,SUNY Geneseo,Alfred St.,1,1,FINAL,6475207
2025-09-17,Manhattanville,Rutgers-Newark,1,2,FINAL,6475286
2025-09-17,Wilson,Penn St.-Altoona,2,0,FINAL,6475674
2025-09-17,Hilbert,Keuka,6,1,FINAL,6475904
2025-09-17,Rockford,Concordia Chicago,4,3,FINAL,6477445
2025-09-17,Immaculata,Albright,0,2,FINAL,6477468
2025-09-17,Marywood,Oswego St.,0,3,FINAL,6477639
2025-09-17,Bridgewater (VA),East. Mennonite,0,0,FINAL,6477822
2025-09-17,Bethany (WV),Muskingum,2,5,FINAL,6477883
2025-09-17,Regis (MA),Curry,2,2,FINAL,6478121
2025-09-17,Blackburn,Anderson (IN),0,1,FINAL,6478539
2025-09-17,Marietta,CWRU,0,3,FINAL,6474529
2025-09-17,St. Lawrence,SUNY Potsdam,8,1,FINAL,6475357
2025-09-17,Olivet,Manchester,1,0,FINAL,6476015
2025-09-17,Hamilton,SUNY Poly,3,0,FINAL,6478093
2025-09-17,Concordia Wisconsin,Benedictine (IL),0,4,FINAL,6472754
2025-09-17,Bethel (MN),Saint Mary's (MN),4,3,FINAL,6474477
2025-09-17,Hamline,Concordia-M'head,4,1,FINAL,6474923
2025-09-17,St. Olaf,Carleton,4,3,FINAL,6475233
2025-09-17,Beloit,Wis.-Stout,2,1,FINAL,6473157
2025-09-17,Wis.-Superior,North Central (MN),4,0,FINAL,6474342
2025-09-17,Crown (MN),Martin Luther,9,2,FINAL,6476871
2025-09-17,Lake Forest,Elmhurst,4,1,FINAL,6477713
2025-09-17,Pfeiffer,Randolph,2,0,FINAL,6473531
2025-09-17,TCNJ,Arcadia,0,0,FINAL,6473867
2025-09-17,Roger Williams,Babson,1,0,FINAL,6474066
2025-09-17,St. John Fisher,Rochester (NY),1,3,FINAL,6474643
2025-09-17,WestConn,Western New Eng.,2,0,FINAL,6476523
2025-09-17,MIT,Wentworth,3,1,FINAL,6476584
2025-09-17,Mt. St. Mary (NY),John Jay,2,1,FINAL,6478128
2025-09-17,Ill. Wesleyan,Illinois Col.,1,1,FINAL,6478169
2025-09-17,Southern Me.,Husson,1,1,FINAL,6474135
2025-09-17,Mount Aloysius,Westminster (PA),3,0,FINAL,6472725
2025-09-17,SUNY Maritime,Yeshiva,1,1,FINAL,6472897
2025-09-17,Asbury,Hanover,0,4,FINAL,6473014
2025-09-17,Averett,Randolph-Macon,0,0,FINAL,6473100
2025-09-17,UChicago,Hope,1,1,FINAL,6473257
2025-09-17,Plattsburgh St.,Clarkson,1,1,FINAL,6473587
2025-09-17,Saint Vincent,La Roche,1,1,FINAL,6473816
2025-09-17,Bluffton,Wilmington (OH),0,2,FINAL,6474211
2025-09-17,Otterbein,Denison,3,3,FINAL,6474515
2025-09-17,Cortland,Ithaca,0,0,FINAL,6475466
2025-09-17,York (PA),Franklin & Marshall,1,1,FINAL,6475511
2025-09-17,Marymount (VA),Stevenson,2,1,FINAL,6475623
2025-09-17,Delaware Valley,Saint Elizabeth,4,1,FINAL,6475721
2025-09-17,Penn St.-Behrend,John Carroll,2,3,FINAL,6475913
2025-09-17,Chatham,Carnegie Mellon,0,1,FINAL,6475924
2025-09-17,Lynchburg,Mary Washington,1,0,FINAL,6476192
2025-09-17,Johns Hopkins,Lebanon Valley,1,2,FINAL,6476443
2025-09-17,Hunter,St. Joseph's (Brkln),4,0,FINAL,6476606
2025-09-17,Merchant Marine,St. Joseph's (L.I.),3,0,FINAL,6476822
2025-09-17,Hiram,Mt. St. Joseph,2,0,FINAL,6476929
2025-09-17,Shenandoah,Dickinson,0,1,FINAL,6476990
2025-09-17,Rutgers-Camden,Salisbury,1,2,FINAL,6477244
2025-09-17,Ohio Wesleyan,Ohio Northern,1,1,FINAL,6477354
2025-09-17,Westfield St.,Rivier,4,0,FINAL,6477782
2025-09-17,Chapman,Caltech,2,1,FINAL,6477878
2025-09-17,Wash. & Jeff.,Pitt.-Greensburg,2,0,FINAL,6478240
2025-09-17,Rhode Island Col.,JWU (Providence),3,3,FINAL,6478258
2025-09-17,LaGrange,Oglethorpe,0,1,FINAL,6478288
2025-09-17,Anna Maria,Amherst,0,5,FINAL,6478299
2025-09-17,Misericordia,Muhlenberg,1,1,FINAL,6478389
2025-09-17,Wm. Paterson,Drew,1,2,FINAL,6478421
2025-09-17,Scranton,Penn St.-Abington,3,0,FINAL,6478444
2025-09-17,Pomona-Pitzer,Cal Lutheran,0,0,FINAL,6478475
2025-09-17,Franklin,Heidelberg,4,0,FINAL,6478482
2025-09-17,Oberlin,Allegheny,1,3,FINAL,6473950
2025-09-17,Stockton,Neumann,2,2,FINAL,6474309
2025-09-17,Messiah,Elizabethtown,3,0,FINAL,6474616
2025-09-17,CCNY,Pratt,1,1,FINAL,6478102
2025-09-17,Franciscan,Mount Union,0,1,FINAL,6478209
2025-09-17,Marian (WI),St. Norbert,0,5,FINAL,6473154
2025-09-17,Coe,Knox,1,2,FINAL,6473342
2025-09-17,MSOE,Dominican (IL),3,0,FINAL,6474354
2025-09-17,Aurora,Illinois Tech,4,0,FINAL,6474594
2025-09-17,Lakeland,Edgewood,0,7,FINAL,6477872
2025-09-17,Augsburg,Gustavus Adolphus,1,0,FINAL,6475010
2025-09-17,Ripon,Wis.-Stevens Point,0,4,FINAL,6478362
2025-09-17,La Verne,Occidental,3,3,FINAL,6474820
2025-09-17,Whittier,Claremont-M-S,1,1,FINAL,6478270
2025-09-18,Covenant,Berry,1,4,FINAL,6475439
2025-09-18,Lehman,New Jersey City,1,1,FINAL,6475120
2025-09-18,Hampden-Sydney,N.C. Wesleyan,2,0,FINAL,6478180
2025-09-18,Howard Payne,McMurry,0,0,FINAL,6478509
2025-09-18,Mary Hardin-Baylor,Concordia (TX),3,1,FINAL,6477046
2025-09-18,LeTourneau,Southwestern (TX),1,4,FINAL,6477084
2025-09-18,Hardin-Simmons,Trinity (TX),0,2,FINAL,6476758
2025-09-18,East Tex. Baptist,Austin,3,2,FINAL,6477922
2025-09-18,Redlands,UC Santa Cruz,3,1,FINAL,6476922
2025-09-19,Piedmont,Warren Wilson,4,3,FINAL,6496587
2025-09-19,Hanover,Wabash,2,1,FINAL,6473016
2025-09-19,Gallaudet,Mary Baldwin,0,3,FINAL,6475837
2025-09-19,Wm. Paterson,Brooklyn,3,0,FINAL,6496583
2025-09-19,Hope,Grove City,0,2,FINAL,6478206
2025-09-19,MCLA,Bridgewater St.,2,3,FINAL,6473699
2025-09-19,Wilmington (OH),Adrian,3,0,FINAL,6474289
2025-09-19,Norwich,Saint Joseph (CT),0,1,FINAL,6474605
2025-09-19,Hartwick,Nazareth,0,1,FINAL,6475692
2025-09-19,DePauw,Centre,3,0,FINAL,6475746
2025-09-19,Simpson,Cornell College,3,0,FINAL,6476644
2025-09-19,Mass. Maritime,Worcester St.,2,0,FINAL,6477996
2025-09-19,Wis.-Whitewater,North Park,1,2,FINAL,6472785
2025-09-19,Chris. Newport,Trinity (TX),3,2,FINAL,6474200
2025-09-19,Ozarks (AR),Emory,0,4,FINAL,6475781
2025-09-19,MUW,Huntingdon,3,2,FINAL,6476045
2025-09-19,Belhaven,Lyon,1,0,FINAL,6478062
2025-09-19,Wartburg,North Central (IL),3,2,FINAL,6476780
2025-09-20,Eastern,Pitt.-Greensburg,6,0,FINAL,6476963
2025-09-20,Curry,Wentworth,1,3,FINAL,6477510
2025-09-20,Valley Forge,Gwynedd Mercy,1,5,FINAL,6495962
2025-09-20,SUNY Maritime,UMSV,3,5,FINAL,6472899
2025-09-20,Williams,Trinity (CT),4,1,FINAL,6473045
2025-09-20,UMass Boston,Rhode Island Col.,4,1,FINAL,6473487
2025-09-20,St. John Fisher,SUNY Geneseo,1,2,FINAL,6474652
2025-09-20,Regis (MA),Elms,1,3,FINAL,6474714
2025-09-20,Shenandoah,Rutgers-Newark,2,1,FINAL,6475288
2025-09-20,Hendrix,Emory,1,5,FINAL,6475790
2025-09-20,Johns Hopkins,Swarthmore,2,2,FINAL,6476445
2025-09-20,Thomas (ME),Southern Me.,3,0,FINAL,6477005
2025-09-20,Ursinus,Dickinson,1,4,FINAL,6477117
2025-09-20,U New England,Nichols,0,0,FINAL,6477907
2025-09-20,Wash. & Jeff.,Mount Aloysius,1,4,FINAL,6472727
2025-09-20,Alfred,Russell Sage,1,1,FINAL,6472929
2025-09-20,FDU-Florham,Cairn,2,1,FINAL,6472958
2025-09-20,Fredonia,Plattsburgh St.,1,0,FINAL,6473589
2025-09-20,Roanoke,Penn St.-Abington,2,0,FINAL,6473979
2025-09-20,Hood,Wilkes,2,1,FINAL,6474003
2025-09-20,JWU (Providence),Roger Williams,0,0,FINAL,6474075
2025-09-20,Buffalo St.,Hilbert,6,0,FINAL,6474099
2025-09-20,Catholic,Stockton,1,1,FINAL,6474316
2025-09-20,RIT,Alfred St.,2,0,FINAL,6475213
2025-09-20,Kenyon,CWRU,0,0,FINAL,6475609
2025-09-20,Plymouth St.,WestConn,0,5,FINAL,6475857
2025-09-20,Penn St.-Behrend,Franciscan,2,1,FINAL,6475915
2025-09-20,Salem St.,Westfield St.,2,2,FINAL,6476122
2025-09-20,New Jersey City,Medgar Evers,9,0,FINAL,6476161
2025-09-20,Eastern Conn. St.,VTSU Castleton,2,1,FINAL,6476250
2025-09-20,Mary Washington,Va. Wesleyan,1,2,FINAL,6476341
2025-09-20,Hiram,Pitt.-Bradford,6,0,FINAL,6476934
2025-09-20,SUNY Brockport,Keuka,4,0,FINAL,6477066
2025-09-20,Rowan,Salisbury,4,1,FINAL,6477245
2025-09-20,Bethany (WV),Ohio Wesleyan,0,2,FINAL,6477356
2025-09-20,Babson,Brandeis,1,2,FINAL,6477452
2025-09-20,Notre Dame (MD),Albright,1,2,FINAL,6477478
2025-09-20,Albertus Magnus,Hunter,2,0,FINAL,6478045
2025-09-20,Clark (MA),Coast Guard,0,0,FINAL,6495970
2025-09-20,Randolph-Macon,Southern Va.,1,0,FINAL,6500487
2025-09-20,Otterbein,Trine,2,1,FINAL,6476106
2025-09-20,Saint John's (MN),Bethel (MN),1,3,FINAL,6476215
2025-09-20,Olivet,Earlham,1,1,FINAL,6476564
2025-09-20,Middlebury,Amherst,0,0,FINAL,6472846
2025-09-20,WashU,Wheaton (IL),4,2,FINAL,6472874
2025-09-20,DeSales,TCNJ,1,1,FINAL,6473868
2025-09-20,Connecticut Col.,Colby,1,1,FINAL,6474046
2025-09-20,Bates,Wesleyan (CT),0,1,FINAL,6474262
2025-09-20,Immaculata,Susquehanna,0,2,FINAL,6474446
2025-09-20,Saint Mary's (MN),Augsburg,1,4,FINAL,6474478
2025-09-20,St. Olaf,Macalester,2,1,FINAL,6475237
2025-09-20,Saint Elizabeth,CCNY,1,1,FINAL,6475723
2025-09-20,Bard,SUNY Morrisville,3,0,FINAL,6475786
2025-09-20,Spalding,Anderson (IN),1,1,FINAL,6475990
2025-09-20,Merchant Marine,Purchase,4,1,FINAL,6476823
2025-09-20,Elmira,SUNY Poly,2,1,FINAL,6477325
2025-09-20,Ramapo,Penn College,4,0,FINAL,6477396
2025-09-20,SUNY Oneonta,Rensselaer,3,2,FINAL,6477564
2025-09-20,Gustavus Adolphus,St. Scholastica,6,1,FINAL,6477930
2025-09-20,Principia,Franklin,2,1,FINAL,6477977
2025-09-20,Oswego St.,SUNY Delhi,0,0,FINAL,6478189
2025-09-20,Transylvania,Baldwin Wallace,2,1,FINAL,6478282
2025-09-20,Goucher,Widener,1,1,FINAL,6478436
2025-09-20,St. Joseph's (ME),Lasell,5,2,FINAL,6478557
2025-09-20,Salve Regina,Wheaton (MA),0,2,FINAL,6495851
2025-09-20,Tufts,Hamilton,1,0,FINAL,6496598
2025-09-20,Old Westbury,Mt. St. Mary (NY),1,2,FINAL,6475335
2025-09-20,Ithaca,Moravian,1,0,FINAL,6475470
2025-09-20,Illinois Col.,Elmhurst,1,0,FINAL,6478347
2025-09-20,Misericordia,York (PA),1,2,FINAL,6477899
2025-09-20,SUNY New Paltz,St. Joseph's (L.I.),4,0,FINAL,6473213
2025-09-20,Hartford,Western New Eng.,2,1,FINAL,6473668
2025-09-20,UMass Dartmouth,Keene St.,2,1,FINAL,6473794
2025-09-20,Sarah Lawrence,Farmingdale St.,1,1,FINAL,6473881
2025-09-20,Crown (MN),Wis.-Superior,0,1,FINAL,6474351
2025-09-20,Stevens,Kean,3,2,FINAL,6475193
2025-09-20,Muskingum,Geneva,0,1,FINAL,6475218
2025-09-20,Hobart,St. Lawrence,4,0,FINAL,6475363
2025-09-20,Oberlin,Kalamazoo,1,1,FINAL,6475423
2025-09-20,Franklin & Marshall,Muhlenberg,1,2,FINAL,6475515
2025-09-20,LaGrange,Greensboro,2,2,FINAL (OT),6476233
2025-09-20,Drew,NYU,0,0,FINAL,6476394
2025-09-20,Wittenberg,Alma,4,0,FINAL,6476738
2025-09-20,Martin Luther,North Central (MN),0,3,FINAL,6476898
2025-09-20,Centenary (NJ),Lancaster Bible,0,4,FINAL,6477427
2025-09-20,Albion,Heidelberg,3,0,FINAL,6478024
2025-09-20,Bethany Lutheran,Northwestern-St. Paul,4,1,FINAL,6478109
2025-09-20,Me.-Presque Isle,Me.-Farmington,0,3,FINAL,6472985
2025-09-20,Westminster (PA),Carnegie Mellon,0,6,FINAL,6473366
2025-09-20,Berea,Brevard,1,1,FINAL,6473456
2025-09-20,Husson,Lesley,7,0,FINAL,6474139
2025-09-20,MIT,WPI,0,0,FINAL,6476586
2025-09-20,William Peace,Sewanee,0,4,FINAL,6477171
2025-09-20,Colby-Sawyer,Mitchell,2,2,FINAL,6477421
2025-09-20,Houghton,Utica,2,2,FINAL,6478408
2025-09-20,Dominican (IL),Marian (WI),2,1,FINAL,6473231
2025-09-20,Concordia Wisconsin,Wis. Lutheran,0,0,FINAL,6472755
2025-09-20,SUNY Cobleskill,Keystone,2,1,FINAL,6473129
2025-09-20,Wooster,Mount Union,3,2,FINAL,6473290
2025-09-20,Blackburn,Knox,0,1,FINAL,6473344
2025-09-20,Ohio Northern,Rose-Hulman,1,1,FINAL,6473428
2025-09-20,Methodist,Averett,0,0,FINAL,6473643
2025-09-20,Allegheny,Marietta,2,2,FINAL,6473952
2025-09-20,Dean,Rivier,1,2,FINAL,6474157
2025-09-20,Gettysburg,Haverford,0,0,FINAL,6474759
2025-09-20,Scranton,Cortland,0,0,FINAL,6475475
2025-09-20,Lebanon Valley,Rutgers-Camden,2,2,FINAL,6476687
2025-09-20,Caltech,Redlands,3,1,FINAL,6476925
2025-09-20,Marymount (VA),Juniata,0,0,FINAL,6477811
2025-09-20,Springfield,Emerson,5,3,FINAL,6477909
2025-09-20,Illinois Tech,St. Norbert,1,3,FINAL,6474423
2025-09-20,Aurora,Edgewood,0,3,FINAL,6474600
2025-09-20,Loras,Greenville,4,1,FINAL,6475873
2025-09-20,Ill. Wesleyan,Lake Forest,0,1,FINAL,6477715
2025-09-20,Wis.-Stout,Central (IA),0,1,FINAL,6473560
2025-09-20,Fitchburg St.,Framingham St.,1,2,FINAL,6474055
2025-09-20,Penn St.-Berks,Pratt,3,1,FINAL,6474336
2025-09-20,St. Mary's (MD),Bridgewater (VA),2,3,FINAL,6474572
2025-09-20,Rochester (NY),Clarkson,1,0,FINAL,6475155
2025-09-20,John Carroll,Lycoming,2,3,FINAL,6475546
2025-09-20,Wis.-Stevens Point,Monmouth (IL),2,2,FINAL,6478080
2025-09-20,Whitworth,Willamette,2,2,FINAL,6474855
2025-09-20,Puget Sound,Lewis & Clark,2,0,FINAL,6475061
2025-09-20,Pacific Lutheran,George Fox,3,0,FINAL,6476465
2025-09-20,Whitman,Pacific (OR),2,0,FINAL,6477958
2025-09-20,Benedictine (IL),Lakeland,1,1,FINAL,6478141
2025-09-20,UChicago,Wis.-Eau Claire,4,2,FINAL,6473258
2025-09-20,Capital,Chatham,1,1,FINAL,6473616
2025-09-20,Waynesburg,La Roche,2,1,FINAL,6473818
2025-09-20,Montclair St.,Vassar,1,0,FINAL,6474806
2025-09-20,Emmanuel (MA),New England Col.,0,1,FINAL,6475308
2025-09-20,Covenant,Oglethorpe,2,1,FINAL,6475443
2025-09-20,Penn St. Harrisburg,Messiah,1,1,FINAL,6475573
2025-09-20,Marywood,Arcadia,1,1,FINAL,6476707
2025-09-20,Endicott,Suffolk,2,0,FINAL,6476840
2025-09-20,Washington Col.,McDaniel,1,1,FINAL,6477542
2025-09-20,Hampden-Sydney,Randolph,2,1,FINAL,6477843
2025-09-20,East. Mennonite,Wilson,1,0,FINAL,6477858
2025-09-20,King's (PA),Neumann,1,1,FINAL,6472817
2025-09-20,Alvernia,Elizabethtown,2,3,FINAL,6474623
2025-09-20,Howard Payne,LeTourneau,0,1,FINAL,6477087
2025-09-20,Hardin-Simmons,Chris. Newport,0,2,FINAL,6474204
2025-09-20,Mary Hardin-Baylor,McMurry,3,1,FINAL,6477048
2025-09-20,Southwestern (TX),Austin,7,1,FINAL,6477191
2025-09-20,East Tex. Baptist,Centenary (LA),5,0,FINAL,6477923
2025-09-20,Occidental,Pomona-Pitzer,1,2,FINAL,6474826
2025-09-20,Chapman,La Verne,2,1,FINAL,6477760
2025-09-20,Claremont-M-S,Cal Lutheran,1,2,FINAL,6478272
2025-09-20,Whittier,UC Santa Cruz,1,0,FINAL,6478369
2025-09-21,Guilford,Sewanee,0,5,FINAL,6474400
2025-09-21,Millsaps,Lyon,3,1,FINAL,6473315
2025-09-21,Denison,Centre,2,0,FINAL,6474516
2025-09-21,Berry,LaGrange,4,0,FINAL,6476325
2025-09-21,Wilmington (OH),Hanover,3,4,FINAL,6473017
2025-09-21,Salve Regina,Roger Williams,1,1,FINAL,6474077
2025-09-21,Simpson,Webster,1,1,FINAL,6476646
2025-09-21,VTSU Castleton,SUNY Canton,2,1,FINAL,6477142
2025-09-21,Coe,North Central (IL),1,1,FINAL,6477965
2025-09-21,Me.-Presque Isle,Lesley,0,1,FINAL,6477334
2025-09-21,Bluffton,Wabash,5,1,FINAL,6473748
2025-09-21,Connecticut Col.,Tufts,1,2,FINAL,6474052
2025-09-21,Neb. Wesleyan,Cornell College,2,1,FINAL,6474988
2025-09-21,Warren Wilson,Methodist,1,2,FINAL,6475377
2025-09-21,VTSU Lyndon,VTSU-Johnson,1,5,FINAL,6477670
2025-09-21,Dubuque,Carthage,0,1,FINAL,6473074
2025-09-21,Concordia Chicago,MSOE,0,6,FINAL,6474358
2025-09-21,Carleton,Hamline,3,0,FINAL,6475737
2025-09-21,Rockford,Millikin,0,3,FINAL,6477447
2025-09-21,Beloit,Wis.-Stevens Point,1,2,FINAL,6473159
2025-09-21,Ripon,Eureka,2,1,FINAL,6477697
2025-09-21,Whitworth,Pacific (OR),1,0,FINAL,6474857
2025-09-21,Whitman,Willamette,2,0,FINAL,6476297
2025-09-21,Pacific Lutheran,Lewis & Clark,3,0,FINAL,6476466
2025-09-21,Puget Sound,George Fox,4,1,FINAL,6476802
2025-09-22,Saint John's (MN),St. Scholastica,4,1,FINAL,6496621
2025-09-22,UW-River Falls,Augsburg,0,3,FINAL,6475012
2025-09-22,Neb. Wesleyan,Gustavus Adolphus,1,3,FINAL,6478010
2025-09-22,Brooklyn,Pratt,2,0,FINAL,6478103
2025-09-22,Ramapo,CCNY,3,0,FINAL,6477401
2025-09-22,Messiah,Lancaster Bible,5,0,FINAL,6477410
2025-09-22,Elmhurst,Illinois Tech,1,1,FINAL,6478349
2025-09-23,Mitchell,Saint Joseph (CT),0,7,FINAL,6476414
2025-09-23,Dean,Emmanuel (MA),1,2,FINAL,6474159
2025-09-23,Eastern,Penn St.-Berks,6,1,FINAL,6474353
2025-09-23,Belhaven,Sewanee,0,1,FINAL,6477173
2025-09-23,Earlham,Wilmington (OH),0,3,FINAL,6474291
2025-09-23,Colby-Sawyer,Norwich,0,6,FINAL,6474614
2025-09-23,Vassar,Springfield,1,0,FINAL,6476355
2025-09-23,Lasell,New England Col.,3,1,FINAL,6477562
2025-09-23,Anna Maria,JWU (Providence),1,2,FINAL,6478300
2025-09-23,Amherst,Babson,2,1,FINAL,6477461
2025-09-23,Alfred St.,Penn College,0,1,FINAL,6475217
2025-09-23,St. Olaf,Luther,1,1,FINAL,6475240
2025-09-23,Westfield St.,Plymouth St.,7,1,FINAL,6475859
2025-09-23,Kenyon,Otterbein,2,2,FINAL,6476108
2025-09-23,Knox,Simpson,0,0,FINAL,6473346
2025-09-23,Bethany Lutheran,Crown (MN),3,0,FINAL,6476873
2025-09-23,Lake Forest,Carroll (WI),1,0,FINAL,6477716
2025-09-23,Martin Luther,Minn.-Morris,0,8,FINAL,6478380
2025-09-23,Wis.-Superior,Northwestern-St. Paul,9,1,FINAL,6475499
2025-09-23,Keene St.,Fitchburg St.,4,2,FINAL,6473796
2025-09-23,Wentworth,WPI,1,2,FINAL,6477512
2025-09-23,Coast Guard,Rhode Island Col.,3,1,FINAL,6478259
2025-09-23,Susquehanna,King's (PA),4,3,FINAL,6472819
2025-09-23,Muhlenberg,FDU-Florham,1,1,FINAL,6472960
2025-09-23,Randolph-Macon,William Peace,4,0,FINAL,6473102
2025-09-23,Wilkes,Ursinus,1,2,FINAL,6474006
2025-09-23,Stockton,Washington Col.,2,1,FINAL,6474324
2025-09-23,Albertus Magnus,Elms,2,0,FINAL,6474716
2025-09-23,Gettysburg,York (PA),1,0,FINAL,6474760
2025-09-23,Union (NY),Skidmore,1,1,FINAL,6474890
2025-09-23,Endicott,Colby,0,2,FINAL,6475690
2025-09-23,Maine Maritime,Southern Me.,1,1,FINAL,6475946
2025-09-23,Berry,Huntingdon,3,0,FINAL,6476327
2025-09-23,Marymount (VA),Shenandoah,0,3,FINAL,6477813
2025-09-23,East. Mennonite,Mary Baldwin,3,0,FINAL,6477860
2025-09-23,Salve Regina,Mass. Maritime,5,0,FINAL,6477997
2025-09-23,Curry,Framingham St.,1,0,FINAL,6478122
2025-09-23,Hope,Anderson (IN),3,1,FINAL,6478207
2025-09-23,Saint Vincent,Franciscan,1,4,FINAL,6478210
2025-09-23,Bridgewater St.,Emerson,2,0,FINAL,6478217
2025-09-23,Rivier,Regis (MA),0,1,FINAL,6478256
2025-09-23,Houghton,Fredonia,2,1,FINAL,6478551
2025-09-23,Bowdoin,St. Joseph's (ME),5,0,FINAL,6478560
2025-09-23,Bethany (WV),Grove City,1,4,FINAL,6477885
2025-09-23,Wittenberg,Transylvania,1,1,FINAL,6476740
2025-09-23,Juniata,Carnegie Mellon,0,2,FINAL,6478201
2025-09-23,Concordia (TX),East Tex. Baptist,3,1,FINAL,6477530
2025-09-23,Buena Vista,Grinnell,1,0,FINAL,6478069
2025-09-23,Augustana (IL),Coe,1,0,FINAL,6478188
2025-09-24,Penn St.-Abington,New Jersey City,4,0,FINAL,6476547
2025-09-24,Nazareth,Alfred,0,1,FINAL,6472930
2025-09-24,Me.-Farmington,Thomas (ME),0,1,FINAL,6472986
2025-09-24,TCNJ,Keystone,3,0,FINAL,6473130
2025-09-24,La Roche,Wooster,0,5,FINAL,6473291
2025-09-24,Wabash,Adrian,2,1,FINAL,6473750
2025-09-24,Allegheny,Chatham,0,0,FINAL,6473954
2025-09-24,Heidelberg,Bluffton,2,1,FINAL,6474222
2025-09-24,SUNY Geneseo,Rochester (NY),1,3,FINAL,6475156
2025-09-24,Lynchburg,Franklin & Marshall,4,1,FINAL,6475530
2025-09-24,Hobart,RIT,1,1,FINAL,6476063
2025-09-24,Mary Washington,Bridgewater (VA),3,0,FINAL,6476348
2025-09-24,Russell Sage,Elmira,0,1,FINAL,6477034
2025-09-24,Rhodes,Mary Hardin-Baylor,2,3,FINAL,6477050
2025-09-24,Keuka,SUNY Canton,0,2,FINAL,6477307
2025-09-24,Brandeis,Wheaton (MA),3,3,FINAL,6478086
2025-09-24,WestConn,John Jay,6,0,FINAL,6478129
2025-09-24,Valley Forge,York (NY),1,2,FINAL,6478149
2025-09-24,Manhattanville,Purchase,4,1,FINAL,6478332
2025-09-24,Hamline,Wis.-Stout,4,1,FINAL,6473562
2025-09-24,St. Mary's (MD),Salisbury,0,1,FINAL,6474582
2025-09-24,Dickinson,Stevenson,1,1,FINAL,6475625
2025-09-24,Hamilton,SUNY Oneonta,3,1,FINAL,6477568
2025-09-24,Brevard,Covenant,4,0,FINAL,6474744
2025-09-24,DePauw,Trine,4,2,FINAL,6475748
2025-09-24,Dominican (IL),Rockford,4,1,FINAL,6477449
2025-09-24,Catholic,N.C. Wesleyan,4,0,FINAL,6477980
2025-09-24,Blackburn,Millikin,3,4,FINAL,6478308
2025-09-24,Saint Mary's (MN),North Central (MN),5,0,FINAL,6474480
2025-09-24,Whitworth,Whitman,1,3,FINAL,6474859
2025-09-24,Central (IA),Cornell College,2,0,FINAL,6478374
2025-09-24,U New England,Husson,0,0,FINAL,6474143
2025-09-24,SUNY Poly,Hartwick,0,1,FINAL,6475697
2025-09-24,Mt. St. Mary (NY),Sarah Lawrence,1,0,FINAL,6476270
2025-09-24,MIT,Suffolk,1,2,FINAL,6476588
2025-09-24,UMSV,Merchant Marine,0,0,FINAL,6476825
2025-09-24,Ill. Wesleyan,Eureka,3,0,FINAL,6477682
2025-09-24,SUNY Maritime,St. Joseph's (L.I.),1,4,FINAL,6472901
2025-09-24,Albion,UChicago,0,5,FINAL,6473260
2025-09-24,Rensselaer,Plattsburgh St.,1,2,FINAL,6473591
2025-09-24,Capital,Ohio Wesleyan,1,3,FINAL,6473618
2025-09-24,Wash. & Lee,Roanoke,2,0,FINAL,6473981
2025-09-24,Calvin,Alma,4,0,FINAL,6474507
2025-09-24,Marietta,Denison,0,2,FINAL,6474520
2025-09-24,St. John Fisher,Utica,2,4,FINAL,6474661
2025-09-24,Cairn,Neumann,1,5,FINAL,6474817
2025-09-24,Occidental,Whittier,1,2,FINAL,6474829
2025-09-24,Montclair St.,NYU,3,1,FINAL,6474952
2025-09-24,Piedmont,Emory,0,4,FINAL,6475153
2025-09-24,Geneva,Wash. & Jeff.,1,0,FINAL,6475224
2025-09-24,Rutgers-Newark,Centenary (NJ),2,1,FINAL,6475289
2025-09-24,Penn St. Harrisburg,Lebanon Valley,1,3,FINAL,6475575
2025-09-24,Saint Elizabeth,Ramapo,0,3,FINAL,6475725
2025-09-24,Penn St.-Behrend,Mount Union,1,1,FINAL,6475917
2025-09-24,Wm. Paterson,Baruch,2,0,FINAL,6476041
2025-09-24,Salem St.,Gordon,3,2,FINAL,6476124
2025-09-24,Clark (MA),Eastern Conn. St.,0,3,FINAL,6476252
2025-09-24,Widener,Johns Hopkins,0,0,FINAL,6476447
2025-09-24,Arcadia,Rowan,1,2,FINAL,6476709
2025-09-24,Albright,Lancaster Bible,2,2,FINAL,6477412
2025-09-24,Drew,DeSales,2,0,FINAL,6477655
2025-09-24,John Carroll,CWRU,0,0,FINAL,6478117
2025-09-24,Pomona-Pitzer,Claremont-M-S,2,1,FINAL,6478273
2025-09-24,Scranton,Misericordia,2,0,FINAL,6478412
2025-09-24,Westminster (PA),Waynesburg,0,0,FINAL,6473368
2025-09-24,Elizabethtown,Hood,0,1,FINAL,6474632
2025-09-24,Kean,Lehman,1,3,FINAL,6475122
2025-09-24,Aurora,Concordia Wisconsin,5,1,FINAL,6472757
2025-09-24,Wis.-Whitewater,Wartburg,1,0,FINAL,6472786
2025-09-24,Lakeland,Marian (WI),0,2,FINAL,6473233
2025-09-24,Edgewood,MSOE,2,1,FINAL,6474362
2025-09-24,St. Norbert,Wis. Lutheran,3,1,FINAL,6474429
2025-09-24,Loras,Wis.-Platteville,3,1,FINAL,6475396
2025-09-24,Wis.-Superior,St. Scholastica,5,0,FINAL,6475508
2025-09-24,Illinois Tech,Concordia Chicago,3,1,FINAL,6477952
2025-09-24,Hiram,Thiel,2,0,FINAL,6476938
2025-09-24,Macalester,Wis.-Eau Claire,0,1,FINAL,6477731
2025-09-24,Pacific Lutheran,Puget Sound,4,0,FINAL,6475063
2025-09-24,La Verne,Redlands,1,2,FINAL,6476927
2025-09-24,Cal Lutheran,Chapman,1,2,FINAL,6477879
2025-09-25,Wentworth,Lesley,3,1,FINAL,6477336
2025-09-25,Oberlin,Baldwin Wallace,1,0,FINAL,6475425
2025-09-25,Southwestern (TX),East Tex. Baptist,2,0,FINAL,6477196
2025-09-26,FDU-Florham,Centenary (NJ),4,0,FINAL,6472961
2025-09-26,Wilmington (OH),Wittenberg,0,2,FINAL,6474296
2025-09-26,Trinity (TX),UC Santa Cruz,2,1,FINAL,6478370
2025-09-26,Luther,UW-River Falls,2,2,FINAL,6474257
2025-09-26,Dallas,Hendrix,1,3,FINAL,6476381
2025-09-26,Schreiner,St. Thomas (TX),0,2,FINAL,6476492
2025-09-26,LeTourneau,Concordia (TX),1,1,FINAL,6477091
2025-09-26,McMurry,Centenary (LA),1,3,FINAL,6478510
2025-09-26,Austin,Texas Lutheran,2,2,FINAL,6473397
2025-09-26,Colorado Col.,Ozarks (AR),3,0,FINAL,6478052
2025-09-27,Anna Maria,Mass. Maritime,3,0,FINAL,6477998
2025-09-27,TCNJ,Kean,1,1,FINAL,6473870
2025-09-27,Carnegie Mellon,Salisbury,1,4,FINAL,6477247
2025-09-27,Westfield St.,Bridgewater St.,0,1,FINAL,6477784
2025-09-27,SUNY Maritime,Merchant Marine,2,1,FINAL,6472903
2025-09-27,Williams,Colby,2,0,FINAL,6473047
2025-09-27,Randolph-Macon,Lynchburg,1,2,FINAL,6473103
2025-09-27,Arcadia,Immaculata,4,0,FINAL,6474574
2025-09-27,Lasell,Norwich,1,1,FINAL,6474629
2025-09-27,York (PA),Rochester (NY),2,3,FINAL,6475158
2025-09-27,Saint Joseph (CT),Emmanuel (MA),1,1,FINAL,6475313
2025-09-27,Salem St.,Framingham St.,3,0,FINAL,6476126
2025-09-27,Haverford,Johns Hopkins,1,1,FINAL,6476448
2025-09-27,Nichols,Western New Eng.,0,7,FINAL,6476524
2025-09-27,Lancaster Bible,Wilson,4,0,FINAL,6477414
2025-09-27,Oswego St.,SUNY Oneonta,0,3,FINAL,6477579
2025-09-27,Rivier,Albertus Magnus,2,0,FINAL,6478046
2025-09-27,Alfred,Houghton,1,2,FINAL,6472932
2025-09-27,SUNY New Paltz,Cortland,0,2,FINAL,6473215
2025-09-27,Keene St.,UMass Boston,1,1,FINAL,6473490
2025-09-27,WestConn,UMass Dartmouth,1,0,FINAL,6473841
2025-09-27,Waynesburg,Bethany (WV),2,0,FINAL,6473907
2025-09-27,Buffalo St.,SUNY Potsdam,6,0,FINAL,6474104
2025-09-27,Wm. Paterson,Stockton,0,0,FINAL,6474333
2025-09-27,St. Mary's (MD),Valley Forge,5,0,FINAL,6474598
2025-09-27,Elms,Brooklyn,0,2,FINAL,6474718
2025-09-27,New Jersey City,Montclair St.,4,3,FINAL,6474963
2025-09-27,Mary Baldwin,Methodist,0,4,FINAL,6475379
2025-09-27,Penn St. Harrisburg,Keystone,10,0,FINAL,6475576
2025-09-27,VTSU Castleton,Plymouth St.,0,1,FINAL,6475861
2025-09-27,Coast Guard,MIT,1,0,FINAL,6476589
2025-09-27,Alvernia,Lebanon Valley,0,1,FINAL,6476689
2025-09-27,Wash. & Jeff.,Hiram,0,0,FINAL,6476942
2025-09-27,Rutgers-Camden,Ramapo,4,1,FINAL,6477398
2025-09-27,Springfield,Babson,1,3,FINAL,6477467
2025-09-27,Dickinson,Washington Col.,2,0,FINAL,6477546
2025-09-27,Cairn,Penn College,1,1,FINAL,6477626
2025-09-27,DeSales,Mount Union,0,2,FINAL,6477657
2025-09-27,Rhode Island Col.,Southern Me.,1,1,FINAL,6477937
2025-09-27,Brandeis,John Carroll,1,0,FINAL,6478087
2025-09-27,Emerson,Salve Regina,0,0,FINAL,6478219
2025-09-27,SUNY Canton,Fredonia,0,5,FINAL,6478266
2025-09-27,Ohio Northern,Kenyon,2,2,FINAL,6478360
2025-09-27,Penn St.-Abington,Notre Dame (MD),4,0,FINAL,6478445
2025-09-27,SUNY Geneseo,Russell Sage,4,0,FINAL,6495916
2025-09-27,Lyon,Spalding,2,0,FINAL,6475991
2025-09-27,Mitchell,St. Joseph's (ME),0,5,FINAL,6477423
2025-09-27,Hamilton,Bowdoin,1,0,FINAL,6478094
2025-09-27,Connecticut Col.,Middlebury,1,0,FINAL,6472848
2025-09-27,Worcester St.,MCLA,2,0,FINAL,6473701
2025-09-27,MSOE,Aurora,1,1,FINAL,6474364
2025-09-27,Hamline,Saint Mary's (MN),1,1,FINAL,6474482
2025-09-27,Union (NY),Clarkson,1,2,FINAL,6474892
2025-09-27,Skidmore,St. Lawrence,2,0,FINAL,6474919
2025-09-27,St. Scholastica,St. Olaf,0,2,FINAL,6475244
2025-09-27,Rowan,Rutgers-Newark,1,2,FINAL,6475291
2025-09-27,Bard,Hobart,0,1,FINAL,6475788
2025-09-27,Gustavus Adolphus,Saint John's (MN),2,0,FINAL,6476217
2025-09-27,Wartburg,Buena Vista,7,1,FINAL,6476782
2025-09-27,Marywood,CCNY,3,0,FINAL,6477646
2025-09-27,Macalester,Carleton,3,0,FINAL,6477733
2025-09-27,Chapman,Whittier,0,0,FINAL,6477880
2025-09-27,Concordia-M'head,Bethel (MN),0,2,FINAL,6478244
2025-09-27,Pomona-Pitzer,Caltech,0,1,FINAL,6478395
2025-09-27,Wheaton (MA),Clark (MA),3,0,FINAL,6495852
2025-09-27,Me.-Farmington,SUNY Cobleskill,3,0,FINAL,6472988
2025-09-27,Monmouth (IL),Beloit,1,5,FINAL,6473161
2025-09-27,Tufts,Wesleyan (CT),1,1,FINAL,6474266
2025-09-27,Amherst,Bates,0,3,FINAL,6474405
2025-09-27,Calvin,DePauw,3,1,FINAL,6474526
2025-09-27,Purchase,St. Joseph's (Brkln),1,0,FINAL,6476608
2025-09-27,Lesley,SUNY Delhi,1,1,FINAL,6477338
2025-09-27,Lawrence,Grinnell,1,2,FINAL,6478070
2025-09-27,Illinois Col.,Ripon,5,0,FINAL,6495705
2025-09-27,Endicott,Hartford,3,1,FINAL,6473670
2025-09-27,Roger Williams,U New England,3,0,FINAL,6474083
2025-09-27,Muhlenberg,Gettysburg,4,2,FINAL,6474764
2025-09-27,Huntingdon,Asbury,0,0,FINAL,6475098
2025-09-27,Maryville (TN),Piedmont,2,0,FINAL,6475167
2025-09-27,St. Joseph's (L.I.),Old Westbury,4,2,FINAL,6475337
2025-09-27,Oberlin,Muskingum,2,3,FINAL,6475429
2025-09-27,Wis.-Superior,Minn.-Morris,6,1,FINAL,6475510
2025-09-27,Saint Elizabeth,York (NY),6,0,FINAL,6475726
2025-09-27,Ithaca,Vassar,1,1,FINAL,6476357
2025-09-27,North Central (MN),Bethany Lutheran,0,6,FINAL,6476900
2025-09-27,McDaniel,Ursinus,1,0,FINAL,6477124
2025-09-27,LaGrange,Belhaven,1,1,FINAL,6477218
2025-09-27,Keuka,Nazareth,0,4,FINAL,6477309
2025-09-27,Suffolk,Curry,4,0,FINAL,6477613
2025-09-27,North Central (IL),Carroll (WI),6,0,FINAL,6477966
2025-09-27,Me.-Presque Isle,VTSU-Johnson,2,2,FINAL,6477988
2025-09-27,Gordon,JWU (Providence),3,1,FINAL,6478315
2025-09-27,Mt. St. Mary (NY),Manhattanville,0,2,FINAL,6478333
2025-09-27,Mount Aloysius,Hilbert,3,0,FINAL,6472728
2025-09-27,Hanover,Franklin,6,0,FINAL,6473019
2025-09-27,Westminster (PA),Geneva,1,3,FINAL,6473369
2025-09-27,Rose-Hulman,Berea,1,1,FINAL,6473429
2025-09-27,Grove City,Allegheny,5,1,FINAL,6473955
2025-09-27,Wilkes,Elizabethtown,1,1,FINAL,6474012
2025-09-27,Husson,VTSU Lyndon,11,0,FINAL,6474144
2025-09-27,Transylvania,Bluffton,5,0,FINAL,6474228
2025-09-27,Moravian,Juniata,0,0,FINAL,6475477
2025-09-27,Catholic,Lycoming,1,1,FINAL,6475551
2025-09-27,Penn St.-Behrend,Penn St.-Altoona,3,1,FINAL,6475684
2025-09-27,Chatham,Franciscan,0,1,FINAL,6475926
2025-09-27,Thomas (ME),Maine Maritime,2,0,FINAL,6475948
2025-09-27,Earlham,Manchester,0,1,FINAL,6476019
2025-09-27,MUW,Principia,1,5,FINAL,6476050
2025-09-27,Susquehanna,Scranton,0,2,FINAL,6476088
2025-09-27,Wash. & Lee,East. Mennonite,2,0,FINAL,6476626
2025-09-27,Drew,Goucher,1,2,FINAL,6478437
2025-09-27,Concordia Wisconsin,Wis.-Stevens Point,2,3,FINAL,6472759
2025-09-27,Central (IA),Dubuque,0,0,FINAL,6473076
2025-09-27,UChicago,Kalamazoo,2,0,FINAL,6473262
2025-09-27,Adrian,Wooster,0,1,FINAL,6473293
2025-09-27,N.C. Wesleyan,Pfeiffer,0,1,FINAL,6473535
2025-09-27,La Roche,Pitt.-Bradford,3,0,FINAL,6473819
2025-09-27,New England Col.,Dean,0,1,FINAL,6474162
2025-09-27,Ohio Wesleyan,Marietta,3,1,FINAL,6474533
2025-09-27,Brevard,Southern Va.,1,2,FINAL,6474746
2025-09-27,Neumann,Eastern,1,0,FINAL,6474819
2025-09-27,Stevenson,Delaware Valley,2,1,FINAL,6475626
2025-09-27,SUNY Brockport,Hartwick,1,1,FINAL,6475703
2025-09-27,Eastern Conn. St.,Trinity (CT),0,3,FINAL,6476254
2025-09-27,Redlands,Claremont-M-S,0,2,FINAL,6476931
2025-09-27,Alma,Heidelberg,2,1,FINAL,6477260
2025-09-27,Utica,Elmira,3,3,FINAL,6477365
2025-09-27,Lake Forest,Knox,2,0,FINAL,6473348
2025-09-27,SUNY Morrisville,Plattsburgh St.,1,1,FINAL,6473592
2025-09-27,Ill. Wesleyan,Wabash,4,0,FINAL,6473753
2025-09-27,St. Norbert,Dominican (IL),0,1,FINAL,6474434
2025-09-27,Coe,Simpson,2,1,FINAL,6476647
2025-09-27,Wis. Lutheran,Benedictine (IL),1,3,FINAL,6477834
2025-09-27,Edgewood,Illinois Tech,2,1,FINAL,6477873
2025-09-27,Lakeland,Concordia Chicago,5,2,FINAL,6477953
2025-09-27,Regis (MA),Colby-Sawyer,5,0,FINAL,6478531
2025-09-27,King's (PA),Hood,1,4,FINAL,6472821
2025-09-27,Guilford,Va. Wesleyan,0,3,FINAL,6474464
2025-09-27,Centre,Covenant,1,1,FINAL,6475445
2025-09-27,Saint Vincent,Thiel,4,0,FINAL,6478386
2025-09-27,Mt. St. Joseph,Anderson (IN),2,2,FINAL,6478518
2025-09-27,Marymount (VA),Chris. Newport,0,1,FINAL,6474209
2025-09-27,NYU,Stevens,2,3,FINAL,6476395
2025-09-27,Northwestern-St. Paul,Martin Luther,9,0,FINAL,6478110
2025-09-27,Lewis & Clark,George Fox,0,1,FINAL,6475065
2025-09-27,Willamette,Pacific Lutheran,3,3,FINAL,6476299
2025-09-27,Linfield,Whitman,0,1,FINAL,6477959
2025-09-27,Marian (WI),Rockford,5,0,FINAL,6473235
2025-09-27,Roanoke,Shenandoah,0,2,FINAL,6473983
2025-09-27,Sarah Lawrence,UMSV,1,3,FINAL,6476267
2025-09-27,Messiah,Mary Washington,0,2,FINAL,6476354
2025-09-27,Augustana (IL),North Park,5,2,FINAL,6478190
2025-09-27,RIT,Rensselaer,2,2,FINAL,6478424
2025-09-27,Emory,Sewanee,5,0,FINAL,6475792
2025-09-27,Millikin,Carthage,4,4,FINAL,6478038
2025-09-27,Misericordia,Widener,1,0,FINAL,6478413
2025-09-27,Webster,WashU,1,2,FINAL,6472878
2025-09-27,Capital,Denison,0,3,FINAL,6473619
2025-09-27,Averett,Hampden-Sydney,0,1,FINAL,6473645
2025-09-27,Swarthmore,Franklin & Marshall,0,1,FINAL,6475535
2025-09-27,Otterbein,CWRU,2,1,FINAL,6475610
2025-09-27,Baldwin Wallace,Olivet,2,0,FINAL,6476566
2025-09-27,Albright,Pitt.-Greensburg,1,1,FINAL,6477481
2025-09-27,Randolph,Bridgewater (VA),2,3,FINAL,6477823
2025-09-27,Wheaton (IL),Elmhurst,2,0,FINAL,6473184
2025-09-27,Neb. Wesleyan,Loras,1,1,FINAL,6474990
2025-09-27,Mary Hardin-Baylor,Howard Payne,6,0,FINAL,6477052
2025-09-27,La Verne,Cal Lutheran,4,1,FINAL,6477764
2025-09-28,Me.-Farmington,SUNY Delhi,1,2,FINAL,6472990
2025-09-28,Colorado Col.,Hendrix,7,0,FINAL,6476385
2025-09-28,Southwestern (TX),UC Santa Cruz,0,0,FINAL,6477200
2025-09-28,Williams,Bowdoin,3,3,FINAL,6473048
2025-09-28,LaGrange,Millsaps,2,1,FINAL,6473319
2025-09-28,Middlebury,Wesleyan (CT),0,1,FINAL,6472850
2025-09-28,Beloit,Wis.-Eau Claire,0,2,FINAL,6473163
2025-09-28,Eureka,Westminster (MO),0,0,FINAL,6477378
2025-09-28,Husson,VTSU-Johnson,8,3,FINAL,6474146
2025-09-28,Amherst,Colby,1,0,FINAL,6475695
2025-09-28,McMurry,St. Thomas (TX),0,3,FINAL,6476494
2025-09-28,Lesley,SUNY Cobleskill,1,1,FINAL,6477340
2025-09-28,Me.-Presque Isle,VTSU Lyndon,5,0,FINAL,6477673
2025-09-28,Austin,Concordia (TX),0,1,FINAL,6477531
2025-09-28,Dallas,Ozarks (AR),0,3,FINAL,6478231
2025-09-28,Schreiner,Centenary (LA),4,0,FINAL,6478542
2025-09-28,LeTourneau,Texas Lutheran,0,1,FINAL,6473399
2025-09-28,Linfield,Whitworth,0,1,FINAL,6474861
2025-09-28,Lewis & Clark,Pacific (OR),1,2,FINAL,6475067
2025-09-28,Willamette,Puget Sound,1,3,FINAL,6476301
2025-09-28,Berry,Maryville (TN),0,1,FINAL,6476330
2025-09-29,UMass Boston,Bridgewater St.,5,1,FINAL,6473489
2025-09-29,Farmingdale St.,Yeshiva,4,4,FINAL,6473896
2025-09-29,Blackburn,Greenville,1,2,FINAL,6475879
2025-09-29,Regis (MA),Fitchburg St.,0,1,FINAL,6474072
2025-09-29,Pratt,Hunter,0,1,FINAL,6478104
2025-09-29,Penn St.-Berks,Gwynedd Mercy,1,4,FINAL,6474360
2025-09-29,Mt. St. Mary (NY),Medgar Evers,5,1,FINAL,6476166
2025-09-29,Wentworth,Framingham St.,0,0,FINAL,6477513
2025-09-30,Manhattanville,Merchant Marine,1,2,FINAL,6476827
2025-09-30,St. Joseph's (Brkln),UMSV,0,4,FINAL,6476610
2025-09-30,Pitt.-Greensburg,Penn St.-Altoona,3,0,FINAL,6475688
2025-09-30,McDaniel,Johns Hopkins,1,3,FINAL,6476450
2025-09-30,Western New Eng.,Coast Guard,2,2,FINAL,6476526
2025-09-30,Babson,Tufts,0,1,FINAL,6476725
2025-09-30,Bethany (WV),Saint Vincent,1,1,FINAL,6477886
2025-09-30,N.C. Wesleyan,William Peace,3,3,FINAL,6478050
2025-09-30,Hamilton,Ithaca,2,0,FINAL,6478095
2025-09-30,Bethel (MN),St. Scholastica,1,2,FINAL,6477931
2025-09-30,Hamline,UW-River Falls,3,1,FINAL,6474935
2025-09-30,Saint John's (MN),Augsburg,5,2,FINAL,6475013
2025-09-30,St. Olaf,Gustavus Adolphus,6,1,FINAL,6475251
2025-09-30,U New England,Plymouth St.,2,0,FINAL,6475863
2025-09-30,Carleton,Concordia-M'head,0,0,FINAL,6478321
2025-09-30,Purchase,SUNY Maritime,0,0,FINAL,6472905
2025-09-30,WPI,Roger Williams,1,1,FINAL,6474085
2025-09-30,Skidmore,VTSU Castleton,3,0,FINAL,6474921
2025-09-30,St. Joseph's (L.I.),Sarah Lawrence,2,1,FINAL,6476272
2025-09-30,Greensboro,Brevard,0,1,FINAL,6474748
2025-09-30,Union (NY),King's (PA),2,1,FINAL,6472823
2025-09-30,Methodist,Pfeiffer,2,2,FINAL,6473536
2025-09-30,Wilkes,Misericordia,1,3,FINAL,6474014
2025-09-30,Trinity (CT),Connecticut Col.,2,2,FINAL,6474053
2025-09-30,Husson,Bates,0,3,FINAL,6474148
2025-09-30,Gettysburg,Dickinson,0,0,FINAL,6474768
2025-09-30,Pitt.-Bradford,Alfred St.,0,2,FINAL,6475227
2025-09-30,Moravian,Marywood,3,0,FINAL,6475472
2025-09-30,Franklin & Marshall,Washington Col.,1,1,FINAL,6475539
2025-09-30,Endicott,MIT,0,0,FINAL,6476590
2025-09-30,Muhlenberg,Swarthmore,0,0,FINAL,6477278
2025-09-30,New England Col.,Colby-Sawyer,2,2,FINAL,6477566
2025-09-30,Ohio Northern,Adrian,1,0,FINAL,6477586
2025-09-30,Westfield St.,Emerson,2,2,FINAL,6477786
2025-09-30,York (PA),Juniata,0,0,FINAL,6477900
2025-09-30,Curry,Mass. Maritime,2,1,FINAL,6477999
2025-09-30,Maryville (TN),Warren Wilson,2,1,FINAL,6500060
2025-09-30,Dean,Suffolk,2,6,FINAL,6500433
2025-09-30,Mount Aloysius,Carnegie Mellon,1,3,FINAL,6472730
2025-09-30,WashU,Greenville,4,0,FINAL,6472879
2025-09-30,UChicago,Carthage,3,0,FINAL,6473264
2025-09-30,Carroll (WI),Wis.-Stevens Point,1,1,FINAL,6478363
2025-09-30,Saint Mary's (MN),Macalester,0,1,FINAL,6474484
2025-10-01,York (NY),Lehman,1,1,FINAL,6475124
2025-10-01,Hunter,John Jay,1,1,FINAL,6478130
2025-10-01,Baruch,Brooklyn,1,1,FINAL,6476046
2025-10-01,Notre Dame (MD),Lancaster Bible,3,2,FINAL,6477416
2025-10-01,SUNY Potsdam,SUNY New Paltz,0,5,FINAL,6473217
2025-10-01,Lasell,Saint Joseph (CT),3,5,FINAL,6476415
2025-10-01,Eastern,Arcadia,0,1,FINAL,6476711
2025-10-01,North Central (MN),Crown (MN),1,2,FINAL,6476874
2025-10-01,Me.-Farmington,Southern Me.,1,4,FINAL,6472992
2025-10-01,Allegheny,Waynesburg,2,1,FINAL,6473912
2025-10-01,Wheaton (MA),Anna Maria,4,0,FINAL,6478301
2025-10-01,Farmingdale St.,Old Westbury,3,2,FINAL,6473899
2025-10-01,Mary Washington,Roanoke,2,1,FINAL,6473985
2025-10-01,Fitchburg St.,Nichols,1,3,FINAL,6474081
2025-10-01,SUNY Morrisville,Buffalo St.,0,2,FINAL,6474114
2025-10-01,Rockford,St. Norbert,0,3,FINAL,6474437
2025-10-01,Concordia Chicago,Aurora,0,3,FINAL,6474607
2025-10-01,Cortland,SUNY Oneonta,0,0,FINAL,6475479
2025-10-01,Vassar,Bard,4,1,FINAL,6475793
2025-10-01,Haverford,Ursinus,1,0,FINAL,6477127
2025-10-01,SUNY Geneseo,Keuka,10,0,FINAL,6477310
2025-10-01,Framingham St.,Gordon,0,2,FINAL,6478307
2025-10-01,Concordia Wisconsin,Dominican (IL),2,3,FINAL,6472761
2025-10-01,Beloit,Lawrence,3,0,FINAL,6473165
2025-10-01,Westminster (PA),Hiram,0,3,FINAL,6473371
2025-10-01,Oberlin,Capital,3,2,FINAL,6473621
2025-10-01,Gallaudet,Penn St.-Berks,0,4,FINAL,6474382
2025-10-01,Lake Forest,Calvin,3,0,FINAL,6474536
2025-10-01,Covenant,Piedmont,2,0,FINAL,6475171
2025-10-01,Wilson,Penn St. Harrisburg,0,3,FINAL,6475644
2025-10-01,Penn St.-Behrend,RIT,1,0,FINAL,6475919
2025-10-01,Grinnell,Monmouth (IL),1,0,FINAL,6478071
2025-10-01,Regis (MA),Albertus Magnus,1,0,FINAL,6478513
2025-10-01,Knox,Illinois Col.,1,0,FINAL,6473349
2025-10-01,Minn.-Morris,Northwestern-St. Paul,1,1,FINAL,6478111
2025-10-01,Penn College,Keystone,4,1,FINAL,6473134
2025-10-01,Hartford,Russell Sage,0,1,FINAL,6473672
2025-10-01,MCLA,SUNY Cobleskill,3,1,FINAL,6473703
2025-10-01,Clarkson,St. Lawrence,0,2,FINAL,6475364
2025-10-01,Wis.-Platteville,Wartburg,1,0,FINAL,6475398
2025-10-01,Rowan,New Jersey City,3,0,FINAL,6476549
2025-10-01,SUNY Canton,Oswego St.,0,1,FINAL,6478191
2025-10-01,SUNY Poly,Utica,2,3,FINAL,6500008
2025-10-01,Wis.-Stout,Buena Vista,0,0,FINAL,6473563
2025-10-01,Westminster (MO),Blackburn,2,0,FINAL,6477380
2025-10-01,St. John Fisher,Alfred,1,0,FINAL,6472934
2025-10-01,Wheaton (IL),Kalamazoo,3,0,FINAL,6473186
2025-10-01,Asbury,Berea,2,2,FINAL,6473459
2025-10-01,Rivier,Keene St.,0,0,FINAL,6473798
2025-10-01,Salem St.,UMass Dartmouth,1,0,FINAL,6473843
2025-10-01,Stockton,TCNJ,3,0,FINAL,6473876
2025-10-01,Va. Wesleyan,Chris. Newport,2,0,FINAL,6474215
2025-10-01,Ohio Wesleyan,Wilmington (OH),1,1,FINAL,6474302
2025-10-01,Guilford,Bridgewater (VA),2,3,FINAL,6474409
2025-10-01,Drew,Immaculata,4,3,FINAL,6474591
2025-10-01,Elizabethtown,Lebanon Valley,1,1,FINAL,6474634
2025-10-01,Emmanuel (MA),Norwich,1,1,FINAL,6474636
2025-10-01,Elms,Mitchell,4,2,FINAL,6474720
2025-10-01,Caltech,Occidental,1,5,FINAL,6474831
2025-10-01,Montclair St.,Kean,2,1,FINAL,6474964
2025-10-01,Geneva,Grove City,1,1,FINAL,6475231
2025-10-01,Rutgers-Newark,Rutgers-Camden,1,2,FINAL,6475293
2025-10-01,Messiah,Lycoming,1,0,FINAL,6475553
2025-10-01,Stevenson,Susquehanna,5,0,FINAL,6475628
2025-10-01,Lynchburg,Randolph,3,0,FINAL,6476194
2025-10-01,Wash. & Lee,Hampden-Sydney,1,1,FINAL,6476628
2025-10-01,Wittenberg,Muskingum,7,1,FINAL,6476742
2025-10-01,Shenandoah,East. Mennonite,2,2,FINAL,6476992
2025-10-01,Houghton,SUNY Brockport,0,2,FINAL,6477067
2025-10-01,Catholic,Salisbury,2,1,FINAL,6477251
2025-10-01,Ramapo,Wm. Paterson,1,2,FINAL,6477399
2025-10-01,Albright,DeSales,1,0,FINAL,6477485
2025-10-01,Cairn,Valley Forge,1,0,FINAL,6477628
2025-10-01,John Carroll,Mount Union,1,2,FINAL,6478118
2025-10-01,Worcester St.,Clark (MA),1,0,FINAL,6478155
2025-10-01,Wash. & Jeff.,Franciscan,0,2,FINAL,6478212
2025-10-01,Salve Regina,Rhode Island Col.,1,0,FINAL,6478260
2025-10-01,Alvernia,Scranton,0,4,FINAL,6478432
2025-10-01,Heidelberg,Mt. St. Joseph,2,3,FINAL,6478483
2025-10-01,Eureka,Webster,0,4,FINAL,6477698
2025-10-01,Thiel,Chatham,1,1,FINAL,6475928
2025-10-01,Belhaven,Huntingdon,2,0,FINAL,6477220
2025-10-01,MSOE,Marian (WI),3,0,FINAL,6473237
2025-10-01,Wis.-Eau Claire,Luther,1,1,FINAL,6476662
2025-10-01,Wis. Lutheran,Lakeland,0,0,FINAL,6477838
2025-10-01,North Park,Millikin,5,1,FINAL,6478309
2025-10-01,Illinois Tech,Benedictine (IL),4,3,FINAL,6478455
2025-10-01,Loras,Wis.-Whitewater,3,2,FINAL,6472788
2025-10-01,Hardin-Simmons,East Tex. Baptist,2,2,FINAL,6476760
2025-10-01,North Central (IL),Trine,1,0,FINAL,6477296
2025-10-01,Ripon,Cornell College,1,0,FINAL,6495706
2025-10-01,Cal Lutheran,Redlands,1,1,FINAL,6476932
2025-10-01,Whittier,La Verne,2,1,FINAL,6477766
2025-10-01,Claremont-M-S,Chapman,1,1,FINAL,6477882
2025-10-01,Linfield,Willamette,1,1,FINAL,6476303
2025-10-02,Belhaven,Mary Hardin-Baylor,1,2,FINAL,6477222
2025-10-03,Concordia (TX),Hendrix,2,2,FINAL,6476388
2025-10-03,Schreiner,LeTourneau,1,1,FINAL,6477098
2025-10-03,Mass. Maritime,Westfield St.,1,1,FINAL,6477795
2025-10-03,Martin Luther,Wis.-Superior,1,7,FINAL,6475513
2025-10-03,Dean,Lasell,5,0,FINAL,6474172
2025-10-03,Rhodes,Sewanee,0,0,FINAL,6477175
2025-10-03,Berry,Southwestern (TX),0,1,FINAL,6476334
2025-10-03,Millsaps,Centre,1,0,FINAL,6473320
2025-10-03,Oglethorpe,Trinity (TX),1,2,FINAL,6478289
2025-10-03,Centenary (LA),Colorado Col.,1,3,FINAL,6478053
2025-10-03,St. Thomas (TX),Dallas,2,0,FINAL,6478490
2025-10-03,Texas Lutheran,Ozarks (AR),4,1,FINAL,6473400
2025-10-03,McMurry,Austin,0,1,FINAL,6478511
2025-10-03,Lewis & Clark,Whitman,2,4,FINAL,6475069
2025-10-04,Wittenberg,Wabash,1,2,FINAL,6473757
2025-10-04,UMass Dartmouth,VTSU Castleton,3,2,FINAL,6473845
2025-10-04,Buffalo St.,SUNY Canton,2,0,FINAL,6474119
2025-10-04,CWRU,Rochester (NY),1,1,FINAL,6475160
2025-10-04,Bethany Lutheran,Wis.-Superior,0,3,FINAL,6475517
2025-10-04,Middlebury,Bowdoin,0,1,FINAL,6472852
2025-10-04,WashU,Brandeis,4,0,FINAL,6472881
2025-10-04,Old Westbury,SUNY Maritime,2,0,FINAL,6472906
2025-10-04,FDU-Florham,Misericordia,6,5,FINAL,6472963
2025-10-04,UChicago,NYU,4,0,FINAL,6473266
2025-10-04,UMass Boston,WestConn,1,2,FINAL,6473492
2025-10-04,Anna Maria,MCLA,6,0,FINAL,6473705
2025-10-04,TCNJ,Montclair St.,1,2,FINAL,6473877
2025-10-04,UMSV,Farmingdale St.,3,0,FINAL,6473905
2025-10-04,Lehman,John Jay,2,4,FINAL,6475126
2025-10-04,SUNY Potsdam,SUNY Oneonta,1,10,FINAL,6475971
2025-10-04,DeSales,Delaware Valley,1,1,FINAL,6477194
2025-10-04,York (PA),Albright,1,0,FINAL,6477486
2025-10-04,Bridgewater St.,Worcester St.,3,0,FINAL,6478156
2025-10-04,Brooklyn,Hunter,1,0,FINAL,6478197
2025-10-04,St. Joseph's (L.I.),Manhattanville,1,0,FINAL,6478364
2025-10-04,Nazareth,Houghton,2,1,FINAL,6478552
2025-10-04,SUNY New Paltz,Fredonia,1,0,FINAL,6473218
2025-10-04,Plattsburgh St.,Cortland,0,2,FINAL,6473594
2025-10-04,Alfred St.,La Roche,1,1,FINAL,6473821
2025-10-04,Mary Washington,Chris. Newport,0,0,FINAL,6474224
2025-10-04,Stockton,New Jersey City,6,0,FINAL,6474344
2025-10-04,Penn St.-Berks,Wilson,1,0,FINAL,6474389
2025-10-04,Denison,Kenyon,2,1,FINAL,6474527
2025-10-04,St. Mary's (MD),Penn St.-Abington,1,0,FINAL,6474627
2025-10-04,Russell Sage,St. John Fisher,0,0,FINAL,6474669
2025-10-04,Neumann,Marywood,1,0,FINAL,6474822
2025-10-04,St. Lawrence,Bard,3,0,FINAL,6475366
2025-10-04,Stevenson,Alvernia,2,0,FINAL,6475630
2025-10-04,Plymouth St.,Eastern Conn. St.,0,3,FINAL,6475864
2025-10-04,Oswego St.,SUNY Morrisville,2,2,FINAL,6476146
2025-10-04,Medgar Evers,York (NY),0,1,FINAL,6476170
2025-10-04,Vassar,RIT,3,2,FINAL,6476361
2025-10-04,MIT,Springfield,5,3,FINAL,6476592
2025-10-04,Minn.-Morris,North Central (MN),1,1,FINAL,6476902
2025-10-04,SUNY Poly,SUNY Brockport,1,2,FINAL,6477077
2025-10-04,Swarthmore,McDaniel,0,0,FINAL,6477280
2025-10-04,Valley Forge,Lancaster Bible,0,5,FINAL,6477434
2025-10-04,Babson,Clark (MA),2,0,FINAL,6477472
2025-10-04,Pratt,Marymount (VA),0,6,FINAL,6477814
2025-10-04,Dominican (IL),North Central (IL),0,4,FINAL,6477967
2025-10-04,Rutgers-Camden,Rowan,4,3,FINAL,6478013
2025-10-04,Mt. St. Mary (NY),Purchase,1,1,FINAL,6478335
2025-10-04,Utica,SUNY Geneseo,1,2,FINAL,6478409
2025-10-04,Penn College,Notre Dame (MD),0,0,FINAL,6478522
2025-10-04,Grove City,Thiel,3,0,FINAL,6496079
2025-10-04,Saint John's (MN),St. Olaf,0,1,FINAL,6475255
2025-10-04,Albertus Magnus,St. Joseph's (ME),4,3,FINAL,6478047
2025-10-04,Elmira,Alfred,3,0,FINAL,6472936
2025-10-04,Bates,Williams,0,1,FINAL,6473050
2025-10-04,Capital,Baldwin Wallace,0,1,FINAL,6473623
2025-10-04,Wesleyan (CT),Amherst,2,1,FINAL,6474269
2025-10-04,Concordia-M'head,Saint Mary's (MN),0,1,FINAL,6474485
2025-10-04,Rensselaer,Union (NY),1,1,FINAL,6474910
2025-10-04,Ithaca,Skidmore,0,1,FINAL,6474924
2025-10-04,Simpson,Neb. Wesleyan,2,3,FINAL,6474992
2025-10-04,Macalester,Augsburg,1,3,FINAL,6475015
2025-10-04,Piedmont,Asbury,2,1,FINAL,6475100
2025-10-04,Dickinson,Franklin & Marshall,4,0,FINAL,6475541
2025-10-04,Colby,Hamilton,0,0,FINAL,6475701
2025-10-04,Greenville,Webster,3,2,FINAL,6475881
2025-10-04,Bethany (WV),Chatham,3,2,FINAL,6475930
2025-10-04,Otterbein,Mount Union,2,2,FINAL,6476110
2025-10-04,Crown (MN),Northwestern-St. Paul,1,1,FINAL,6476876
2025-10-04,Lyon,Westminster (MO),6,0,FINAL,6477383
2025-10-04,Principia,Eureka,5,0,FINAL,6477700
2025-10-04,WPI,Coast Guard,1,2,FINAL,6478171
2025-10-04,Wheaton (MA),Emerson,1,0,FINAL,6478220
2025-10-04,Bethel (MN),Gustavus Adolphus,2,4,FINAL,6478245
2025-10-04,Caltech,Cal Lutheran,1,0,FINAL,6478396
2025-10-04,DePauw,Wooster,1,1,FINAL,6473295
2025-10-04,Geneva,Allegheny,1,2,FINAL,6473959
2025-10-04,Western New Eng.,Roger Williams,1,2,FINAL,6474092
2025-10-04,Husson,Me.-Presque Isle,4,0,FINAL,6474150
2025-10-04,Hartwick,Keuka,3,0,FINAL,6475708
2025-10-04,Clarkson,Hobart,0,1,FINAL,6476073
2025-10-04,Saint Joseph (CT),Rivier,2,2,FINAL,6476419
2025-10-04,Trinity (CT),Tufts,1,2,FINAL,6476727
2025-10-04,Grinnell,Ripon,4,1,FINAL,6478072
2025-10-04,Lawrence,Cornell College,0,1,FINAL,6478469
2025-10-04,Southern Me.,Keene St.,1,0,FINAL,6473800
2025-10-04,Wash. & Jeff.,Waynesburg,1,0,FINAL,6473917
2025-10-04,Rhode Island Col.,Connecticut Col.,0,4,FINAL,6474059
2025-10-04,Centenary (NJ),Immaculata,0,0,FINAL,6474601
2025-10-04,Emmanuel (MA),Colby-Sawyer,1,2,FINAL,6475320
2025-10-04,Covenant,LaGrange,4,0,FINAL,6475446
2025-10-04,Spalding,MUW,10,1,FINAL,6475993
2025-10-04,Arcadia,Lebanon Valley,4,4,FINAL,6476691
2025-10-04,JWU (Providence),Endicott,2,1,FINAL,6476842
2025-10-04,Ursinus,Muhlenberg,0,2,FINAL,6477129
2025-10-04,VTSU-Johnson,Lesley,3,1,FINAL,6477341
2025-10-04,Suffolk,Wentworth,3,0,FINAL,6477515
2025-10-04,Nichols,Curry,1,0,FINAL,6478123
2025-10-04,UC Santa Cruz,Carleton,0,1,FINAL,6478322
2025-10-04,Messiah,Widener,0,0,FINAL,6478460
2025-10-04,Penn St.-Behrend,Mount Aloysius,3,1,FINAL,6472732
2025-10-04,Me.-Farmington,Maine Maritime,0,0,FINAL,6472997
2025-10-04,Hanover,Rose-Hulman,2,0,FINAL,6473021
2025-10-04,Berea,Bluffton,0,2,FINAL,6473461
2025-10-04,Moravian,Catholic,1,1,FINAL,6475482
2025-10-04,Lycoming,Drew,1,1,FINAL,6475559
2025-10-04,Manchester,Transylvania,0,5,FINAL,6476021
2025-10-04,Thomas (ME),U New England,1,2,FINAL,6477009
2025-10-04,Goucher,Scranton,0,2,FINAL,6478439
2025-10-04,Franklin,Mt. St. Joseph,3,4,FINAL,6478498
2025-10-04,Anderson (IN),Earlham,1,2,FINAL,6478504
2025-10-04,Concordia Wisconsin,Edgewood,0,3,FINAL,6472763
2025-10-04,Beloit,Knox,2,0,FINAL,6473166
2025-10-04,Lynchburg,Averett,9,0,FINAL,6473647
2025-10-04,Bridgewater (VA),Roanoke,2,0,FINAL,6473988
2025-10-04,Juniata,Wilkes,1,0,FINAL,6474015
2025-10-04,Brevard,Methodist,3,3,FINAL,6474751
2025-10-04,UW-River Falls,Wis.-Platteville,2,2,FINAL,6475400
2025-10-04,Va. Wesleyan,Wash. & Lee,0,2,FINAL,6476630
2025-10-04,Hood,Eastern,3,0,FINAL,6476965
2025-10-04,Dubuque,Luther,1,1,FINAL,6473078
2025-10-04,Illinois Tech,Marian (WI),1,1,FINAL,6473239
2025-10-04,Aurora,Lakeland,7,0,FINAL,6474620
2025-10-04,Elizabethtown,Susquehanna,1,1,FINAL,6474641
2025-10-04,St. Scholastica,Hamline,2,2,FINAL,6474941
2025-10-04,St. Joseph's (Brkln),Sarah Lawrence,1,3,FINAL,6476274
2025-10-04,Hiram,Saint Vincent,1,2,FINAL,6476947
2025-10-04,Belhaven,Maryville (TN),4,1,FINAL,6477224
2025-10-04,Rockford,Wis. Lutheran,2,3,FINAL,6477454
2025-10-04,Lake Forest,Illinois Col.,4,3,FINAL,6477718
2025-10-04,Carroll (WI),Augustana (IL),1,0,FINAL,6478192
2025-10-04,Fitchburg St.,Salem St.,1,1,FINAL,6474088
2025-10-04,Ohio Northern,Marietta,1,0,FINAL,6474538
2025-10-04,Kean,Ramapo,1,3,FINAL,6475200
2025-10-04,Warren Wilson,Greensboro,1,4,FINAL,6476235
2025-10-04,Calvin,Olivet,5,0,FINAL,6499891
2025-10-04,George Fox,Whitworth,0,1,FINAL,6474863
2025-10-04,Pacific Lutheran,Pacific (OR),4,1,FINAL,6476468
2025-10-04,Puget Sound,Linfield,2,3,FINAL,6478276
2025-10-04,Hartford,Gordon,0,1,FINAL,6473674
2025-10-04,Heidelberg,Wilmington (OH),1,2,FINAL,6474307
2025-10-04,Norwich,Elms,3,1,FINAL,6474645
2025-10-04,Johns Hopkins,Gettysburg,0,1,FINAL,6474771
2025-10-04,Baruch,CCNY,2,2,FINAL,6476052
2025-10-04,New England Col.,Mitchell,2,0,FINAL,6477425
2025-10-04,King's (PA),Stevens,0,0,FINAL,6472824
2025-10-04,East. Mennonite,Randolph-Macon,1,1,FINAL,6473105
2025-10-04,Franciscan,Westminster (PA),2,0,FINAL,6473373
2025-10-04,Southern Va.,N.C. Wesleyan,1,2,FINAL,6473721
2025-10-04,Hampden-Sydney,Guilford,3,0,FINAL,6474416
2025-10-04,Rutgers-Newark,Wm. Paterson,0,1,FINAL,6475297
2025-10-04,Saint Elizabeth,Gwynedd Mercy,2,1,FINAL,6475728
2025-10-04,Randolph,Shenandoah,2,1,FINAL,6476994
2025-10-04,Washington Col.,Haverford,1,1,FINAL,6477550
2025-10-04,Pitt.-Bradford,Pitt.-Greensburg,1,2,FINAL,6478452
2025-10-04,John Carroll,Oberlin,1,0,FINAL,6475430
2025-10-04,Wis.-Whitewater,Wis.-Stevens Point,1,0,FINAL,6472790
2025-10-04,Wis.-Eau Claire,Wis.-Stout,3,0,FINAL,6473565
2025-10-04,Carthage,Ill. Wesleyan,1,2,FINAL,6478039
2025-10-04,Elmhurst,Millikin,5,1,FINAL,6478311
2025-10-04,North Park,Wheaton (IL),0,1,FINAL,6473188
2025-10-04,Benedictine (IL),MSOE,3,6,FINAL,6474367
2025-10-04,Hardin-Simmons,Howard Payne,0,2,FINAL,6476769
2025-10-04,East Tex. Baptist,Mary Hardin-Baylor,0,2,FINAL,6477055
2025-10-04,Loras,Buena Vista,5,0,FINAL,6478007
2025-10-04,Coe,Central (IA),1,2,FINAL,6478376
2025-10-04,Redlands,Occidental,0,3,FINAL,6474837
2025-10-04,Claremont-M-S,La Verne,1,2,FINAL,6477767
2025-10-04,Whittier,Pomona-Pitzer,1,2,FINAL,6478477
2025-10-05,Carnegie Mellon,Emory,1,1,FINAL,6475795
2025-10-05,Berry,Trinity (TX),1,4,FINAL,6476337
2025-10-05,Husson,Williams,0,6,FINAL,6473052
2025-10-05,Merchant Marine,Yeshiva,4,0,FINAL,6476829
2025-10-05,St. Thomas (TX),Colorado Col.,0,0,FINAL,6476497
2025-10-05,Oglethorpe,Southwestern (TX),0,1,FINAL,6477202
2025-10-05,Middlebury,Thomas (ME),7,1,FINAL,6472854
2025-10-05,William Peace,Mary Baldwin,7,0,FINAL,6478447
2025-10-05,Millsaps,Sewanee,1,2,FINAL,6473322
2025-10-05,Texas Lutheran,Hendrix,1,0,FINAL,6473402
2025-10-05,Bates,Hamilton,2,0,FINAL,6474411
2025-10-05,Ozarks (AR),Concordia (TX),0,2,FINAL,6477533
2025-10-05,Centenary (LA),Dallas,7,0,FINAL,6478491
2025-10-05,Berea,MUW,7,0,FINAL,6473463
2025-10-05,LeTourneau,McMurry,3,2,FINAL,6477100
2025-10-05,Rhodes,Centre,1,1,FINAL,6477157
2025-10-05,Schreiner,Austin,1,2,FINAL,6500513
2025-10-05,Concordia Chicago,St. Norbert,0,2,FINAL,6474442
2025-10-05,Lewis & Clark,Whitworth,0,4,FINAL,6474864
2025-10-05,Pacific Lutheran,Linfield,5,3,FINAL,6476470
2025-10-05,George Fox,Whitman,3,4,FINAL,6476804
2025-10-05,Puget Sound,Pacific (OR),2,1,FINAL,6478404
2025-10-06,Eastern Conn. St.,Hartford,0,1,FINAL,6473676
2025-10-06,MIT,Gordon,2,2,FINAL,6476580
2025-10-06,SUNY Maritime,Medgar Evers,6,0,FINAL,6472908
2025-10-06,Wis.-Eau Claire,Bethel (MN),2,1,FINAL,6477941
2025-10-07,Notre Dame (MD),St. Mary's (MD),0,6,FINAL,6474649
2025-10-07,Wis.-Platteville,Neb. Wesleyan,6,0,FINAL,6474994
2025-10-07,St. Scholastica,Saint John's (MN),1,2,FINAL,6476219
2025-10-07,Mitchell,Albertus Magnus,0,4,FINAL,6477428
2025-10-07,Cairn,Wilson,5,1,FINAL,6477629
2025-10-07,Martin Luther,Bethany Lutheran,1,7,FINAL,6478529
2025-10-07,Dean,Elms,3,2,FINAL,6474175
2025-10-07,Saint Joseph (CT),Regis (MA),1,0,FINAL,6476423
2025-10-07,Wheaton (MA),Endicott,1,1,FINAL,6476843
2025-10-07,Wabash,DePauw,1,4,FINAL,6473759
2025-10-07,Haverford,TCNJ,2,1,FINAL,6473883
2025-10-07,Wesleyan (CT),Trinity (CT),4,1,FINAL,6474271
2025-10-07,St. Joseph's (Brkln),Old Westbury,0,6,FINAL,6475339
2025-10-07,Western New Eng.,Curry,4,1,FINAL,6476530
2025-10-07,Westfield St.,Salve Regina,2,3,FINAL,6477787
2025-10-07,Alma,Kalamazoo,0,3,FINAL,6477265
2025-10-07,Penn College,Penn St.-Berks,2,1,FINAL,6474427
2025-10-07,Gallaudet,Penn St.-Abington,0,12,FINAL,6475839
2025-10-07,Cornell College,Grinnell,2,1,FINAL,6478073
2025-10-07,Hood,McDaniel,1,0,FINAL,6478481
2025-10-07,Crown (MN),Minn.-Morris,1,2,FINAL,6476878
2025-10-07,Northwestern-St. Paul,North Central (MN),2,1,FINAL,6476904
2025-10-07,Mt. St. Mary (NY),Merchant Marine,2,2,FINAL,6476831
2025-10-07,Illinois Col.,Beloit,2,2,FINAL,6473168
2025-10-07,Mass. Maritime,UMass Dartmouth,3,0,FINAL,6473847
2025-10-07,Purchase,Farmingdale St.,2,3,FINAL,6473908
2025-10-07,Wilkes,Susquehanna,2,2,FINAL,6474017
2025-10-07,Fitchburg St.,Colby-Sawyer,5,4,FINAL,6474094
2025-10-07,Hope,Calvin,1,1,FINAL,6474542
2025-10-07,Elizabethtown,Juniata,1,1,FINAL,6474650
2025-10-07,Emmanuel (MA),Lasell,5,0,FINAL,6475322
2025-10-07,Moravian,Drew,2,0,FINAL,6475486
2025-10-07,Scranton,Lycoming,2,0,FINAL,6475562
2025-10-07,Penn St. Harrisburg,Lancaster Bible,1,1,FINAL,6475648
2025-10-07,UW-River Falls,Gustavus Adolphus,0,3,FINAL,6475822
2025-10-07,Sarah Lawrence,Manhattanville,0,5,FINAL,6476276
2025-10-07,Adrian,Olivet,3,2,FINAL,6476567
2025-10-07,Wittenberg,Ohio Wesleyan,2,3,FINAL,6476744
2025-10-07,Swarthmore,Eastern,7,2,FINAL,6476967
2025-10-07,VTSU Castleton,VTSU-Johnson,3,1,FINAL,6477144
2025-10-07,Trine,Albion,0,4,FINAL,6477298
2025-10-07,York (PA),Washington Col.,1,0,FINAL,6477551
2025-10-07,St. Joseph's (ME),New England Col.,1,0,FINAL,6477573
2025-10-07,Suffolk,Framingham St.,4,0,FINAL,6477615
2025-10-07,Lawrence,Lake Forest,1,2,FINAL,6477720
2025-10-07,Worcester St.,Springfield,2,0,FINAL,6477910
2025-10-07,Southern Me.,Bowdoin,0,1,FINAL,6477938
2025-10-07,Goucher,Catholic,1,3,FINAL,6477982
2025-10-07,Muhlenberg,Rutgers-Camden,2,0,FINAL,6478014
2025-10-07,Brandeis,Anna Maria,1,0,FINAL,6478088
2025-10-07,Chatham,Westminster (PA),0,0,FINAL,6473375
2025-10-07,Ursinus,Stockton,2,1,FINAL,6474349
2025-10-07,Knox,Monmouth (IL),3,1,FINAL,6473351
2025-10-07,Wis.-Superior,Augsburg,0,1,FINAL,6475017
2025-10-07,East Tex. Baptist,Hendrix,2,1,FINAL,6476390
2025-10-07,Wis.-Stevens Point,Marian (WI),2,1,FINAL,6473240
2025-10-07,Ripon,Maranatha Baptist,6,0,FINAL,6478568
2025-10-08,Muskingum,Wilmington (OH),1,2,FINAL,6474313
2025-10-08,Webster,Westminster (MO),1,3,FINAL,6477381
2025-10-08,Concordia Chicago,Concordia Wisconsin,1,2,FINAL,6472764
2025-10-08,Wash. & Lee,Chris. Newport,0,0,FINAL,6474226
2025-10-08,Bluffton,Earlham,6,4,FINAL,6474231
2025-10-08,York (NY),Baruch,3,2,FINAL,6476048
2025-10-08,Anderson (IN),Manchester,0,0,FINAL,6476023
2025-10-08,SUNY Morrisville,SUNY New Paltz,1,3,FINAL,6473220
2025-10-08,SUNY Oneonta,Plattsburgh St.,1,2,FINAL,6473596
2025-10-08,Heidelberg,Capital,0,4,FINAL,6473625
2025-10-08,Allegheny,Wash. & Jeff.,0,1,FINAL,6473961
2025-10-08,Southern Va.,Guilford,1,0,FINAL,6474418
2025-10-08,Neumann,Centenary (NJ),4,0,FINAL,6474824
2025-10-08,Rutgers-Newark,NYU,2,3,FINAL,6475302
2025-10-08,Cortland,Oswego St.,1,0,FINAL,6475484
2025-10-08,Elmira,Hartwick,1,0,FINAL,6475710
2025-10-08,Hilbert,Penn St.-Behrend,1,3,FINAL,6475906
2025-10-08,Ithaca,Hobart,2,3,FINAL,6476075
2025-10-08,Salem St.,Clark (MA),1,1,FINAL,6476128
2025-10-08,Mary Baldwin,Greensboro,3,6,FINAL,6476237
2025-10-08,Mary Washington,Shenandoah,2,0,FINAL,6476359
2025-10-08,Nazareth,SUNY Brockport,1,4,FINAL,6477089
2025-10-08,Keuka,Houghton,3,2,FINAL,6477312
2025-10-08,John Jay,Brooklyn,1,2,FINAL,6478131
2025-10-08,Rivier,Emerson,1,1,FINAL,6478221
2025-10-08,Rhode Island Col.,Bridgewater St.,0,3,FINAL,6478261
2025-10-08,Kenyon,Oberlin,0,1,FINAL,6500565
2025-10-08,U New England,Hartford,2,3,FINAL,6473677
2025-10-08,Warren Wilson,Brevard,2,3,FINAL,6474755
2025-10-08,LaGrange,Piedmont,3,3,FINAL,6475175
2025-10-08,Franciscan,Bethany (WV),5,0,FINAL,6477889
2025-10-08,SUNY Poly,St. John Fisher,0,1,FINAL,6474678
2025-10-08,Montclair St.,DeSales,5,0,FINAL,6474966
2025-10-08,SUNY Canton,SUNY Potsdam,2,0,FINAL,6475973
2025-10-08,Messiah,Lynchburg,1,5,FINAL,6476195
2025-10-08,Dickinson,Lebanon Valley,6,1,FINAL,6476693
2025-10-08,UMSV,St. Joseph's (L.I.),0,0,FINAL,6478458
2025-10-08,Keene St.,Amherst,1,2,FINAL,6496574
2025-10-08,Utica,Russell Sage,3,0,FINAL,6478410
2025-10-08,Penn St.-Altoona,Mount Aloysius,1,6,FINAL,6472734
2025-10-08,Wm. Paterson,FDU-Florham,0,2,FINAL,6472967
2025-10-08,Mt. St. Joseph,Hanover,2,3,FINAL,6473023
2025-10-08,Randolph-Macon,Va. Wesleyan,1,0,FINAL,6473107
2025-10-08,Denison,Wooster,1,1,FINAL,6473297
2025-10-08,Rose-Hulman,Franklin,5,0,FINAL,6473431
2025-10-08,Transylvania,Berea,1,0,FINAL,6473465
2025-10-08,Pfeiffer,William Peace,1,1,FINAL,6473540
2025-10-08,Averett,Roanoke,1,0,FINAL,6473649
2025-10-08,Buffalo St.,Fredonia,2,1,FINAL,6474123
2025-10-08,Edgewood,St. Norbert,2,1,FINAL,6474448
2025-10-08,Marietta,Otterbein,0,3,FINAL,6474543
2025-10-08,Immaculata,Marymount (VA),0,0,FINAL,6474621
2025-10-08,Union (NY),Vassar,1,0,FINAL,6474913
2025-10-08,Rochester (NY),RIT,1,1,FINAL,6475162
2025-10-08,Saint Vincent,Geneva,1,0,FINAL,6475235
2025-10-08,Albright,Franklin & Marshall,0,5,FINAL,6475531
2025-10-08,Marywood,Saint Elizabeth,4,0,FINAL,6475730
2025-10-08,Bard,Rensselaer,1,1,FINAL,6475797
2025-10-08,Johns Hopkins,Salisbury,1,2,FINAL,6476452
2025-10-08,Wentworth,JWU (Providence),0,3,FINAL,6477517
2025-10-08,Gwynedd Mercy,Pratt,2,0,FINAL,6477600
2025-10-08,Baldwin Wallace,Ohio Northern,2,3,FINAL,6478283
2025-10-08,Gordon,Nichols,2,0,FINAL,6478297
2025-10-08,CCNY,Hunter,0,0,FINAL,6478536
2025-10-08,Millsaps,Belhaven,0,1,FINAL,6473324
2025-10-08,Kean,WestConn,0,3,FINAL,6475209
2025-10-08,Spalding,Blackburn,3,2,FINAL,6475995
2025-10-08,Hiram,Grove City,1,4,FINAL,6476950
2025-10-08,Alvernia,Rowan,1,1,FINAL,6478238
2025-10-08,Ill. Wesleyan,Wheaton (IL),2,3,FINAL,6473190
2025-10-08,Saint Mary's (MN),Wis.-Stout,4,1,FINAL,6473567
2025-10-08,Waynesburg,Thiel,5,0,FINAL,6473921
2025-10-08,Wis. Lutheran,MSOE,0,6,FINAL,6474375
2025-10-08,Aurora,Dominican (IL),5,0,FINAL,6474625
2025-10-08,Benedictine (IL),Rockford,3,0,FINAL,6477458
2025-10-08,Carthage,Carroll (WI),1,2,FINAL,6478040
2025-10-08,Lakeland,Illinois Tech,1,2,FINAL,6478142
2025-10-08,Elmhurst,North Park,1,2,FINAL,6478350
2025-10-08,Wartburg,Dubuque,5,2,FINAL,6473079
2025-10-08,Luther,Loras,2,2,FINAL,6474264
2025-10-08,Simpson,Central (IA),2,2,FINAL,6476651
2025-10-08,North Central (IL),Augustana (IL),2,2,FINAL,6477968
2025-10-08,Buena Vista,Coe,1,2,FINAL,6478357
2025-10-08,Occidental,Chapman,2,0,FINAL,6474840
2025-10-08,Pomona-Pitzer,Redlands,2,2,FINAL,6476936
2025-10-08,Claremont-M-S,Caltech,2,1,FINAL,6478275
2025-10-08,Cal Lutheran,Whittier,1,2,FINAL,6478476
2025-10-08,George Fox,Pacific (OR),1,1,FINAL,6476805
2025-10-09,Penn St.-Abington,Penn College,2,0,FINAL,6478446
2025-10-09,Medgar Evers,Lehman,0,9,FINAL,6475128
2025-10-09,Eureka,Lyon,0,4,FINAL,6477702
2025-10-09,La Verne,UC Santa Cruz,1,3,FINAL,6477769
2025-10-10,Eastern,Messiah,0,1,FINAL,6476969
2025-10-10,Westminster (PA),Grove City,0,3,FINAL,6473377
2025-10-10,MCLA,Fitchburg St.,1,5,FINAL,6473706
2025-10-10,Methodist,Southern Va.,1,1,FINAL,6475383
2025-10-10,Ursinus,Swarthmore,0,2,FINAL,6477131
2025-10-10,LaGrange,Maryville (TN),1,1,FINAL,6477660
2025-10-10,Chatham,Wash. & Jeff.,3,0,FINAL,6475931
2025-10-10,Colorado Col.,Texas Lutheran,2,0,FINAL,6473404
2025-10-10,Dallas,Concordia (TX),1,3,FINAL,6477535
2025-10-10,Hendrix,Schreiner,4,3,FINAL,6476397
2025-10-10,LeTourneau,Centenary (LA),1,2,FINAL,6477107
2025-10-10,Ozarks (AR),McMurry,3,1,FINAL,6478232
2025-10-10,Austin,St. Thomas (TX),2,0,FINAL,6476499
2025-10-11,Thiel,Franciscan,0,4,FINAL,6478214
2025-10-11,CWRU,WashU,0,1,FINAL,6472883
2025-10-11,Carnegie Mellon,UChicago,1,1,FINAL,6473268
2025-10-11,Brandeis,Emory,1,1,FINAL,6475799
2025-10-11,Eureka,Spalding,4,1,FINAL,6475997
2025-10-11,Salisbury,Mary Washington,0,0,FINAL,6476363
2025-10-11,Westfield St.,Worcester St.,6,4,FINAL,6477789
2025-10-11,Framingham St.,Anna Maria,3,2,FINAL,6478302
2025-10-11,Bowdoin,Trinity (CT),3,0,FINAL,6478317
2025-10-11,Williams,Wesleyan (CT),0,1,FINAL,6473054
2025-10-11,Farmingdale St.,St. Joseph's (L.I.),4,2,FINAL,6473914
2025-10-11,Roger Williams,Suffolk,3,2,FINAL,6474097
2025-10-11,Lehman,CCNY,1,0,FINAL,6475129
2025-10-11,Brooklyn,Medgar Evers,6,0,FINAL,6476172
2025-10-11,Arcadia,DeSales,2,1,FINAL,6476713
2025-10-11,Albion,Alma,2,1,FINAL,6477267
2025-10-11,Rivier,Mitchell,5,0,FINAL,6477430
2025-10-11,Wentworth,Nichols,1,0,FINAL,6477519
2025-10-11,WestConn,Southern Me.,3,0,FINAL,6477940
2025-10-11,Hunter,York (NY),7,2,FINAL,6478148
2025-10-11,Tufts,Bates,2,0,FINAL,6474432
2025-10-11,Alfred,Utica,2,2,FINAL,6472938
2025-10-11,SUNY New Paltz,Oswego St.,1,1,FINAL,6473222
2025-10-11,Wooster,Wabash,2,1,FINAL,6473299
2025-10-11,Plattsburgh St.,SUNY Canton,2,0,FINAL,6473598
2025-10-11,Bridgewater (VA),Averett,2,2,FINAL,6473650
2025-10-11,Keene St.,Rhode Island Col.,3,2,FINAL,6473801
2025-10-11,Ramapo,TCNJ,0,1,FINAL,6473885
2025-10-11,Cortland,Buffalo St.,1,1,FINAL,6474126
2025-10-11,Regis (MA),Dean,1,3,FINAL,6474179
2025-10-11,Rutgers-Camden,Stockton,1,4,FINAL,6474356
2025-10-11,Penn St.-Abington,Penn St.-Berks,5,1,FINAL,6474444
2025-10-11,Norwich,St. Joseph's (ME),1,0,FINAL,6474656
2025-10-11,SUNY Brockport,St. John Fisher,1,0,FINAL,6474687
2025-10-11,New Jersey City,Kean,0,1,FINAL,6475220
2025-10-11,Vassar,St. Lawrence,2,0,FINAL,6475370
2025-10-11,Oberlin,Wittenberg,2,2,FINAL,6475434
2025-10-11,Huntingdon,Covenant,1,4,FINAL,6475468
2025-10-11,John Carroll,DePauw,0,3,FINAL,6475750
2025-10-11,Lancaster Bible,Gallaudet,12,0,FINAL,6475841
2025-10-11,SUNY Potsdam,SUNY Morrisville,1,2,FINAL,6475975
2025-10-11,John Jay,Baruch,0,1,FINAL,6476054
2025-10-11,Salem St.,Bridgewater St.,3,3,FINAL,6476130
2025-10-11,Babson,MIT,2,0,FINAL,6476594
2025-10-11,Keuka,SUNY Poly,1,3,FINAL,6477314
2025-10-11,Fredonia,SUNY Oneonta,0,1,FINAL,6477584
2025-10-11,Marymount (VA),Gwynedd Mercy,3,0,FINAL,6477602
2025-10-11,Notre Dame (MD),Cairn,3,1,FINAL,6477631
2025-10-11,Clark (MA),WPI,1,2,FINAL,6478176
2025-10-11,Emerson,Coast Guard,0,2,FINAL,6478222
2025-10-11,Wm. Paterson,Rowan,1,1,FINAL,6478239
2025-10-11,Nazareth,Russell Sage,1,0,FINAL,6478426
2025-10-11,Springfield,Salve Regina,2,1,FINAL,6500963
2025-10-11,Hamilton,Connecticut Col.,0,1,FINAL,6474062
2025-10-11,Old Westbury,Merchant Marine,1,6,FINAL,6475341
2025-10-11,Wis.-Stout,Wis.-Whitewater,1,2,FINAL,6472792
2025-10-11,Colby,Middlebury,0,4,FINAL,6472856
2025-10-11,Keystone,St. Mary's (MD),1,3,FINAL,6473138
2025-10-11,Marian (WI),Aurora,1,11,FINAL,6473242
2025-10-11,MSOE,Concordia Wisconsin,6,1,FINAL,6474378
2025-10-11,William Peace,Brevard,1,0,FINAL,6474762
2025-10-11,RIT,Union (NY),0,0,FINAL,6474917
2025-10-11,Hobart,Skidmore,2,1,FINAL,6474928
2025-10-11,Asbury,Belhaven,0,0,FINAL,6475102
2025-10-11,Bethany (WV),Geneva,3,1,FINAL,6475246
2025-10-11,St. Olaf,Bethel (MN),4,1,FINAL,6475259
2025-10-11,Bard,Clarkson,2,2,FINAL,6475802
2025-10-11,Macalester,Saint John's (MN),2,1,FINAL,6476221
2025-10-11,Central (IA),Wartburg,1,0,FINAL,6476784
2025-10-11,Trinity (TX),Centre,5,0,FINAL,6477158
2025-10-11,Centenary (NJ),Marywood,1,4,FINAL,6477642
2025-10-11,Caltech,La Verne,2,3,FINAL,6477771
2025-10-11,St. Scholastica,Concordia-M'head,4,0,FINAL,6477945
2025-10-11,Blackburn,Lyon,1,1,FINAL,6478063
2025-10-11,Gustavus Adolphus,Carleton,1,1,FINAL,6478324
2025-10-11,N.C. Wesleyan,Mary Baldwin,4,1,FINAL,6495993
2025-10-11,Lesley,Me.-Farmington,2,2,FINAL,6472999
2025-10-11,Beloit,Lake Forest,0,1,FINAL,6473170
2025-10-11,Millsaps,Berry,1,3,FINAL,6473326
2025-10-11,Ripon,Knox,3,3,FINAL,6473353
2025-10-11,Allegheny,Hiram,3,2,FINAL,6473964
2025-10-11,VTSU Lyndon,Maine Maritime,0,9,FINAL,6475951
2025-10-11,Southwestern (TX),Sewanee,5,0,FINAL,6477204
2025-10-11,North Central (IL),Elmhurst,3,1,FINAL,6477969
2025-10-11,Monmouth (IL),Lawrence,1,1,FINAL,6478081
2025-10-11,FDU-Florham,King's (PA),1,1,FINAL,6472826
2025-10-11,Eastern Conn. St.,UMass Dartmouth,2,1,FINAL,6473848
2025-10-11,New England Col.,Elms,3,2,FINAL,6474722
2025-10-11,Gordon,Western New Eng.,1,2,FINAL,6476533
2025-10-11,Olivet,Hope,0,1,FINAL,6476569
2025-10-11,Manhattanville,St. Joseph's (Brkln),9,0,FINAL,6476611
2025-10-11,Endicott,U New England,1,0,FINAL,6476845
2025-10-11,VTSU-Johnson,Thomas (ME),0,7,FINAL,6477010
2025-10-11,East. Mennonite,Randolph,2,1,FINAL,6477851
2025-10-11,Dickinson,Haverford,1,1,FINAL,6477897
2025-10-11,Colby-Sawyer,Lasell,3,0,FINAL,6478246
2025-10-11,UMSV,Mt. St. Mary (NY),2,1,FINAL,6478336
2025-10-11,McDaniel,Muhlenberg,0,0,FINAL,6478390
2025-10-11,Muskingum,Ohio Northern,1,4,FINAL,6495731
2025-10-11,SUNY Geneseo,Elmira,2,1,FINAL,6495917
2025-10-11,Mount Aloysius,Alfred St.,2,2,FINAL,6472736
2025-10-11,Bluffton,Hanover,1,9,FINAL,6473025
2025-10-11,Manchester,Berea,2,0,FINAL,6473467
2025-10-11,Catholic,Wilkes,3,0,FINAL,6474019
2025-10-11,SUNY Cobleskill,Husson,0,4,FINAL,6474170
2025-10-11,Scranton,Elizabethtown,5,0,FINAL,6474658
2025-10-11,Albertus Magnus,Emmanuel (MA),1,2,FINAL,6475324
2025-10-11,Lycoming,Moravian,1,2,FINAL,6475490
2025-10-11,Houghton,Hartwick,1,5,FINAL,6475712
2025-10-11,MUW,Greenville,1,1,FINAL,6475882
2025-10-11,Drew,Susquehanna,3,1,FINAL,6476090
2025-10-11,SUNY Delhi,Me.-Presque Isle,6,0,FINAL,6477991
2025-10-11,Rhodes,Oglethorpe,1,2,FINAL,6478018
2025-10-11,Misericordia,Stevens,1,1,FINAL,6478414
2025-10-11,Goucher,Juniata,0,2,FINAL,6478440
2025-10-11,Anderson (IN),Franklin,1,0,FINAL,6478501
2025-10-11,Earlham,Transylvania,1,3,FINAL,6478506
2025-10-11,La Roche,Hilbert,6,0,FINAL,6473823
2025-10-11,Penn St.-Altoona,Pitt.-Bradford,1,4,FINAL,6475694
2025-10-11,Lebanon Valley,Delaware Valley,3,2,FINAL,6476694
2025-10-11,Shenandoah,Hampden-Sydney,1,1,FINAL,6476996
2025-10-11,Rensselaer,Ithaca,2,1,FINAL,6478173
2025-10-11,Pitt.-Greensburg,Penn St.-Behrend,1,0,FINAL,6478453
2025-10-11,Dubuque,Neb. Wesleyan,0,2,FINAL,6473081
2025-10-11,St. Norbert,Benedictine (IL),2,1,FINAL,6474453
2025-10-11,Loras,Simpson,3,0,FINAL,6476655
2025-10-11,Crown (MN),Bethany Lutheran,0,3,FINAL,6476880
2025-10-11,Widener,Hood,2,2,FINAL,6477229
2025-10-11,Webster,Principia,3,1,FINAL,6477749
2025-10-11,Wis. Lutheran,Illinois Tech,1,2,FINAL,6477845
2025-10-11,Edgewood,Dominican (IL),4,0,FINAL,6477874
2025-10-11,Ill. Wesleyan,North Park,2,1,FINAL,6478172
2025-10-11,Millikin,Carroll (WI),3,2,FINAL,6478313
2025-10-11,Minn.-Morris,Martin Luther,4,2,FINAL,6478384
2025-10-11,Mt. St. Joseph,Rose-Hulman,1,1,FINAL,6473433
2025-10-11,VTSU Castleton,UMass Boston,1,2,FINAL,6473494
2025-10-11,Roanoke,Wash. & Lee,0,1,FINAL,6473990
2025-10-11,Wis.-Stevens Point,Wis.-Platteville,0,0,FINAL,6475401
2025-10-11,Northwestern-St. Paul,Wis.-Superior,0,4,FINAL,6475519
2025-10-11,Alvernia,York (PA),1,1,FINAL,6477901
2025-10-11,Augsburg,Hamline,1,0,FINAL,6474946
2025-10-11,NYU,Rochester (NY),0,2,FINAL,6475164
2025-10-11,Illinois Col.,Cornell College,1,1,FINAL,6495899
2025-10-11,Whitworth,Puget Sound,1,1,FINAL,6474866
2025-10-11,Willamette,Lewis & Clark,1,0,FINAL,6475072
2025-10-11,Whitman,Pacific Lutheran,1,1,FINAL,6476472
2025-10-11,Linfield,George Fox,2,4,FINAL,6478278
2025-10-11,Sarah Lawrence,SUNY Maritime,0,5,FINAL,6472910
2025-10-11,Augustana (IL),Wheaton (IL),0,4,FINAL,6473192
2025-10-11,Pfeiffer,Greensboro,3,1,FINAL,6473542
2025-10-11,Guilford,Randolph-Macon,1,1,FINAL,6474469
2025-10-11,Marietta,Heidelberg,3,0,FINAL,6474547
2025-10-11,Curry,JWU (Providence),1,4,FINAL,6478124
2025-10-11,Lakeland,Rockford,2,0,FINAL,6477465
2025-10-11,Waynesburg,Saint Vincent,1,1,FINAL,6473925
2025-10-11,Wilmington (OH),Mount Union,5,3,FINAL,6474318
2025-10-11,Ohio Wesleyan,Denison,0,1,FINAL,6474531
2025-10-11,Calvin,Trine,2,0,FINAL,6474551
2025-10-11,Saint Elizabeth,Immaculata,2,1,FINAL,6474681
2025-10-11,Franklin & Marshall,Gettysburg,1,3,FINAL,6474784
2025-10-11,Pratt,Neumann,0,9,FINAL,6474828
2025-10-11,Montclair St.,Rutgers-Newark,6,4,FINAL,6474968
2025-10-11,Albright,Stevenson,1,1,FINAL,6475632
2025-10-11,Otterbein,Baldwin Wallace,3,0,FINAL,6476112
2025-10-11,Kalamazoo,Adrian,2,2,FINAL,6476182
2025-10-11,Lynchburg,Va. Wesleyan,1,0,FINAL,6476199
2025-10-11,Washington Col.,Johns Hopkins,1,0,FINAL,6476454
2025-10-11,Cal Lutheran,UC Santa Cruz,0,1,FINAL,6478371
2025-10-11,Wis.-Eau Claire,UW-River Falls,4,0,FINAL,6475824
2025-10-11,Buena Vista,Luther,0,2,FINAL,6476664
2025-10-11,Mary Hardin-Baylor,Hardin-Simmons,1,0,FINAL,6476764
2025-10-11,Howard Payne,East Tex. Baptist,0,3,FINAL,6477924
2025-10-11,Occidental,Claremont-M-S,3,3,FINAL,6474842
2025-10-11,Redlands,Whittier,3,3,FINAL,6476940
2025-10-11,Chapman,Pomona-Pitzer,1,0,FINAL,6477884
2025-10-12,Hartford,Trinity (CT),1,0,FINAL,6473679
2025-10-12,Williams,WestConn,3,3,FINAL,6473056
2025-10-12,VTSU-Johnson,Maine Maritime,1,4,FINAL,6475953
2025-10-12,Colorado Col.,Concordia (TX),1,1,FINAL,6477537
2025-10-12,Hendrix,McMurry,3,2,FINAL,6476403
2025-10-12,VTSU Lyndon,Thomas (ME),1,16,FINAL,6477012
2025-10-12,SUNY Cobleskill,Me.-Presque Isle,0,1,FINAL,6477994
2025-10-12,Dallas,Texas Lutheran,1,3,FINAL,6473406
2025-10-12,Centenary (LA),Austin,4,1,FINAL,6478543
2025-10-12,SUNY Delhi,Husson,2,0,FINAL,6474173
2025-10-12,LeTourneau,St. Thomas (TX),3,1,FINAL,6476501
2025-10-12,Ozarks (AR),Schreiner,1,2,FINAL,6478233
2025-10-12,Warren Wilson,LaGrange,2,5,FINAL,6478135
2025-10-12,Whitworth,Pacific Lutheran,1,1,FINAL,6474868
2025-10-12,Lewis & Clark,Linfield,4,4,FINAL,6475074
2025-10-12,Pacific (OR),Willamette,1,1,FINAL,6476305
2025-10-12,Whitman,Puget Sound,4,1,FINAL,6477960
2025-10-12,Carthage,Wis.-Whitewater,0,3,FINAL,6472794
2025-10-13,Swarthmore,UMass Boston,0,1,FINAL,6473496
2025-10-13,Berry,Piedmont,3,0,FINAL,6475176
2025-10-13,Wis.-Stevens Point,St. Scholastica,2,0,FINAL,6477946
2025-10-13,VTSU Castleton,Westfield St.,0,0,FINAL,6477146
2025-10-14,JWU (Providence),Hartford,0,0,FINAL,6473681
2025-10-14,Hilbert,Alfred St.,3,3,FINAL,6475238
2025-10-14,Plymouth St.,VTSU Lyndon,4,0,FINAL,6475868
2025-10-14,Eastern,Washington Col.,2,0,FINAL,6476970
2025-10-14,Pitt.-Greensburg,La Roche,1,2,FINAL,6473826
2025-10-14,Connecticut Col.,Coast Guard,3,0,FINAL,6474064
2025-10-14,Western New Eng.,Endicott,1,0,FINAL,6476535
2025-10-14,Bethany (WV),Hiram,0,1,FINAL,6476956
2025-10-14,U New England,Suffolk,0,2,FINAL,6477617
2025-10-14,Maranatha Baptist,Lawrence,1,1,FINAL,6500533
2025-10-14,Union (NY),Wheaton (MA),0,3,FINAL,6529476
2025-10-14,Neb. Wesleyan,Wartburg,1,2,FINAL,6474995
2025-10-14,Huntingdon,Sewanee,0,5,FINAL,6477176
2025-10-14,King's (PA),Gettysburg,1,2,FINAL,6472828
2025-10-14,Bridgewater St.,UMass Dartmouth,1,0,FINAL,6473850
2025-10-14,Drew,Wilkes,2,1,FINAL,6474021
2025-10-14,Curry,Roger Williams,1,2,FINAL,6474101
2025-10-14,Springfield,Wesleyan (CT),0,2,FINAL,6474275
2025-10-14,Southern Me.,Bates,2,2,FINAL,6474435
2025-10-14,Hood,Immaculata,1,0,FINAL,6474567
2025-10-14,Catholic,Elizabethtown,1,0,FINAL,6474663
2025-10-14,Scranton,Moravian,1,0,FINAL,6475493
2025-10-14,Lycoming,Goucher,0,1,FINAL,6475564
2025-10-14,Penn St.-Behrend,Pitt.-Bradford,6,2,FINAL,6475921
2025-10-14,Susquehanna,Juniata,2,0,FINAL,6476092
2025-10-14,Tufts,Amherst,2,0,FINAL,6476729
2025-10-14,Gordon,Wentworth,3,0,FINAL,6477521
2025-10-14,New England Col.,Framingham St.,2,2,FINAL,6477577
2025-10-14,Muhlenberg,Widener,3,1,FINAL,6478391
2025-10-14,Maine Maritime,Colby,0,2,FINAL,6475705
2025-10-14,Spalding,Principia,1,1,FINAL,6475999
2025-10-14,Ursinus,Misericordia,0,1,FINAL,6477133
2025-10-14,Dubuque,Simpson,0,1,FINAL,6473083
2025-10-14,Luther,Central (IA),5,0,FINAL,6474268
2025-10-14,Loras,Coe,1,0,FINAL,6478008
2025-10-15,Russell Sage,SUNY Poly,1,2,FINAL,6477036
2025-10-15,Hunter,Lehman,1,1,FINAL,6475131
2025-10-15,St. Lawrence,Ithaca,2,1,FINAL,6475371
2025-10-15,Fredonia,Cortland,1,2,FINAL,6475488
2025-10-15,New Jersey City,Ramapo,1,4,FINAL,6476551
2025-10-15,Lasell,Albertus Magnus,2,0,FINAL,6478048
2025-10-15,York (NY),John Jay,0,2,FINAL,6478132
2025-10-15,Earlham,Rose-Hulman,0,4,FINAL,6473435
2025-10-15,FDU-Florham,Albright,3,1,FINAL,6472969
2025-10-15,SUNY New Paltz,Plattsburgh St.,1,2,FINAL,6473224
2025-10-15,Wooster,John Carroll,2,0,FINAL,6473300
2025-10-15,Wabash,Ohio Wesleyan,1,2,FINAL,6473763
2025-10-15,Farmingdale St.,Haverford,0,6,FINAL,6473919
2025-10-15,DePauw,Denison,1,0,FINAL,6474535
2025-10-15,Norwich,Rivier,1,3,FINAL,6474665
2025-10-15,Salem St.,WPI,1,1,FINAL,6476132
2025-10-15,SUNY Morrisville,SUNY Canton,4,2,FINAL,6476148
2025-10-15,N.C. Wesleyan,Mary Washington,1,0,FINAL,6476368
2025-10-15,St. Joseph's (Brkln),St. Joseph's (L.I.),0,3,FINAL,6476613
2025-10-15,Stevens,Alvernia,1,1,FINAL,6476673
2025-10-15,Rhode Island Col.,Thomas (ME),2,0,FINAL,6477014
2025-10-15,Regis (MA),Mitchell,6,1,FINAL,6477432
2025-10-15,Monmouth (IL),Illinois Col.,0,1,FINAL,6478082
2025-10-15,Brooklyn,CCNY,3,0,FINAL,6478198
2025-10-15,SUNY Geneseo,Nazareth,1,0,FINAL,6478427
2025-10-15,Dominican (IL),Illinois Tech,1,1,FINAL,6478448
2025-10-15,Gallaudet,Keystone,2,4,FINAL,6500578
2025-10-15,Rockford,Concordia Wisconsin,0,3,FINAL,6472766
2025-10-15,Hamline,Gustavus Adolphus,0,1,FINAL,6474950
2025-10-15,Carleton,Saint John's (MN),1,1,FINAL,6476223
2025-10-15,Minn.-Morris,Crown (MN),2,3,FINAL,6476882
2025-10-15,North Central (MN),Northwestern-St. Paul,2,3,FINAL,6476905
2025-10-15,Lyon,East Tex. Baptist,1,3,FINAL,6477925
2025-10-15,Grinnell,Beloit,1,1,FINAL,6473172
2025-10-15,Cornell College,Knox,1,0,FINAL,6473355
2025-10-15,Penn St.-Berks,St. Mary's (MD),0,1,FINAL,6474450
2025-10-15,Cairn,Penn St. Harrisburg,0,2,FINAL,6475652
2025-10-15,Lancaster Bible,Penn St.-Abington,0,1,FINAL,6477419
2025-10-15,Lake Forest,Ripon,1,0,FINAL,6477722
2025-10-15,Concordia-M'head,Macalester,2,6,FINAL,6477734
2025-10-15,Wash. & Jeff.,Saint Vincent,0,1,FINAL,6478241
2025-10-15,SUNY Brockport,Alfred,2,0,FINAL,6472939
2025-10-15,Pfeiffer,Warren Wilson,4,0,FINAL,6473544
2025-10-15,TCNJ,Rutgers-Camden,2,0,FINAL,6473890
2025-10-15,Waynesburg,Chatham,2,2,FINAL,6473928
2025-10-15,Saint Joseph (CT),Dean,2,1,FINAL,6474208
2025-10-15,Rowan,Stockton,1,0,FINAL,6474365
2025-10-15,Skidmore,Rensselaer,1,0,FINAL,6474932
2025-10-15,Maryville (TN),Asbury,3,1,FINAL,6475104
2025-10-15,Stevenson,McDaniel,2,0,FINAL,6475634
2025-10-15,Marymount (VA),Saint Elizabeth,3,1,FINAL,6475732
2025-10-15,Greenville,Eureka,2,0,FINAL,6475884
2025-10-15,Oswego St.,SUNY Potsdam,5,2,FINAL,6475979
2025-10-15,Baruch,Medgar Evers,4,0,FINAL,6476055
2025-10-15,Greensboro,Southern Va.,3,1,FINAL,6476239
2025-10-15,Va. Wesleyan,East. Mennonite,3,1,FINAL,6477093
2025-10-15,Anna Maria,Clark (MA),2,3,FINAL,6478303
2025-10-15,Hartwick,Utica,0,1,FINAL,6475714
2025-10-15,Berea,Hanover,0,2,FINAL,6473026
2025-10-15,Wash. & Lee,Randolph-Macon,2,1,FINAL,6473111
2025-10-15,Capital,Marietta,4,2,FINAL,6473627
2025-10-15,Guilford,Averett,0,2,FINAL,6473652
2025-10-15,Randolph,Roanoke,1,5,FINAL,6473992
2025-10-15,SUNY Oneonta,Buffalo St.,1,1,FINAL,6474132
2025-10-15,Wilmington (OH),Otterbein,1,3,FINAL,6474325
2025-10-15,Calvin,Olivet,4,0,FINAL,6474558
2025-10-15,Houghton,St. John Fisher,0,3,FINAL,6474688
2025-10-15,Elms,Colby-Sawyer,2,3,FINAL,6474724
2025-10-15,Montclair St.,Wm. Paterson,2,0,FINAL,6474972
2025-10-15,Geneva,Thiel,3,0,FINAL,6475253
2025-10-15,St. Joseph's (ME),Emmanuel (MA),2,0,FINAL,6475328
2025-10-15,Bard,Purchase,1,0,FINAL,6475804
2025-10-15,Franklin,Manchester,2,0,FINAL,6476028
2025-10-15,Hampden-Sydney,Lynchburg,2,0,FINAL,6476203
2025-10-15,Wittenberg,Kenyon,2,2,FINAL,6476745
2025-10-15,Shenandoah,Bridgewater (VA),1,3,FINAL,6477000
2025-10-15,Trine,Alma,2,2,FINAL,6477269
2025-10-15,Keuka,Elmira,0,4,FINAL,6477316
2025-10-15,Mass. Maritime,Lesley,6,0,FINAL,6477343
2025-10-15,Adrian,Albion,1,2,FINAL,6477591
2025-10-15,Hope,Kalamazoo,3,0,FINAL,6478213
2025-10-15,Mount Union,Muskingum,4,1,FINAL,6478250
2025-10-15,Ohio Northern,Heidelberg,4,0,FINAL,6478484
2025-10-15,Mt. St. Joseph,Transylvania,0,5,FINAL,6478519
2025-10-15,Anderson (IN),Bluffton,1,0,FINAL,6530166
2025-10-15,Westminster (PA),Allegheny,1,0,FINAL,6473378
2025-10-15,Kean,Rutgers-Newark,2,2,FINAL,6475242
2025-10-15,Grove City,Franciscan,4,2,FINAL,6478216
2025-10-15,Wheaton (IL),Carthage,1,0,FINAL,6473193
2025-10-15,Edgewood,Marian (WI),7,0,FINAL,6473244
2025-10-15,North Park,UChicago,2,3,FINAL,6473269
2025-10-15,MSOE,Lakeland,6,0,FINAL,6474414
2025-10-15,Saint Mary's (MN),St. Olaf,0,3,FINAL,6474491
2025-10-15,Aurora,Wis. Lutheran,5,0,FINAL,6474654
2025-10-15,Belhaven,Hardin-Simmons,2,0,FINAL,6476765
2025-10-15,Southwestern (TX),Mary Hardin-Baylor,2,2,FINAL,6477057
2025-10-15,Benedictine (IL),Concordia Chicago,0,0,FINAL,6477954
2025-10-15,Augustana (IL),Ill. Wesleyan,1,2,FINAL,6478174
2025-10-15,Elmhurst,Carroll (WI),0,1,FINAL,6478351
2025-10-15,Bethany Lutheran,Martin Luther,11,0,FINAL,6478530
2025-10-15,Augsburg,Bethel (MN),2,2,FINAL,6475019
2025-10-15,Millikin,North Central (IL),2,3,FINAL,6477970
2025-10-15,Cal Lutheran,Occidental,1,1,FINAL,6474844
2025-10-15,Redlands,Chapman,2,1,FINAL,6476943
2025-10-15,La Verne,Pomona-Pitzer,1,2,FINAL,6477773
2025-10-15,Whittier,Caltech,3,2,FINAL,6478397
2025-10-15,Willamette,George Fox,2,1,FINAL,6476307
2025-10-15,Linfield,Pacific (OR),1,1,FINAL,6478405
2025-10-16,Valley Forge,Keystone,1,0,FINAL,6473139
2025-10-16,Merchant Marine,WestConn,3,2,FINAL,6476833
2025-10-16,Webster,MUW,8,0,FINAL,6476064
2025-10-17,Rockford,Edgewood,0,6,FINAL,6477470
2025-10-17,Saint John's (MN),Wis.-Superior,7,2,FINAL,6475521
2025-10-17,MCLA,Mass. Maritime,0,2,FINAL,6473710
2025-10-17,Principia,Greenville,0,0,FINAL,6475886
2025-10-17,Wis.-Platteville,Wis.-Eau Claire,1,2,FINAL,6475403
2025-10-17,Schreiner,Concordia (TX),2,0,FINAL,6477540
2025-10-17,Texas Lutheran,McMurry,1,0,FINAL,6473408
2025-10-17,Wis.-Stevens Point,Wis.-Stout,6,0,FINAL,6473569
2025-10-17,St. Thomas (TX),Hendrix,0,1,FINAL,6476417
2025-10-17,East Tex. Baptist,Hardin-Simmons,2,3,FINAL,6476767
2025-10-17,LeTourneau,Dallas,6,0,FINAL,6477111
2025-10-17,Centenary (LA),Ozarks (AR),2,0,FINAL,6478234
2025-10-17,Austin,Colorado Col.,1,1,FINAL,6478054
2025-10-18,Manhattanville,SUNY Maritime,1,0,FINAL,6472912
2025-10-18,Transylvania,Rose-Hulman,2,0,FINAL,6473437
2025-10-18,Roger Williams,Hartford,0,3,FINAL,6473683
2025-10-18,Baldwin Wallace,Wilmington (OH),0,2,FINAL,6474329
2025-10-18,Centenary (NJ),Saint Elizabeth,0,0,FINAL,6475734
2025-10-18,Lesley,Thomas (ME),0,4,FINAL,6477016
2025-10-18,Sewanee,Trinity (TX),1,2,FINAL,6477178
2025-10-18,Framingham St.,Westfield St.,4,5,FINAL,6477796
2025-10-18,CCNY,John Jay,0,3,FINAL,6529679
2025-10-18,Rochester (NY),Brandeis,1,2,FINAL,6475166
2025-10-18,Emory,NYU,6,3,FINAL,6475800
2025-10-18,Albion,Hope,1,2,FINAL,6478027
2025-10-18,Averett,Randolph,2,3,FINAL,6473654
2025-10-18,Penn St.-Abington,Mount Aloysius,2,0,FINAL,6472739
2025-10-18,Middlebury,Tufts,0,2,FINAL,6472858
2025-10-18,Williams,Keene St.,5,1,FINAL,6473058
2025-10-18,UMass Boston,Eastern Conn. St.,3,0,FINAL,6473499
2025-10-18,UMass Dartmouth,Plymouth St.,3,1,FINAL,6473852
2025-10-18,Anna Maria,Fitchburg St.,1,1,FINAL,6474103
2025-10-18,Kalamazoo,Calvin,2,3,FINAL,6474569
2025-10-18,Gwynedd Mercy,Neumann,0,2,FINAL,6474833
2025-10-18,Baruch,Lehman,1,0,FINAL,6475133
2025-10-18,UMSV,Old Westbury,3,1,FINAL,6475343
2025-10-18,Worcester St.,Salem St.,1,2,FINAL,6476133
2025-10-18,Purchase,Sarah Lawrence,2,1,FINAL,6476279
2025-10-18,Berry,Rhodes,2,0,FINAL,6476339
2025-10-18,Nichols,Endicott,1,0,FINAL,6476847
2025-10-18,Randolph-Macon,Bridgewater (VA),1,2,FINAL,6477825
2025-10-18,Amherst,Hamilton,2,1,FINAL,6478096
2025-10-18,Coast Guard,Bridgewater St.,0,1,FINAL,6495971
2025-10-18,Wentworth,Western New Eng.,1,3,FINAL,6476539
2025-10-18,Lyon,Webster,0,1,FINAL,6477751
2025-10-18,Delaware Valley,King's (PA),2,1,FINAL,6472830
2025-10-18,Alfred,SUNY Geneseo,2,2,FINAL,6472941
2025-10-18,Buffalo St.,SUNY New Paltz,1,1,FINAL,6473226
2025-10-18,Plattsburgh St.,Oswego St.,3,0,FINAL,6473600
2025-10-18,Ohio Northern,Capital,2,2,FINAL,6473629
2025-10-18,Wabash,Oberlin,4,0,FINAL,6473767
2025-10-18,Stockton,Ramapo,2,0,FINAL,6474369
2025-10-18,Wash. & Lee,Guilford,3,0,FINAL,6474451
2025-10-18,Denison,Wittenberg,2,0,FINAL,6474540
2025-10-18,Mitchell,Norwich,1,2,FINAL,6474670
2025-10-18,Immaculata,Pratt,3,0,FINAL,6474690
2025-10-18,Wm. Paterson,Kean,2,0,FINAL,6475249
2025-10-18,St. Lawrence,RIT,0,3,FINAL,6475373
2025-10-18,Cortland,SUNY Morrisville,2,0,FINAL,6475492
2025-10-18,Gallaudet,Penn College,1,5,FINAL,6475842
2025-10-18,SUNY Potsdam,Fredonia,0,2,FINAL,6475982
2025-10-18,Rutgers-Camden,New Jersey City,1,1,FINAL,6476555
2025-10-18,MIT,Wheaton (MA),0,3,FINAL,6476596
2025-10-18,Southern Me.,VTSU Castleton,1,0,FINAL,6477149
2025-10-18,Salve Regina,Babson,1,1,FINAL,6477479
2025-10-18,Muhlenberg,Washington Col.,0,0,FINAL,6477553
2025-10-18,Albertus Magnus,New England Col.,1,1,FINAL,6477582
2025-10-18,JWU (Providence),U New England,2,0,FINAL,6477911
2025-10-18,Valley Forge,Wilson,1,1,FINAL,6478034
2025-10-18,Rhode Island Col.,WestConn,2,3,FINAL,6478262
2025-10-18,Utica,Nazareth,1,1,FINAL,6478411
2025-10-18,Alvernia,Hood,0,1,FINAL,6478433
2025-10-18,SUNY Poly,Houghton,0,1,FINAL,6478523
2025-10-18,Husson,Me.-Farmington,4,3,FINAL,6473001
2025-10-18,Oglethorpe,Millsaps,3,1,FINAL,6473328
2025-10-18,Wesleyan (CT),Bowdoin,0,1,FINAL,6474278
2025-10-18,St. Joseph's (Brkln),Merchant Marine,0,5,FINAL,6476615
2025-10-18,Kenyon,John Carroll,1,1,FINAL,6478119
2025-10-18,Medgar Evers,Hunter,1,5,FINAL,6476173
2025-10-18,Keystone,Notre Dame (MD),0,3,FINAL,6473141
2025-10-18,Mary Baldwin,Pfeiffer,1,2,FINAL,6473545
2025-10-18,Bates,Connecticut Col.,0,1,FINAL,6474068
2025-10-18,Carleton,Saint Mary's (MN),3,0,FINAL,6474495
2025-10-18,Union (NY),Ithaca,2,1,FINAL,6474926
2025-10-18,Skidmore,Bard,5,0,FINAL,6474939
2025-10-18,Bethel (MN),Hamline,3,1,FINAL,6474954
2025-10-18,St. Scholastica,Augsburg,0,2,FINAL,6475021
2025-10-18,Concordia-M'head,St. Olaf,0,5,FINAL,6475264
2025-10-18,Trinity (CT),Colby,1,1,FINAL,6475706
2025-10-18,Hobart,Vassar,1,1,FINAL,6476081
2025-10-18,Lynchburg,East. Mennonite,6,0,FINAL,6476206
2025-10-18,Wartburg,Loras,1,0,FINAL,6476785
2025-10-18,Clarkson,Rensselaer,2,0,FINAL,6476863
2025-10-18,Elmira,SUNY Brockport,0,0,FINAL,6477095
2025-10-18,Blackburn,Eureka,0,1,FINAL,6477704
2025-10-18,Gustavus Adolphus,Macalester,0,3,FINAL,6477736
2025-10-18,York (NY),Brooklyn,1,3,FINAL,6478147
2025-10-18,Clark (MA),Emerson,1,3,FINAL,6478223
2025-10-18,Knox,Lawrence,4,0,FINAL,6473357
2025-10-18,Maine Maritime,Me.-Presque Isle,3,0,FINAL,6475957
2025-10-18,Centre,Southwestern (TX),0,2,FINAL,6477162
2025-10-18,Cornell College,Lake Forest,0,2,FINAL,6477724
2025-10-18,Grinnell,Illinois Col.,1,1,FINAL,6478074
2025-10-18,Ripon,Monmouth (IL),2,0,FINAL,6478089
2025-10-18,Ill. Wesleyan,Elmhurst,3,0,FINAL,6478175
2025-10-18,Wilkes,Goucher,0,1,FINAL,6474023
2025-10-18,St. Mary's (MD),Cairn,2,1,FINAL,6474674
2025-10-18,St. John Fisher,Hartwick,1,0,FINAL,6474692
2025-10-18,N.C. Wesleyan,Brevard,4,2,FINAL,6474766
2025-10-18,Piedmont,Huntingdon,1,3,FINAL,6475178
2025-10-18,Franklin & Marshall,Johns Hopkins,0,4,FINAL,6475528
2025-10-18,York (PA),Eastern,0,1,FINAL,6476972
2025-10-18,Keuka,Russell Sage,1,2,FINAL,6477318
2025-10-18,Suffolk,Gordon,3,0,FINAL,6477619
2025-10-18,Marywood,Marymount (VA),3,1,FINAL,6477648
2025-10-18,Haverford,McDaniel,1,0,FINAL,6477896
2025-10-18,Lasell,Rivier,1,3,FINAL,6478257
2025-10-18,SUNY Delhi,VTSU-Johnson,3,0,FINAL,6478534
2025-10-18,Berea,Anderson (IN),1,2,FINAL,6473468
2025-10-18,Allegheny,Bethany (WV),5,1,FINAL,6473966
2025-10-18,Elizabethtown,Lycoming,2,3,FINAL,6474667
2025-10-18,Asbury,LaGrange,0,0,FINAL,6475106
2025-10-18,Alfred St.,Penn St.-Altoona,7,0,FINAL,6475248
2025-10-18,Chatham,Grove City,0,2,FINAL,6475933
2025-10-18,Colby-Sawyer,Saint Joseph (CT),0,4,FINAL,6476425
2025-10-18,Misericordia,DeSales,3,2,FINAL,6477659
2025-10-18,SUNY Cobleskill,VTSU Lyndon,5,0,FINAL,6477677
2025-10-18,Concordia Chicago,Wis. Lutheran,0,3,FINAL,6477847
2025-10-18,Catholic,Drew,3,0,FINAL,6477983
2025-10-18,Thiel,Wash. & Jeff.,0,2,FINAL,6478242
2025-10-18,Hilbert,Pitt.-Greensburg,1,1,FINAL,6475908
2025-10-18,Dominican (IL),Lakeland,2,1,FINAL,6478143
2025-10-18,Concordia Wisconsin,St. Norbert,0,2,FINAL,6472768
2025-10-18,Lebanon Valley,FDU-Florham,2,2,FINAL,6472970
2025-10-18,Hiram,Geneva,1,3,FINAL,6475260
2025-10-18,Va. Wesleyan,Shenandoah,2,1,FINAL,6477003
2025-10-18,SUNY Canton,SUNY Oneonta,0,2,FINAL,6477589
2025-10-18,Juniata,Scranton,0,0,FINAL,6478462
2025-10-18,St. Joseph's (ME),Regis (MA),0,1,FINAL,6478514
2025-10-18,Penn St.-Behrend,La Roche,3,0,FINAL,6473832
2025-10-18,Franciscan,Waynesburg,3,3,FINAL,6473932
2025-10-18,Illinois Tech,MSOE,1,0,FINAL,6474421
2025-10-18,Neb. Wesleyan,Central (IA),2,3,FINAL,6474997
2025-10-18,Wis.-Superior,Crown (MN),3,1,FINAL,6475537
2025-10-18,Coe,Luther,1,4,FINAL,6476666
2025-10-18,North Central (MN),Martin Luther,8,0,FINAL,6476907
2025-10-18,Northwestern-St. Paul,Bethany Lutheran,0,4,FINAL,6478112
2025-10-18,Carroll (WI),North Park,1,2,FINAL,6478547
2025-10-18,Mt. St. Mary (NY),Farmingdale St.,1,1,FINAL,6473923
2025-10-18,Roanoke,Hampden-Sydney,0,2,FINAL,6474001
2025-10-18,Penn St.-Berks,Lancaster Bible,1,4,FINAL,6474459
2025-10-18,Elms,Emmanuel (MA),1,2,FINAL,6474725
2025-10-18,Stevens,Arcadia,2,1,FINAL,6476674
2025-10-18,Caltech,Chapman,1,0,FINAL,6477887
2025-10-18,Carthage,North Central (IL),2,2,FINAL,6477971
2025-10-18,Mt. St. Joseph,Earlham,2,0,FINAL,6478507
2025-10-18,Belhaven,Covenant,0,1,FINAL,6475473
2025-10-18,Pacific (OR),Whitworth,0,1,FINAL,6474870
2025-10-18,Lewis & Clark,Pacific Lutheran,1,3,FINAL,6475076
2025-10-18,Willamette,Whitman,1,1,FINAL,6476308
2025-10-18,George Fox,Puget Sound,2,3,FINAL,6476809
2025-10-18,Benedictine (IL),Marian (WI),2,1,FINAL,6473246
2025-10-18,Heidelberg,Mount Union,0,6,FINAL,6478251
2025-10-18,UChicago,CWRU,1,0,FINAL,6473275
2025-10-18,Susquehanna,Moravian,2,2,FINAL,6475501
2025-10-18,Southern Va.,William Peace,0,2,FINAL,6473723
2025-10-18,Rutgers-Newark,TCNJ,0,3,FINAL,6473894
2025-10-18,Chris. Newport,Salisbury,1,0,FINAL,6474229
2025-10-18,Gettysburg,Ursinus,3,2,FINAL,6474777
2025-10-18,Occidental,La Verne,0,1,FINAL,6474846
2025-10-18,Rowan,Montclair St.,2,2,FINAL,6474975
2025-10-18,Methodist,Greensboro,0,0,FINAL,6475385
2025-10-18,Stevenson,Widener,3,0,FINAL,6475635
2025-10-18,Ohio Wesleyan,DePauw,0,0,FINAL,6475752
2025-10-18,Otterbein,Muskingum,3,0,FINAL,6476115
2025-10-18,Swarthmore,Dickinson,0,3,FINAL,6477282
2025-10-18,WPI,Springfield,3,2,FINAL,6477912
2025-10-18,Albright,Messiah,0,1,FINAL,6530395
2025-10-18,Saint Vincent,Westminster (PA),0,0,FINAL,6473380
2025-10-18,Alma,Adrian,2,3,FINAL,6477271
2025-10-18,Dubuque,Wis.-Whitewater,1,5,FINAL,6472795
2025-10-18,Wheaton (IL),Millikin,4,0,FINAL,6473195
2025-10-18,Buena Vista,Simpson,0,2,FINAL,6476656
2025-10-18,Howard Payne,Mary Hardin-Baylor,1,2,FINAL,6477058
2025-10-18,Whittier,Redlands,1,3,FINAL,6476954
2025-10-18,Claremont-M-S,Pomona-Pitzer,2,0,FINAL,6478279
2025-10-19,WashU,Carnegie Mellon,1,0,FINAL,6472885
2025-10-19,Southern Me.,Me.-Presque Isle,5,0,FINAL,6477942
2025-10-19,Westminster (MO),MUW,5,0,FINAL,6476066
2025-10-19,Endicott,Bowdoin,0,3,FINAL,6476849
2025-10-19,LeTourneau,Colorado Col.,0,1,FINAL,6477115
2025-10-19,SUNY Cobleskill,VTSU-Johnson,3,1,FINAL,6478166
2025-10-19,Lesley,Maine Maritime,3,4,FINAL,6475959
2025-10-19,Centenary (LA),Hendrix,0,3,FINAL,6476421
2025-10-19,Texas Lutheran,Schreiner,2,0,FINAL,6473410
2025-10-19,Austin,Dallas,2,0,FINAL,6478494
2025-10-19,Hanover,Manchester,3,0,FINAL,6473029
2025-10-19,Bluffton,Franklin,3,0,FINAL,6474237
2025-10-19,SUNY Delhi,VTSU Lyndon,10,0,FINAL,6478263
2025-10-19,Yeshiva,St. Joseph's (L.I.),0,4,FINAL,6478457
2025-10-19,St. Thomas (TX),Ozarks (AR),3,2,FINAL,6476503
2025-10-19,Willamette,Whitworth,5,4,FINAL,6474872
2025-10-19,Lewis & Clark,Puget Sound,0,0,FINAL,6475078
2025-10-19,George Fox,Pacific Lutheran,1,5,FINAL,6476474
2025-10-19,Pacific (OR),Whitman,2,3,FINAL,6477961
2025-10-19,Wis.-Whitewater,UW-River Falls,5,0,FINAL,6472797
2025-10-19,McMurry,Concordia (TX),1,2,FINAL,6477544
2025-10-20,JWU (Providence),Mass. Maritime,0,3,FINAL,6478001
2025-10-20,Penn St. Harrisburg,Valley Forge,7,0,FINAL,6475655
2025-10-21,Olivet,Kalamazoo,2,2,FINAL,6530922
2025-10-21,Penn St.-Abington,Cairn,3,1,FINAL,6477633
2025-10-21,Wilson,Notre Dame (MD),1,1,FINAL,6478035
2025-10-21,Middlebury,Vassar,4,2,FINAL,6472859
2025-10-21,Martin Luther,Crown (MN),1,4,FINAL,6476883
2025-10-21,Mitchell,Lasell,3,1,FINAL,6477436
2025-10-21,Kenyon,Wabash,3,0,FINAL,6473774
2025-10-21,Dean,Albertus Magnus,1,0,FINAL,6474213
2025-10-21,New England Col.,Rivier,1,2,FINAL,6477588
2025-10-21,St. Olaf,Hamline,1,0,FINAL,6474955
2025-10-21,North Central (MN),Wis.-Superior,1,9,FINAL,6475548
2025-10-21,Penn St. Harrisburg,Gallaudet,8,0,FINAL,6475657
2025-10-21,Clarkson,Skidmore,0,3,FINAL,6474943
2025-10-21,U New England,Wentworth,1,2,FINAL,6477522
2025-10-21,Lawrence,Eureka,2,2,FINAL,6477695
2025-10-21,Principia,Westminster (MO),0,2,FINAL,6477385
2025-10-21,Rensselaer,MCLA,3,1,FINAL,6473712
2025-10-21,Wilkes,Scranton,0,5,FINAL,6474024
2025-10-21,Calvin,Albion,3,4,FINAL,6474576
2025-10-21,Elizabethtown,Drew,0,1,FINAL,6474672
2025-10-21,Elms,Saint Joseph (CT),1,3,FINAL,6474727
2025-10-21,Emmanuel (MA),Regis (MA),4,1,FINAL,6475331
2025-10-21,Goucher,Moravian,1,4,FINAL,6475504
2025-10-21,Juniata,Lycoming,0,0,FINAL,6475566
2025-10-21,DePauw,Wittenberg,3,2,FINAL,6475754
2025-10-21,Catholic,Susquehanna,1,0,FINAL,6476093
2025-10-21,Adrian,Trine,1,0,FINAL,6477300
2025-10-21,Worcester St.,Russell Sage,1,2,FINAL,6478157
2025-10-21,Hope,Alma,4,0,FINAL,6478218
2025-10-21,St. Joseph's (ME),Colby-Sawyer,6,2,FINAL,6478247
2025-10-21,Keystone,Penn St.-Berks,2,2,FINAL,6495694
2025-10-21,Wis.-Whitewater,Lake Forest,2,1,FINAL,6472799
2025-10-21,MSOE,Wis.-Eau Claire,1,1,FINAL,6474425
2025-10-21,Bethany Lutheran,Minn.-Morris,4,0,FINAL,6478385
2025-10-21,Augsburg,Carleton,3,0,FINAL,6475022
2025-10-21,Macalester,St. Scholastica,3,1,FINAL,6477738
2025-10-21,Webster,Blackburn,3,0,FINAL,6477753
2025-10-22,Merchant Marine,Farmingdale St.,1,0,FINAL,6473926
2025-10-22,Concordia Wisconsin,Illinois Tech,2,3,FINAL,6472770
2025-10-22,Gustavus Adolphus,Concordia-M'head,5,0,FINAL,6478345
2025-10-22,SUNY Oneonta,SUNY New Paltz,0,1,FINAL,6473228
2025-10-22,New Jersey City,TCNJ,1,1,FINAL,6473903
2025-10-22,Rockford,Aurora,0,9,FINAL,6474647
2025-10-22,SUNY Canton,Cortland,0,4,FINAL,6475497
2025-10-22,Hunter,Baruch,0,1,FINAL,6476059
2025-10-22,Fredonia,SUNY Morrisville,5,2,FINAL,6476150
2025-10-22,DeSales,Lebanon Valley,2,2,FINAL,6476696
2025-10-22,Concordia Chicago,Edgewood,0,9,FINAL,6477875
2025-10-22,Hanover,Transylvania,1,2,FINAL,6473030
2025-10-22,McDaniel,Gettysburg,4,2,FINAL,6474779
2025-10-22,Old Westbury,Sarah Lawrence,5,1,FINAL,6475344
2025-10-22,Eastern,Stevenson,2,3,FINAL,6475637
2025-10-22,Wheaton (MA),WPI,4,0,FINAL,6478187
2025-10-22,La Roche,Mount Aloysius,0,0,FINAL,6472741
2025-10-22,N.C. Wesleyan,Chris. Newport,0,2,FINAL,6474233
2025-10-22,John Jay,Medgar Evers,8,0,FINAL,6476175
2025-10-22,St. Joseph's (Brkln),Yeshiva,4,1,FINAL,6476617
2025-10-22,Endicott,Curry,4,0,FINAL,6476851
2025-10-22,Bridgewater (VA),Va. Wesleyan,2,3,FINAL,6477097
2025-10-22,Fitchburg St.,Lesley,2,4,FINAL,6477345
2025-10-22,Haverford,Muhlenberg,0,0,FINAL,6477898
2025-10-22,CCNY,York (NY),6,2,FINAL,6478146
2025-10-22,Nazareth,SUNY Poly,4,1,FINAL,6478428
2025-10-22,Coast Guard,Salve Regina,0,0,FINAL,6495972
2025-10-22,Dominican (IL),Benedictine (IL),1,0,FINAL,6530621
2025-10-22,Saint John's (MN),Wis.-Stout,5,0,FINAL,6473571
2025-10-22,Grove City,Saint Vincent,4,0,FINAL,6478387
2025-10-22,Wis.-Whitewater,Millikin,5,2,FINAL,6472803
2025-10-22,Elmhurst,Beloit,3,1,FINAL,6473174
2025-10-22,Franciscan,Allegheny,1,2,FINAL,6473970
2025-10-22,Marymount (VA),Mary Washington,1,2,FINAL,6476370
2025-10-22,Wash. & Jeff.,Bethany (WV),1,0,FINAL,6477891
2025-10-22,Puget Sound,Pacific Lutheran,2,5,FINAL,6476476
2025-10-22,Southern Me.,UMass Boston,2,2,FINAL,6473501
2025-10-22,Averett,Wash. & Lee,0,7,FINAL,6473656
2025-10-22,Keene St.,Plymouth St.,1,0,FINAL,6473803
2025-10-22,UMass Dartmouth,Rhode Island Col.,0,0,FINAL,6473854
2025-10-22,WestConn,Eastern Conn. St.,2,1,FINAL,6476257
2025-10-22,Emerson,Babson,1,0,FINAL,6477483
2025-10-22,Gwynedd Mercy,Marywood,1,8,FINAL,6477604
2025-10-22,RIT,Ithaca,2,3,FINAL,6478178
2025-10-22,St. Joseph's (L.I.),Purchase,2,0,FINAL,6478340
2025-10-22,Manhattanville,UMSV,2,3,FINAL,6478365
2025-10-22,Thomas (ME),Husson,3,3,FINAL,6474177
2025-10-22,Lehman,Brooklyn,3,0,FINAL,6475137
2025-10-22,King's (PA),Misericordia,0,1,FINAL,6472832
2025-10-22,SUNY Maritime,Mt. St. Mary (NY),2,2,FINAL,6472914
2025-10-22,Alfred,SUNY Delhi,1,2,FINAL,6472943
2025-10-22,FDU-Florham,Stevens,2,3,FINAL,6472972
2025-10-22,Randolph-Macon,Shenandoah,2,0,FINAL,6473114
2025-10-22,Oberlin,Wooster,1,2,FINAL,6473302
2025-10-22,Rose-Hulman,Anderson (IN),0,0,FINAL,6473439
2025-10-22,Berea,Mt. St. Joseph,0,1,FINAL,6473470
2025-10-22,Plattsburgh St.,SUNY Potsdam,6,0,FINAL,6473601
2025-10-22,Wilmington (OH),Capital,4,1,FINAL,6473630
2025-10-22,Hartford,Nichols,1,0,FINAL,6473685
2025-10-22,Roanoke,Lynchburg,0,1,FINAL,6474004
2025-10-22,Oswego St.,Buffalo St.,1,4,FINAL,6474137
2025-10-22,Roger Williams,Gordon,1,0,FINAL,6474161
2025-10-22,Randolph,Guilford,2,1,FINAL,6474455
2025-10-22,Marietta,Muskingum,3,2,FINAL,6474552
2025-10-22,Neumann,Immaculata,4,1,FINAL,6474698
2025-10-22,Brevard,Warren Wilson,3,2,FINAL,6474769
2025-10-22,Chapman,Occidental,1,4,FINAL,6474848
2025-10-22,Bard,Union (NY),0,1,FINAL,6474930
2025-10-22,Ramapo,Montclair St.,1,5,FINAL,6474979
2025-10-22,Alfred St.,Elmira,3,2,FINAL,6475257
2025-10-22,Covenant,Maryville (TN),0,3,FINAL,6475481
2025-10-22,Pitt.-Bradford,Hilbert,2,1,FINAL,6475909
2025-10-22,Otterbein,Ohio Northern,0,1,FINAL,6476117
2025-10-22,Johns Hopkins,Dickinson,1,1,FINAL,6476456
2025-10-22,Trinity (CT),Western New Eng.,2,3,FINAL,6476541
2025-10-22,MIT,Clark (MA),2,3,FINAL,6476598
2025-10-22,Delaware Valley,Arcadia,0,2,FINAL,6476715
2025-10-22,Washington Col.,Swarthmore,2,1,FINAL,6477285
2025-10-22,John Carroll,Ohio Wesleyan,3,1,FINAL,6477358
2025-10-22,Widener,Albright,4,0,FINAL,6477492
2025-10-22,Suffolk,JWU (Providence),2,1,FINAL,6477620
2025-10-22,Cal Lutheran,La Verne,0,0,FINAL,6477775
2025-10-22,East. Mennonite,Hampden-Sydney,2,4,FINAL,6477862
2025-10-22,Hood,York (PA),0,3,FINAL,6477902
2025-10-22,Wm. Paterson,Rutgers-Camden,1,2,FINAL,6478015
2025-10-22,Utica,Hamilton,1,2,FINAL,6478097
2025-10-22,Pratt,Centenary (NJ),2,2,FINAL,6478105
2025-10-22,Mount Union,Baldwin Wallace,3,0,FINAL,6478252
2025-10-22,Huntingdon,LaGrange,1,2,FINAL,6478417
2025-10-22,Messiah,Alvernia,3,0,FINAL,6478434
2025-10-22,Franklin,Earlham,1,1,FINAL,6478503
2025-10-22,Houghton,SUNY Geneseo,0,6,FINAL,6478553
2025-10-22,Thiel,Westminster (PA),3,2,FINAL,6473382
2025-10-22,Manchester,Bluffton,0,1,FINAL,6474239
2025-10-22,Stockton,Rutgers-Newark,2,0,FINAL,6474373
2025-10-22,Kean,Rowan,0,2,FINAL,6475262
2025-10-22,Chatham,Geneva,1,0,FINAL,6475266
2025-10-22,Ursinus,Franklin & Marshall,2,1,FINAL,6475526
2025-10-22,Carroll (WI),Wheaton (IL),1,2,FINAL,6473197
2025-10-22,Marian (WI),Wis. Lutheran,1,1,FINAL,6473248
2025-10-22,Hiram,Waynesburg,0,0,FINAL,6473934
2025-10-22,St. Norbert,Lakeland,5,0,FINAL,6474460
2025-10-22,Wis.-Platteville,North Park,0,0,FINAL,6475405
2025-10-22,Carthage,Augustana (IL),3,1,FINAL,6478041
2025-10-22,Loras,Dubuque,2,0,FINAL,6473085
2025-10-22,Whitman,Whitworth,3,1,FINAL,6474873
2025-10-22,Simpson,Luther,1,1,FINAL,6476658
2025-10-22,Wartburg,Coe,1,0,FINAL,6476787
2025-10-22,North Central (IL),Ill. Wesleyan,1,1,FINAL,6477972
2025-10-22,Neb. Wesleyan,Buena Vista,2,0,FINAL,6474999
2025-10-22,Redlands,Caltech,2,1,FINAL,6476945
2025-10-22,Claremont-M-S,UC Santa Cruz,2,3,FINAL,6478280
2025-10-23,Olivet,Trine,0,0,FINAL,6476571
2025-10-23,Cornell College,North Central (MN),5,2,FINAL,6476909
2025-10-23,Greenville,Lyon,1,0,FINAL,6475888
2025-10-23,Westminster (MO),Spalding,4,1,FINAL,6476002
2025-10-23,Salem St.,Lasell,5,0,FINAL,6476135
2025-10-24,NYU,Carnegie Mellon,1,0,FINAL,6476399
2025-10-24,Southwestern (TX),Millsaps,7,0,FINAL,6473329
2025-10-24,UW-River Falls,Wis.-Stevens Point,3,4,FINAL,6475826
2025-10-24,MUW,Blackburn,2,4,FINAL,6476068
2025-10-24,Rochester (NY),WashU,3,2,FINAL,6472886
2025-10-24,Emory,UChicago,1,1,FINAL,6473271
2025-10-24,Brandeis,CWRU,0,0,FINAL,6475612
2025-10-24,Curry,U New England,3,1,FINAL,6477913
2025-10-24,Schreiner,Dallas,5,0,FINAL,6478495
2025-10-24,Colorado Col.,McMurry,10,0,FINAL,6478055
2025-10-24,Mass. Maritime,Framingham St.,4,1,FINAL,6478002
2025-10-24,Texas Lutheran,Centenary (LA),3,0,FINAL,6473411
2025-10-24,Centre,Berry,0,1,FINAL,6476343
2025-10-24,Hendrix,Austin,1,3,FINAL,6476426
2025-10-24,Concordia (TX),St. Thomas (TX),3,0,FINAL,6476505
2025-10-24,Ozarks (AR),LeTourneau,0,1,FINAL,6477118
2025-10-24,Sewanee,Oglethorpe,3,0,FINAL,6477180
2025-10-24,Trinity (TX),Rhodes,1,0,FINAL,6478017
2025-10-24,Pacific (OR),Lewis & Clark,4,0,FINAL,6475080
2025-10-25,Bowdoin,Amherst,1,0,FINAL,6496178
2025-10-25,Franklin & Marshall,Haverford,0,0,FINAL,6531078
2025-10-25,Fitchburg St.,Bridgewater St.,1,4,FINAL,6474117
2025-10-25,Westfield St.,Anna Maria,2,1,FINAL,6477791
2025-10-25,Clark (MA),Springfield,1,1,FINAL,6477915
2025-10-25,Middlebury,Bates,2,0,FINAL,6472861
2025-10-25,Pfeiffer,Southern Va.,3,0,FINAL,6473547
2025-10-25,Salem St.,MCLA,7,1,FINAL,6473714
2025-10-25,TCNJ,Wm. Paterson,2,0,FINAL,6473910
2025-10-25,Farmingdale St.,Manhattanville,1,2,FINAL,6473930
2025-10-25,Nichols,Roger Williams,0,4,FINAL,6474164
2025-10-25,DePauw,Kenyon,1,1,FINAL,6475755
2025-10-25,Johns Hopkins,Muhlenberg,1,0,FINAL,6476457
2025-10-25,Albion,Olivet,2,0,FINAL,6476575
2025-10-25,Tufts,Emerson,6,0,FINAL,6476731
2025-10-25,SUNY Brockport,Utica,2,1,FINAL,6477102
2025-10-25,Nazareth,Elmira,1,3,FINAL,6477367
2025-10-25,Colby-Sawyer,Albertus Magnus,1,1,FINAL,6478049
2025-10-25,Dickinson,McDaniel,1,1,FINAL,6478226
2025-10-25,Coast Guard,Wheaton (MA),1,1,FINAL,6495853
2025-10-25,Cortland,SUNY Potsdam,2,0,FINAL,6475502
2025-10-25,SUNY New Paltz,SUNY Canton,5,0,FINAL,6473229
2025-10-25,Wooster,Ohio Wesleyan,2,2,FINAL,6473304
2025-10-25,Plymouth St.,UMass Boston,0,3,FINAL,6473503
2025-10-25,Plattsburgh St.,Buffalo St.,1,1,FINAL,6473603
2025-10-25,Wabash,John Carroll,1,3,FINAL,6473776
2025-10-25,WestConn,Keene St.,3,2,FINAL,6473805
2025-10-25,St. Joseph's (ME),Dean,4,0,FINAL,6474217
2025-10-25,Penn St.-Berks,Cairn,0,2,FINAL,6474462
2025-10-25,Immaculata,Gwynedd Mercy,1,3,FINAL,6474701
2025-10-25,Neumann,Saint Elizabeth,4,1,FINAL,6474835
2025-10-25,Penn College,Penn St. Harrisburg,0,3,FINAL,6475659
2025-10-25,RIT,Bard,2,0,FINAL,6475806
2025-10-25,Valley Forge,Gallaudet,5,1,FINAL,6475844
2025-10-25,SUNY Oneonta,SUNY Morrisville,1,0,FINAL,6476152
2025-10-25,Salve Regina,MIT,1,0,FINAL,6476599
2025-10-25,Russell Sage,Houghton,4,0,FINAL,6477038
2025-10-25,Ramapo,Rowan,1,4,FINAL,6477403
2025-10-25,Babson,WPI,3,0,FINAL,6477488
2025-10-25,Hood,Albright,2,1,FINAL,6477494
2025-10-25,Wilson,Penn St.-Abington,1,1,FINAL,6478036
2025-10-25,Fredonia,Oswego St.,0,0,FINAL,6478193
2025-10-25,SUNY Geneseo,SUNY Poly,2,0,FINAL,6478524
2025-10-25,Hamilton,Trinity (CT),1,0,FINAL,6478098
2025-10-25,Hartwick,Alfred,1,0,FINAL,6472945
2025-10-25,Wis.-Platteville,Wis.-Stout,7,0,FINAL,6473572
2025-10-25,Colby,Wesleyan (CT),1,1,FINAL,6474280
2025-10-25,St. Scholastica,Saint Mary's (MN),2,1,FINAL,6474496
2025-10-25,Alma,Calvin,0,2,FINAL,6474585
2025-10-25,Regis (MA),Norwich,3,1,FINAL,6474676
2025-10-25,Lancaster Bible,St. Mary's (MD),0,4,FINAL,6474694
2025-10-25,Pomona-Pitzer,Occidental,1,2,FINAL,6474850
2025-10-25,Union (NY),Hobart,0,0,FINAL,6474933
2025-10-25,Asbury,Covenant,0,5,FINAL,6475111
2025-10-25,Greenville,Spalding,4,1,FINAL,6475890
2025-10-25,Greensboro,N.C. Wesleyan,1,2,FINAL,6476241
2025-10-25,Merchant Marine,Sarah Lawrence,8,1,FINAL,6476281
2025-10-25,Ithaca,Clarkson,0,0,FINAL,6476862
2025-10-25,Eastern,Alvernia,1,1,FINAL,6476974
2025-10-25,MSOE,Rockford,6,0,FINAL,6477474
2025-10-25,Marymount (VA),Centenary (NJ),3,1,FINAL,6477816
2025-10-25,Principia,Lyon,1,3,FINAL,6477979
2025-10-25,Bethel (MN),Carleton,4,2,FINAL,6478325
2025-10-25,Maine Maritime,Husson,2,4,FINAL,6474180
2025-10-25,Purchase,Old Westbury,4,2,FINAL,6475346
2025-10-25,Mary Washington,Salisbury,1,1,FINAL,6476372
2025-10-25,Western New Eng.,Suffolk,1,1,FINAL,6476542
2025-10-25,Me.-Presque Isle,Thomas (ME),0,6,FINAL,6477018
2025-10-25,Lake Forest,Grinnell,2,0,FINAL,6477725
2025-10-25,Cornell College,Monmouth (IL),1,0,FINAL,6478090
2025-10-25,Illinois Col.,Lawrence,2,1,FINAL,6478470
2025-10-25,FDU-Florham,Delaware Valley,1,1,FINAL,6472965
2025-10-25,VTSU-Johnson,Me.-Farmington,1,5,FINAL,6473005
2025-10-25,Connecticut Col.,Williams,1,0,FINAL,6473059
2025-10-25,Franklin,Berea,0,2,FINAL,6473472
2025-10-25,Wentworth,Hartford,1,4,FINAL,6473687
2025-10-25,UMass Dartmouth,Worcester St.,1,1,FINAL,6473856
2025-10-25,Guilford,East. Mennonite,3,0,FINAL,6474457
2025-10-25,Oberlin,Denison,1,6,FINAL,6474545
2025-10-25,Keuka,St. John Fisher,0,3,FINAL,6474696
2025-10-25,Vassar,Skidmore,3,0,FINAL,6474944
2025-10-25,Piedmont,Belhaven,4,2,FINAL,6475180
2025-10-25,Rensselaer,St. Lawrence,1,2,FINAL,6475375
2025-10-25,Penn St.-Altoona,Hilbert,3,2,FINAL,6475699
2025-10-25,Saint Vincent,Chatham,2,0,FINAL,6475935
2025-10-25,Arcadia,Misericordia,0,0,FINAL,6476716
2025-10-25,Marywood,Pratt,4,0,FINAL,6477644
2025-10-25,North Park,North Central (IL),1,2,FINAL,6477973
2025-10-25,St. Joseph's (L.I.),Mt. St. Mary (NY),4,0,FINAL,6478337
2025-10-25,Muskingum,Heidelberg,6,1,FINAL,6478485
2025-10-25,Pitt.-Greensburg,Alfred St.,0,2,FINAL,6475268
2025-10-25,Pitt.-Bradford,Mount Aloysius,1,6,FINAL,6472743
2025-10-25,Earlham,Hanover,0,5,FINAL,6473032
2025-10-25,Rose-Hulman,Bluffton,3,0,FINAL,6473441
2025-10-25,Moravian,Wilkes,2,1,FINAL,6474026
2025-10-25,Luther,Neb. Wesleyan,1,1,FINAL,6474273
2025-10-25,Goucher,Elizabethtown,2,0,FINAL,6474679
2025-10-25,Rutgers-Newark,New Jersey City,5,1,FINAL,6475309
2025-10-25,Lycoming,Susquehanna,2,0,FINAL,6475568
2025-10-25,Manchester,Mt. St. Joseph,0,2,FINAL,6476034
2025-10-25,Franciscan,Hiram,3,1,FINAL,6476958
2025-10-25,VTSU Lyndon,Lesley,0,7,FINAL,6477347
2025-10-25,Maryville (TN),Huntingdon,3,0,FINAL,6477664
2025-10-25,Scranton,Catholic,0,0,FINAL,6477984
2025-10-25,SUNY Cobleskill,SUNY Delhi,0,2,FINAL,6478170
2025-10-25,Grove City,Wash. & Jeff.,4,0,FINAL,6478243
2025-10-25,Central (IA),Buena Vista,2,1,FINAL,6478358
2025-10-25,Drew,Juniata,2,1,FINAL,6478463
2025-10-25,Anderson (IN),Transylvania,0,5,FINAL,6478537
2025-10-25,Marian (WI),Concordia Chicago,4,1,FINAL,6473249
2025-10-25,Swarthmore,Gettysburg,2,2,FINAL,6474780
2025-10-25,Mitchell,Emmanuel (MA),4,0,FINAL,6475333
2025-10-25,Stevenson,Messiah,0,1,FINAL,6475639
2025-10-25,Wash. & Lee,Lynchburg,0,2,FINAL,6476208
2025-10-25,Eastern Conn. St.,Southern Me.,1,1,FINAL,6476259
2025-10-25,Stevens,Lebanon Valley,0,1,FINAL,6476676
2025-10-25,Widener,York (PA),1,1,FINAL,6477233
2025-10-25,Cal Lutheran,Caltech,3,3,FINAL,6478398
2025-10-25,Westminster (PA),Bethany (WV),0,2,FINAL,6473384
2025-10-25,Dubuque,Coe,4,3,FINAL,6473087
2025-10-25,Brevard,Mary Baldwin,4,0,FINAL,6474775
2025-10-25,Hamline,Macalester,1,4,FINAL,6474957
2025-10-25,Minn.-Morris,Wis.-Superior,0,4,FINAL,6475550
2025-10-25,Saint John's (MN),Concordia-M'head,4,0,FINAL,6476224
2025-10-25,Bethany Lutheran,North Central (MN),1,0,FINAL,6476911
2025-10-25,Wis. Lutheran,Dominican (IL),0,0,FINAL,6477849
2025-10-25,Edgewood,Benedictine (IL),6,0,FINAL,6477876
2025-10-25,Martin Luther,Northwestern-St. Paul,2,5,FINAL,6478113
2025-10-25,Millikin,Augustana (IL),4,1,FINAL,6478194
2025-10-25,SUNY Maritime,St. Joseph's (Brkln),5,0,FINAL,6472915
2025-10-25,Saint Joseph (CT),New England Col.,4,0,FINAL,6476428
2025-10-25,VTSU Castleton,Rhode Island Col.,1,4,FINAL,6477153
2025-10-25,Augsburg,St. Olaf,2,2,FINAL,6475024
2025-10-25,Elmhurst,Carthage,0,2,FINAL,6478042
2025-10-25,Whitworth,Linfield,1,0,FINAL,6474875
2025-10-25,Puget Sound,Willamette,0,1,FINAL,6476310
2025-10-25,Randolph,Randolph-Macon,1,1,FINAL,6473116
2025-10-25,Va. Wesleyan,Roanoke,1,0,FINAL,6474008
2025-10-25,St. Norbert,Aurora,0,1,FINAL,6474466
2025-10-25,Rivier,Elms,2,0,FINAL,6474729
2025-10-25,William Peace,Methodist,1,1,FINAL,6475386
2025-10-25,Simpson,Wartburg,1,1,FINAL,6476660
2025-10-25,King's (PA),DeSales,0,1,FINAL,6472834
2025-10-25,Capital,Otterbein,1,3,FINAL,6473632
2025-10-25,Montclair St.,Stockton,0,0,FINAL,6474380
2025-10-25,Baldwin Wallace,Marietta,2,1,FINAL,6474555
2025-10-25,Gordon,Endicott,0,1,FINAL,6476852
2025-10-25,Washington Col.,Ursinus,2,1,FINAL,6477135
2025-10-25,Trine,Kalamazoo,0,1,FINAL,6477301
2025-10-25,Adrian,Hope,0,2,FINAL,6477593
2025-10-25,Hampden-Sydney,Bridgewater (VA),0,1,FINAL,6477827
2025-10-25,Mount Union,Ohio Northern,2,2,FINAL,6478253
2025-10-25,Shenandoah,Averett,3,0,FINAL,6473658
2025-10-25,Geneva,Waynesburg,1,0,FINAL,6473935
2025-10-25,Thiel,Allegheny,2,5,FINAL,6473973
2025-10-25,Kean,Rutgers-Camden,2,1,FINAL,6475271
2025-10-25,Lakeland,Concordia Wisconsin,2,4,FINAL,6472772
2025-10-25,Wis.-Eau Claire,Wis.-Whitewater,1,1,FINAL,6472801
2025-10-25,Howard Payne,Hardin-Simmons,1,3,FINAL,6476762
2025-10-25,Ripon,Beloit,3,0,FINAL,6477497
2025-10-25,Carroll (WI),Ill. Wesleyan,1,1,FINAL,6478177
2025-10-25,La Verne,Claremont-M-S,1,1,FINAL,6477776
2025-10-25,Whittier,Chapman,1,1,FINAL,6477888
2025-10-26,Rochester (NY),UChicago,0,2,FINAL,6473273
2025-10-26,Emory,WashU,0,1,FINAL,6472888
2025-10-26,NYU,CWRU,0,1,FINAL,6475614
2025-10-26,Brandeis,Carnegie Mellon,0,1,FINAL,6478091
2025-10-26,VTSU Castleton,Me.-Farmington,4,0,FINAL,6473007
2025-10-26,Centenary (LA),Concordia (TX),1,3,FINAL,6477548
2025-10-26,Schreiner,Colorado Col.,1,4,FINAL,6478056
2025-10-26,MUW,Eureka,1,2,FINAL,6476070
2025-10-26,Trinity (TX),Millsaps,3,1,FINAL,6473331
2025-10-26,Hendrix,LeTourneau,2,1,FINAL,6476432
2025-10-26,Gustavus Adolphus,Wis.-Superior,1,0,FINAL,6475555
2025-10-26,Lesley,Framingham St.,0,0,FINAL,6477349
2025-10-26,Sewanee,Berry,3,1,FINAL,6476346
2025-10-26,Mary Hardin-Baylor,East Tex. Baptist,5,0,FINAL,6477060
2025-10-26,Centre,Oglethorpe,4,1,FINAL,6477167
2025-10-26,Southwestern (TX),Rhodes,3,1,FINAL,6477205
2025-10-26,Ozarks (AR),Austin,0,1,FINAL,6478235
2025-10-26,Yeshiva,UMSV,2,3,FINAL,6478486
2025-10-26,St. Thomas (TX),Texas Lutheran,1,2,FINAL,6473413
2025-10-26,Dallas,McMurry,1,5,FINAL,6478496
2025-10-26,George Fox,Lewis & Clark,1,0,FINAL,6475081
2025-10-26,Pacific Lutheran,Willamette,3,2,FINAL,6476312
2025-10-26,Whitman,Linfield,5,1,FINAL,6495812
2025-10-27,Bethel (MN),UW-River Falls,2,1,FINAL,6475828
2025-10-28,Central (IA),Loras,0,0,FINAL,6478009
2025-10-28,Blackburn,Principia,1,2,FINAL,6477981
2025-10-28,Williams,Middlebury,0,3,FINAL,6472863
2025-10-28,Babson,Wheaton (MA),0,1,FINAL,6477499
2025-10-28,Lebanon Valley,King's (PA),3,0,FINAL,6472836
2025-10-28,Juniata,Catholic,0,1,FINAL,6477985
2025-10-28,Valley Forge,Penn St.-Berks,2,4,FINAL,6531198
2025-10-28,Hobart,Buffalo St.,0,0,FINAL,6474141
2025-10-28,Roger Williams,Wentworth,1,0,FINAL,6474166
2025-10-28,JWU (Providence),Western New Eng.,2,0,FINAL,6476544
2025-10-28,Maranatha Baptist,Lakeland,0,1,FINAL,6478144
2025-10-28,Bates,Colby,1,1,FINAL,6474441
2025-10-28,Saint Mary's (MN),Saint John's (MN),1,5,FINAL,6474498
2025-10-28,Coe,Neb. Wesleyan,0,3,FINAL,6475001
2025-10-28,St. Olaf,Wis.-Platteville,2,1,FINAL,6475270
2025-10-28,SUNY Potsdam,Clarkson,2,0,FINAL,6475984
2025-10-28,Bowdoin,Tufts,0,0,FINAL,6476733
2025-10-28,Buena Vista,Dubuque,0,5,FINAL,6473088
2025-10-28,St. Scholastica,Wis.-Stout,5,0,FINAL,6473574
2025-10-28,Mount Aloysius,Pitt.-Greensburg,1,1,FINAL,6472745
2025-10-28,Arcadia,FDU-Florham,0,1,FINAL,6472974
2025-10-28,Hartford,Curry,3,0,FINAL,6473688
2025-10-28,Penn St.-Altoona,La Roche,0,1,FINAL,6473836
2025-10-28,Lycoming,Wilkes,6,0,FINAL,6474028
2025-10-28,Endicott,Fitchburg St.,7,1,FINAL,6474130
2025-10-28,Moravian,Elizabethtown,5,0,FINAL,6474683
2025-10-28,Alfred St.,Penn St.-Behrend,1,3,FINAL,6475273
2025-10-28,Stevenson,Hood,2,1,FINAL,6475641
2025-10-28,Susquehanna,Goucher,0,1,FINAL,6476095
2025-10-28,Stevens,DeSales,5,1,FINAL,6476678
2025-10-28,Albright,Eastern,0,5,FINAL,6476976
2025-10-28,Misericordia,Delaware Valley,1,2,FINAL,6477198
2025-10-28,Alvernia,Widener,2,1,FINAL,6477234
2025-10-28,Suffolk,Nichols,2,0,FINAL,6477622
2025-10-28,York (PA),Messiah,0,1,FINAL,6477903
2025-10-28,U New England,Gordon,0,3,FINAL,6477914
2025-10-28,Drew,Scranton,0,1,FINAL,6478525
2025-10-28,Cairn,Wilson,3,1,FINAL,6531286
2025-10-28,Carroll (WI),Wis.-Whitewater,0,3,FINAL,6472804
2025-10-28,Wesleyan (CT),Connecticut Col.,1,1,FINAL,6474074
2025-10-28,Bethany Lutheran,Hamline,3,0,FINAL,6474959
2025-10-28,Amherst,Trinity (CT),1,0,FINAL,6478318
2025-10-28,Luther,Wartburg,1,0,FINAL,6474277
2025-10-29,Rivier,Colby-Sawyer,2,1,FINAL,6478248
2025-10-29,UMass Boston,UMass Dartmouth,4,0,FINAL,6473858
2025-10-29,Lyon,MUW,10,1,FINAL,6476072
2025-10-29,Centenary (NJ),Gwynedd Mercy,2,3,FINAL,6477606
2025-10-29,Bluffton,Mt. St. Joseph,3,2,FINAL,6474240
2025-10-29,Saint Elizabeth,Pratt,2,0,FINAL,6475735
2025-10-29,Plymouth St.,Southern Me.,1,7,FINAL,6475870
2025-10-29,Lasell,Regis (MA),1,5,FINAL,6478515
2025-10-29,Hanover,Anderson (IN),4,1,FINAL,6473034
2025-10-29,Earlham,Berea,4,0,FINAL,6473474
2025-10-29,Allegheny,Saint Vincent,0,0,FINAL,6473977
2025-10-29,Dean,Mitchell,5,0,FINAL,6474220
2025-10-29,Old Westbury,Manhattanville,3,2,FINAL,6475348
2025-10-29,Dominican (IL),Concordia Chicago,4,0,FINAL,6477955
2025-10-29,John Jay,CCNY,1,1,FINAL/PK,6531218
2025-10-29,Wooster,Kenyon,0,4,FINAL,6473306
2025-10-29,Norwich,New England Col.,2,0,FINAL,6474685
2025-10-29,Russell Sage,Hartwick,3,2,FINAL,6475715
2025-10-29,Rhode Island Col.,Eastern Conn. St.,3,1,FINAL,6476261
2025-10-29,Olivet,Alma,1,0,FINAL,6476577
2025-10-29,Bridgewater (VA),Wash. & Lee,0,2,FINAL,6476631
2025-10-29,Elmira,Houghton,6,2,FINAL,6477327
2025-10-29,Bethany (WV),Thiel,3,1,FINAL,6477892
2025-10-29,Lehman,Hunter,2,1,FINAL,6530989
2025-10-29,North Central (MN),Minn.-Morris,2,1,FINAL,6476913
2025-10-29,LaGrange,Piedmont,1,2,FINAL (OT),6531201
2025-10-29,Farmingdale St.,SUNY Maritime,2,1,FINAL,6472917
2025-10-29,SUNY Poly,Alfred,1,1,FINAL,6472947
2025-10-29,Keene St.,VTSU Castleton,1,1,FINAL,6473807
2025-10-29,Chris. Newport,Mary Washington,0,1,FINAL,6474248
2025-10-29,Hiram,Chatham,0,0,FINAL,6475937
2025-10-29,Mt. St. Mary (NY),St. Joseph's (Brkln),7,0,FINAL,6476619
2025-10-29,SUNY Delhi,Lesley,7,0,FINAL,6531231
2025-10-29,Westminster (MO),Greenville,0,4,FINAL,6475891
2025-10-29,Hampden-Sydney,Randolph-Macon,3,1,FINAL,6473118
2025-10-29,Wash. & Jeff.,Westminster (PA),1,0,FINAL,6473386
2025-10-29,Pfeiffer,Brevard,1,0,FINAL,6473549
2025-10-29,Capital,Muskingum,3,2,FINAL,6473634
2025-10-29,East. Mennonite,Averett,3,1,FINAL,6473659
2025-10-29,Southern Va.,Mary Baldwin,5,2,FINAL,6473725
2025-10-29,Denison,Wabash,1,1,FINAL,6473778
2025-10-29,Rowan,TCNJ,2,1,FINAL,6473916
2025-10-29,Roanoke,Guilford,4,0,FINAL,6474010
2025-10-29,Ohio Northern,Wilmington (OH),1,0,FINAL,6474338
2025-10-29,Marietta,Mount Union,4,6,FINAL,6474556
2025-10-29,Calvin,Adrian,5,0,FINAL,6474587
2025-10-29,St. John Fisher,Nazareth,2,0,FINAL,6474699
2025-10-29,Marywood,Immaculata,0,1,FINAL,6474703
2025-10-29,Elms,St. Joseph's (ME),1,1,FINAL,6474731
2025-10-29,Marymount (VA),Neumann,2,3,FINAL,6474839
2025-10-29,Rutgers-Camden,Montclair St.,1,1,FINAL,6474983
2025-10-29,Rutgers-Newark,Ramapo,4,1,FINAL,6475315
2025-10-29,Methodist,N.C. Wesleyan,0,0,FINAL,6475390
2025-10-29,Ohio Wesleyan,Oberlin,3,0,FINAL,6475437
2025-10-29,Kalamazoo,Albion,1,1,FINAL,6476190
2025-10-29,Lynchburg,Shenandoah,2,0,FINAL,6476212
2025-10-29,Greensboro,William Peace,2,1,FINAL,6476243
2025-10-29,Sarah Lawrence,Yeshiva,6,2,FINAL,6476283
2025-10-29,Rensselaer,Vassar,1,3,FINAL,6476364
2025-10-29,Albertus Magnus,Saint Joseph (CT),3,1,FINAL,6476430
2025-10-29,Wm. Paterson,New Jersey City,3,1,FINAL,6476553
2025-10-29,Wittenberg,John Carroll,1,1,FINAL,6476747
2025-10-29,Trinity (TX),Mary Hardin-Baylor,3,1,FINAL,6477062
2025-10-29,Va. Wesleyan,Randolph,4,0,FINAL,6477104
2025-10-29,SUNY Geneseo,SUNY Brockport,0,1,FINAL,6477120
2025-10-29,Hope,Trine,3,1,FINAL,6477303
2025-10-29,Utica,Keuka,6,0,FINAL,6477319
2025-10-29,Springfield,Coast Guard,1,0,FINAL,6477916
2025-10-29,WPI,Emerson,2,4,FINAL,6478184
2025-10-29,Baldwin Wallace,Heidelberg,3,2,FINAL,6478284
2025-10-29,Purchase,UMSV,1,6,FINAL,6478341
2025-10-29,Pomona-Pitzer,Whittier,2,0,FINAL,6478478
2025-10-29,Transylvania,Franklin,11,1,FINAL,6478505
2025-10-29,Salve Regina,Clark (MA),4,0,FINAL,6530851
2025-10-29,Belhaven,Huntingdon,5,0,FINAL,6531202
2025-10-29,Manchester,Rose-Hulman,0,1,FINAL,6473443
2025-10-29,Stockton,Kean,1,1,FINAL,6474385
2025-10-29,Franciscan,Geneva,2,2,FINAL,6475275
2025-10-29,Spalding,Webster,1,3,FINAL,6476004
2025-10-29,Marian (WI),Concordia Wisconsin,0,0,FINAL,6472774
2025-10-29,Wheaton (IL),North Central (IL),2,2,FINAL,6473199
2025-10-29,Waynesburg,Grove City,1,3,FINAL,6473937
2025-10-29,St. Norbert,MSOE,1,0,FINAL,6474430
2025-10-29,Benedictine (IL),Aurora,1,2,FINAL,6474660
2025-10-29,Northwestern-St. Paul,Crown (MN),3,0,FINAL,6476887
2025-10-29,Illinois Tech,Rockford,9,1,FINAL,6477476
2025-10-29,Wis. Lutheran,Edgewood,0,1,FINAL,6477853
2025-10-29,North Park,Carthage,2,2,FINAL,6478043
2025-10-29,Lakeland,Ripon,2,1,FINAL,6478145
2025-10-29,Ill. Wesleyan,Millikin,2,1,FINAL,6478179
2025-10-29,Augustana (IL),Elmhurst,4,0,FINAL,6478195
2025-10-29,Maine Maritime,Me.-Farmington,3,2,FINAL,6531185
2025-10-29,Occidental,Cal Lutheran,2,1,FINAL,6474852
2025-10-29,Claremont-M-S,Redlands,1,2,FINAL,6476949
2025-10-30,Wis.-Stevens Point,Wis.-Eau Claire,0,3,FINAL,6477943
2025-10-31,MCLA,Westfield St.,2,4,FINAL,6473716
2025-10-31,Ursinus,Johns Hopkins,0,1,FINAL,6476459
2025-10-31,Misericordia,Lebanon Valley,3,2,FINAL,6476698
2025-10-31,Muhlenberg,Dickinson,0,1,FINAL,6478227
2025-10-31,Wis.-Whitewater,Wis.-Platteville,2,1,FINAL,6472806
2025-10-31,Concordia (TX),Texas Lutheran,0,0,FINAL,6473415
2025-10-31,Wis.-Stout,UW-River Falls,1,1,FINAL,6473576
2025-10-31,Wis.-Superior,Bethany Lutheran,4,0,FINAL,6475557
2025-10-31,Millsaps,Rhodes,0,4,FINAL,6473333
2025-10-31,Macalester,Bethel (MN),5,1,FINAL,6477740
2025-11-01,Worcester St.,Anna Maria,0,1,FINAL,6478158
2025-11-01,Carnegie Mellon,Rochester (NY),0,1,FINAL,6475169
2025-11-01,CWRU,Emory,0,1,FINAL,6475616
2025-11-01,Tufts,Bates,1,0,FINAL,6531689
2025-11-01,WashU,NYU,0,1,FINAL,6472890
2025-11-01,Oberlin,DePauw,0,1,FINAL,6475441
2025-11-01,Coast Guard,Babson,1,1,FINAL,6477501
2025-11-01,Bridgewater St.,Framingham St.,5,0,FINAL,6478312
2025-11-01,Notre Dame (MD),Penn College,0,1,FINAL,6531289
2025-11-01,Rivier,Emmanuel (MA),1,1,FINAL/PK,6531585
2025-11-01,Manhattanville,Farmingdale St.,2,3,FINAL (OT),6531685
2025-11-01,Bowdoin,Middlebury,1,2,FINAL,6531687
2025-11-01,JWU (Providence),Endicott,0,2,FINAL,6531747
2025-11-01,John Carroll,Denison,0,3,FINAL,6474549
2025-11-01,Emerson,MIT,0,3,FINAL,6476601
2025-11-01,Kenyon,Ohio Wesleyan,4,0,FINAL,6477360
2025-11-01,Dallas,Colorado Col.,1,10,FINAL,6478057
2025-11-01,Husson,SUNY Delhi,1,2,FINAL,6531230
2025-11-01,Penn St.-Abington,Lancaster Bible,4,0,FINAL,6531288
2025-11-01,Elmira,Nazareth,1,0,FINAL,6531543
2025-11-01,SUNY Brockport,Russell Sage,4,0,FINAL,6531544
2025-11-01,SUNY Geneseo,Hartwick,1,0,FINAL,6531545
2025-11-01,William Peace,Southern Va.,2,1,FINAL (OT),6531577
2025-11-01,Saint Joseph (CT),Albertus Magnus,1,0,FINAL,6531586
2025-11-01,Wesleyan (CT),Amherst,3,2,FINAL,6531688
2025-11-01,Hartford,Western New Eng.,1,2,FINAL (OT),6531748
2025-11-01,Hamline,Saint John's (MN),0,1,FINAL,6474961
2025-11-01,Williams,Connecticut Col.,1,2,FINAL,6531686
2025-11-01,Saint Mary's (MN),Gustavus Adolphus,0,3,FINAL,6474502
2025-11-01,St. Lawrence,Union (NY),0,1,FINAL,6474937
2025-11-01,Skidmore,RIT,1,0,FINAL,6474948
2025-11-01,Concordia-M'head,Augsburg,0,6,FINAL,6475026
2025-11-01,McDaniel,Franklin & Marshall,1,0,FINAL,6475522
2025-11-01,Bard,Ithaca,0,0,FINAL,6475808
2025-11-01,Hobart,Rensselaer,6,2,FINAL,6476097
2025-11-01,Clarkson,Vassar,3,0,FINAL,6476366
2025-11-01,Delaware Valley,Stevens,0,3,FINAL,6476680
2025-11-01,Eastern,Widener,2,2,FINAL,6476978
2025-11-01,Wheaton (MA),Springfield,5,0,FINAL,6477917
2025-11-01,Carleton,St. Scholastica,4,0,FINAL,6477947
2025-11-01,Caltech,Pomona-Pitzer,0,2,FINAL,6478399
2025-11-01,Maryville (TN),Belhaven,3,2,FINAL,6531199
2025-11-01,Covenant,Piedmont,1,1,FINAL/PK,6531200
2025-11-01,SUNY New Paltz,SUNY Oneonta,0,3,FINAL,6531351
2025-11-01,Rowan,Wm. Paterson,1,0,FINAL,6531478
2025-11-01,Hampden-Sydney,Randolph,4,1,FINAL,6531652
2025-11-01,Plattsburgh St.,Fredonia,0,1,FINAL,6531674
2025-11-01,Lyon,Eureka,3,1,FINAL,6531707
2025-11-01,Aurora,Benedictine (IL),3,1,FINAL,6531709
2025-11-01,MSOE,Dominican (IL),3,0,FINAL,6531711
2025-11-01,Marian (WI),Edgewood,0,4,FINAL,6531712
2025-11-01,DeSales,FDU-Florham,1,4,FINAL,6472976
2025-11-01,Berry,Oglethorpe,0,0,FINAL,6476352
2025-11-01,Monmouth (IL),Lake Forest,0,5,FINAL,6477727
2025-11-01,Lawrence,Ripon,1,3,FINAL,6478471
2025-11-01,Beloit,Cornell College,2,1,FINAL,6530850
2025-11-01,St. Joseph's (ME),Dean,3,1,FINAL,6531583
2025-11-01,York (PA),Stevenson,3,1,FINAL,6475643
2025-11-01,Haverford,Swarthmore,1,0,FINAL,6477289
2025-11-01,WPI,Salve Regina,1,0,FINAL,6478181
2025-11-01,Muskingum,Baldwin Wallace,1,1,FINAL,6478285
2025-11-01,Brooklyn,Lehman,0,1,FINAL (OT),6531217
2025-11-01,St. Mary's (MD),Penn St.-Berks,5,0,FINAL,6531290
2025-11-01,Central (IA),Neb. Wesleyan,2,0,FINAL,6531400
2025-11-01,Mount Aloysius,Pitt.-Greensburg,4,1,FINAL,6531435
2025-11-01,St. Joseph's (L.I.),Old Westbury,2,0,FINAL,6531541
2025-11-01,Adrian,Kalamazoo,2,1,FINAL,6531582
2025-11-01,Allegheny,Wash. & Jeff.,2,1,FINAL,6531607
2025-11-01,Bridgewater (VA),Va. Wesleyan,1,0,FINAL,6531653
2025-11-01,Rose-Hulman,Anderson (IN),1,0,FINAL,6531678
2025-11-01,North Central (IL),Carthage,1,0,FINAL,6531744
2025-11-01,Southern Me.,Rhode Island Col.,1,1,FINAL/PK,6531769
2025-11-01,Knox,Grinnell,0,1,FINAL,6473358
2025-11-01,Salisbury,Chris. Newport,3,3,FINAL,6474253
2025-11-01,Baruch,CCNY,1,1,FINAL/PK,6531216
2025-11-01,Eastern Conn. St.,UMass Dartmouth,0,0,FINAL/PK,6531770
2025-11-01,Wittenberg,Wooster,0,0,FINAL,6473308
2025-11-01,Penn St. Harrisburg,Cairn,2,1,FINAL (OT),6531287
2025-11-01,Moravian,Lycoming,2,4,FINAL,6531404
2025-11-01,Gwynedd Mercy,Saint Elizabeth,2,1,FINAL,6531483
2025-11-01,Saint Vincent,Geneva,1,2,FINAL,6531606
2025-11-01,Wash. & Lee,Randolph-Macon,1,0,FINAL,6531651
2025-11-01,Wis.-Superior,Martin Luther,8,0,FINAL,6475560
2025-11-01,Crown (MN),North Central (MN),1,0,FINAL,6476889
2025-11-01,Chapman,Claremont-M-S,2,1,FINAL,6477890
2025-11-01,Northwestern-St. Paul,Minn.-Morris,0,1,FINAL,6478114
2025-11-01,Whitworth,Lewis & Clark,2,0,FINAL,6474877
2025-11-01,Linfield,Pacific Lutheran,1,3,FINAL,6476477
2025-11-01,Whitman,George Fox,2,0,FINAL,6476811
2025-11-01,Pacific (OR),Puget Sound,2,0,FINAL,6478406
2025-11-01,Fitchburg St.,Mass. Maritime,2,2,FINAL,6474134
2025-11-01,Westminster (MO),Principia,0,0,FINAL/PK,6531619
2025-11-01,Heidelberg,Otterbein,0,8,FINAL,6476121
2025-11-01,Thomas (ME),Maine Maritime,3,1,FINAL,6531229
2025-11-01,Loras,Simpson,7,0,FINAL,6531399
2025-11-01,North Park,Carroll (WI),1,0,FINAL (OT),6531528
2025-11-01,St. John Fisher,Utica,1,5,FINAL,6531542
2025-11-01,Lynchburg,East. Mennonite,4,1,FINAL,6531654
2025-11-01,Sewanee,Centre,0,0,FINAL,6477169
2025-11-01,Alfred St.,Pitt.-Bradford,4,1,FINAL,6531436
2025-11-01,Mount Union,Capital,4,1,FINAL,6473636
2025-11-01,Wilmington (OH),Marietta,7,3,FINAL,6474345
2025-11-01,Gettysburg,Washington Col.,4,0,FINAL,6474782
2025-11-01,Albright,Alvernia,1,1,FINAL,6477495
2025-11-01,TCNJ,Rutgers-Camden,5,1,FINAL,6531479
2025-11-01,Greensboro,Methodist,0,1,FINAL (OT),6531578
2025-11-01,Calvin,Olivet,5,0,FINAL,6531581
2025-11-01,Bluffton,Mt. St. Joseph,2,0,FINAL,6531677
2025-11-01,King's (PA),Arcadia,1,1,FINAL,6472837
2025-11-01,Messiah,Hood,7,1,FINAL,6478461
2025-11-01,St. Norbert,Illinois Tech,0,3,FINAL,6531710
2025-11-01,Hendrix,Ozarks (AR),2,1,FINAL,6476434
2025-11-01,St. Thomas (TX),Centenary (LA),4,2,FINAL,6476506
2025-11-01,Hardin-Simmons,Mary Hardin-Baylor,2,2,FINAL,6476771
2025-11-01,Trinity (TX),Southwestern (TX),2,1,FINAL,6477207
2025-11-01,East Tex. Baptist,Howard Payne,4,1,FINAL,6477926
2025-11-01,Schreiner,McMurry,0,1,FINAL,6478512
2025-11-01,Austin,LeTourneau,1,2,FINAL,6477126
2025-11-01,Redlands,Cal Lutheran,2,1,FINAL,6476952
2025-11-01,La Verne,Whittier,2,0,FINAL,6477778
2025-11-02,UChicago,Brandeis,3,2,FINAL,6473277
2025-11-02,Whitworth,George Fox,1,1,FINAL,6474881
2025-11-02,Whitman,Lewis & Clark,3,0,FINAL,6475083
2025-11-02,Pacific (OR),Pacific Lutheran,1,2,FINAL,6476479
2025-11-02,Linfield,Puget Sound,1,4,FINAL,6478573
2025-11-03,Gustavus Adolphus,Bethel (MN),3,0,FINAL,6531914
2025-11-03,Augsburg,Saint John's (MN),1,2,FINAL,6531912
2025-11-04,Emerson,WPI,0,1,FINAL (OT),6532099
2025-11-04,Vassar,St. Lawrence,4,1,FINAL,6532100
2025-11-04,Haverford,Muhlenberg,1,1,FINAL/PK,6532159
2025-11-04,Marymount (VA),Marywood,3,1,FINAL,6531481
2025-11-04,Roger Williams,Western New Eng.,2,2,FINAL/PK,6531746
2025-11-04,Union (NY),Clarkson,1,1,FINAL/PK,6532101
2025-11-04,Coast Guard,Springfield,1,1,FINAL/PK,6531857
2025-11-04,Rivier,Norwich,1,0,FINAL,6531901
2025-11-04,Saint Joseph (CT),St. Joseph's (ME),3,0,FINAL,6531902
2025-11-04,Edgewood,MSOE,0,2,FINAL,6531904
2025-11-04,Neumann,Gwynedd Mercy,3,0,FINAL,6531482
2025-11-04,Suffolk,Endicott,2,1,FINAL,6531745
2025-11-04,Mount Union,Baldwin Wallace,4,2,FINAL,6531839
2025-11-04,Aurora,Illinois Tech,5,4,FINAL,6531903
2025-11-04,Johns Hopkins,McDaniel,1,0,FINAL,6532157
2025-11-04,Wilmington (OH),Capital,1,1,FINAL/PK,6532161
2025-11-04,Wis.-Platteville,UW-River Falls,6,0,FINAL,6531945
2025-11-04,Chapman,La Verne,0,0,FINAL/PK,6532160
2025-11-04,Wis.-Stevens Point,Wis.-Stout,6,1,FINAL,6532237
2025-11-05,Fredonia,Buffalo St.,0,2,FINAL,6531704
2025-11-05,UMass Boston,Rhode Island Col.,4,1,FINAL,6532211
2025-11-05,La Roche,Alfred St.,1,0,FINAL,6531433
2025-11-05,N.C. Wesleyan,William Peace,3,2,FINAL,6531575
2025-11-05,Hanover,Rose-Hulman,2,1,FINAL,6531676
2025-11-05,Cortland,SUNY Oneonta,3,3,FINAL/PK,6531703
2025-11-05,Lebanon Valley,FDU-Florham,6,3,FINAL,6532120
2025-11-05,Scranton,Drew,1,1,FINAL/PK,6531401
2025-11-05,Grove City,Geneva,2,0,FINAL,6531605
2025-11-05,Pfeiffer,Methodist,0,0,FINAL/PK,6531576
2025-11-05,St. Mary's (MD),Penn College,1,2,FINAL,6532236
2025-11-05,Lycoming,Catholic,0,3,FINAL,6531402
2025-11-05,Hope,Adrian,4,1,FINAL,6531580
2025-11-05,Messiah,Hood,3,0,FINAL,6532119
2025-11-05,WestConn,UMass Dartmouth,2,0,FINAL,6532212
2025-11-05,Wis.-Superior,Crown (MN),4,0,FINAL,6532313
2025-11-05,Stockton,Rowan,0,1,FINAL,6531476
2025-11-05,Montclair St.,TCNJ,1,4,FINAL,6531477
2025-11-05,Albion,Calvin,1,4,FINAL,6531579
2025-11-05,Franciscan,Allegheny,5,2,FINAL,6531604
2025-11-05,Transylvania,Bluffton,2,0,FINAL,6531675
2025-11-05,Denison,Wooster,2,1,FINAL (OT),6531907
2025-11-05,DePauw,Kenyon,3,2,FINAL,6531908
2025-11-05,Wash. & Lee,Hampden-Sydney,2,0,FINAL,6532112
2025-11-05,Lynchburg,Bridgewater (VA),3,0,FINAL,6532113
2025-11-05,Stevenson,York (PA),2,1,FINAL (OT),6532118
2025-11-05,Stevens,Misericordia,3,0,FINAL,6532121
2025-11-05,Penn St. Harrisburg,Penn St.-Abington,1,1,FINAL/PK,6532235
2025-11-05,Westfield St.,Worcester St.,3,0,FINAL,6532292
2025-11-05,Salem St.,Anna Maria,3,1,FINAL,6532293
2025-11-05,SUNY Geneseo,Utica,1,1,FINAL/PK,6532398
2025-11-05,SUNY Brockport,Elmira,3,1,FINAL,6532399
2025-11-05,Penn St.-Behrend,Mount Aloysius,0,1,FINAL,6531434
2025-11-05,Merchant Marine,St. Joseph's (L.I.),1,2,FINAL,6531683
2025-11-05,UMSV,Farmingdale St.,4,0,FINAL,6531684
2025-11-05,Wartburg,Loras,3,2,FINAL,6531397
2025-11-05,Luther,Central (IA),1,0,FINAL (OT),6531398
2025-11-05,Wheaton (IL),North Park,1,2,FINAL,6531742
2025-11-05,Ill. Wesleyan,North Central (IL),4,1,FINAL,6531743
2025-11-05,Bethany Lutheran,Northwestern-St. Paul,3,0,FINAL,6532314
2025-11-06,Greenville,Principia,1,0,FINAL,6531706
2025-11-06,Babson,Coast Guard,3,1,FINAL,6532240
2025-11-06,East Tex. Baptist,Hardin-Simmons,0,2,FINAL,6532205
2025-11-06,Wheaton (MA),WPI,0,1,FINAL,6532241
2025-11-06,St. Olaf,Gustavus Adolphus,3,1,FINAL,6531913
2025-11-06,Berry,Oglethorpe,3,1,FINAL,6532280
2025-11-06,Macalester,Gustavus Adolphus,2,1,FINAL,6531911
2025-11-06,Webster,Lyon,0,3,FINAL,6531705
2025-11-06,Hendrix,Austin,1,1,FINAL/PK,6532426
2025-11-06,Salisbury,Warren Wilson,3,2,FINAL,6532209
2025-11-06,Otterbein,Wilmington (OH),4,1,FINAL,6532213
2025-11-06,Ohio Northern,Mount Union,4,1,FINAL,6532214
2025-11-06,Centre,Sewanee,2,0,FINAL,6532281
2025-11-06,Wis.-Whitewater,Wis.-Stevens Point,2,2,FINAL/PK,6531943
2025-11-06,Wis.-Eau Claire,Wis.-Platteville,1,0,FINAL,6531944
2025-11-06,Mary Hardin-Baylor,Howard Payne,6,0,FINAL,6532206
2025-11-06,Concordia (TX),LeTourneau,0,1,FINAL (OT),6532302
2025-11-06,Redlands,Pomona-Pitzer,2,1,FINAL,6532317
2025-11-06,Occidental,La Verne,4,1,FINAL,6532324
2025-11-07,Lake Forest,Ripon,3,0,FINAL,6531910
2025-11-07,Hobart,Union (NY),1,0,FINAL,6532239
2025-11-07,Beloit,Grinnell,0,2,FINAL,6531909
2025-11-07,Chris. Newport,UC Santa Cruz,2,0,FINAL,6532208
2025-11-07,Skidmore,Vassar,0,2,FINAL,6532238
2025-11-07,Trinity (TX),Berry,1,1,FINAL/PK,6532279
2025-11-07,Gettysburg,Johns Hopkins,1,2,FINAL,6532156
2025-11-07,Dickinson,Muhlenberg,3,0,FINAL,6532158
2025-11-07,Austin,Colorado Col.,0,2,FINAL,6532435
2025-11-07,Bridgewater St.,Salem St.,4,1,FINAL,6532304
2025-11-07,Mary Washington,Salisbury,0,2,FINAL,6532207
2025-11-07,Southwestern (TX),Centre,3,1,FINAL,6532278
2025-11-07,Mass. Maritime,Westfield St.,5,2,FINAL,6532305
2025-11-07,LeTourneau,Texas Lutheran,0,2,FINAL,6532436
2025-11-07,Aurora,MSOE,0,1,FINAL,6532653
2025-11-08,Grove City,Franciscan,1,0,FINAL,6532750
2025-11-08,Babson,WPI,1,0,FINAL,6532752
2025-11-08,WestConn,UMass Boston,1,2,FINAL,6532826
2025-11-08,NYU,Brandeis,1,1,FINAL,6476401
2025-11-08,Middlebury,Tufts,2,3,FINAL (OT),6532045
2025-11-08,UMSV,St. Joseph's (L.I.),1,2,FINAL,6532495
2025-11-08,Thomas (ME),SUNY Delhi,2,3,FINAL,6531815
2025-11-08,Wesleyan (CT),Connecticut Col.,1,2,FINAL,6532044
2025-11-08,Saint Joseph (CT),Rivier,3,2,FINAL,6532343
2025-11-08,Neumann,Marymount (VA),2,0,FINAL,6532368
2025-11-08,Penn St. Harrisburg,Penn College,3,0,FINAL,6532472
2025-11-08,Luther,Wartburg,1,0,FINAL,6532509
2025-11-08,Ill. Wesleyan,North Park,1,0,FINAL,6532599
2025-11-08,Greenville,Lyon,0,1,FINAL,6532630
2025-11-08,Roger Williams,Suffolk,1,1,FINAL/PK,6532714
2025-11-08,St. Olaf,Macalester,1,4,FINAL,6532720
2025-11-08,Hope,Calvin,0,2,FINAL,6532749
2025-11-08,Wis.-Eau Claire,Wis.-Stevens Point,1,0,FINAL,6532751
2025-11-08,Buffalo St.,SUNY Oneonta,1,2,FINAL,6532866
2025-11-08,La Roche,Mount Aloysius,1,0,FINAL,6532473
2025-11-08,Covenant,Maryville (TN),1,1,FINAL/PK,6532609
2025-11-08,Wis.-Superior,Bethany Lutheran,2,1,FINAL (OT),6532618
2025-11-08,Lake Forest,Grinnell,4,0,FINAL,6532705
2025-11-08,N.C. Wesleyan,Methodist,3,2,FINAL (OT),6532716
2025-11-08,Lehman,CCNY,1,0,FINAL,6532767
2025-11-08,SUNY Geneseo,SUNY Brockport,2,1,FINAL (OT),6532510
2025-11-08,Denison,DePauw,1,3,FINAL,6532628
2025-11-08,Catholic,Drew,1,0,FINAL,6532627
2025-11-08,Carnegie Mellon,CWRU,1,0,FINAL,6475617
2025-11-08,Messiah,Stevenson,2,0,FINAL,6532788
2025-11-08,Pacific Lutheran,Whitworth,2,1,FINAL,6474884
2025-11-08,Linfield,Lewis & Clark,1,0,FINAL,6475085
2025-11-08,Willamette,Pacific (OR),3,0,FINAL,6476314
2025-11-08,Puget Sound,Whitman,0,0,FINAL,6478574
2025-11-08,WashU,UChicago,1,0,FINAL,6472892
2025-11-08,Rochester (NY),Emory,1,2,FINAL,6475173
2025-11-08,Stevens,Lebanon Valley,1,0,FINAL,6532496
2025-11-08,Lynchburg,Wash. & Lee,2,1,FINAL,6532658
2025-11-08,Transylvania,Hanover,1,1,FINAL/PK,6532598
2025-11-08,Rowan,TCNJ,1,0,FINAL,6532597
2025-11-08,Mary Hardin-Baylor,Hardin-Simmons,1,1,FINAL/PK,6532865
2025-11-08,Occidental,Redlands,1,0,FINAL,6532629
2025-11-09,Tufts,Connecticut Col.,1,0,FINAL,6532891
2025-11-09,Bridgewater St.,Mass. Maritime,1,0,FINAL,6532706
2025-11-09,Chris. Newport,Salisbury,1,0,FINAL,6532879
2025-11-09,Dickinson,Johns Hopkins,4,0,FINAL,6532831
2025-11-09,Otterbein,Ohio Northern,0,0,FINAL/PK,6532832
2025-11-09,Southwestern (TX),Berry,1,2,FINAL,6532833
2025-11-09,Hobart,Vassar,2,1,FINAL,6532908
2025-11-09,Colorado Col.,Texas Lutheran,0,1,FINAL,6532893
2025-11-09,Puget Sound,Whitworth,1,1,FINAL,6474886
2025-11-09,Lewis & Clark,Willamette,0,5,FINAL,6475087
2025-11-09,Pacific Lutheran,Whitman,1,3,FINAL,6476481
2025-11-09,George Fox,Linfield,1,1,FINAL,6476813
