date,home_team,away_team,home_score,away_score,status,game_id
2025-09-05,Meredith,Maryville (TN),2,3,FINAL,6492545
2025-09-05,Carleton,Simpson,1,3,FINAL,6491680
2025-09-05,Mary Hardin-Baylor,Concordia (TX),3,1,FINAL,6491892
2025-09-05,Carleton,Neb. Wesleyan,1,3,FINAL,6492912
2025-09-05,Dallas,Carroll (WI),1,3,FINAL,6493045
2025-09-05,Huntingdon,LaGrange,3,0,FINAL,6495910
2025-09-05,Trinity (TX),Wm. Paterson,3,1,FINAL,6493608
2025-09-05,Puget Sound,Texas Lutheran,3,0,FINAL,6488446
2025-09-05,Methodist,Hollins,3,1,FINAL,6489071
2025-09-05,Randolph,Salem (NC),1,3,FINAL,6492668
2025-09-05,Chapman,Whitman,3,1,FINAL,6492711
2025-09-05,Gordon,Oglethorpe,3,0,FINAL,6496022
2025-09-05,Marymount (VA),Shenandoah,1,3,FINAL,6492116
2025-09-05,Grove City,Wooster,3,1,FINAL,6488874
2025-09-05,Oberlin,Grove City,0,3,FINAL,6490478
2025-09-05,UW-River Falls,Simpson,3,1,FINAL,6490800
2025-09-05,Belhaven,Mary Hardin-Baylor,0,3,FINAL,6491894
2025-09-05,Clarkson,Plattsburgh St.,3,0,FINAL,6488394
2025-09-05,Wis.-Oshkosh,WashU,3,1,FINAL,6488495
2025-09-05,St. Thomas (TX),Millsaps,3,2,FINAL,6488798
2025-09-05,Hollins,Brevard,1,3,FINAL,6489072
2025-09-05,Capital,Allegheny,3,0,FINAL,6489095
2025-09-05,Chris. Newport,Bridgewater (VA),2,3,FINAL,6489448
2025-09-05,Cedar Crest,Widener,0,3,FINAL,6490225
2025-09-05,Penn St.-Behrend,Geneva,3,0,FINAL,6490350
2025-09-05,Otterbein,Centre,3,0,FINAL,6491969
2025-09-05,Oglethorpe,Va. Wesleyan,0,3,FINAL,6492129
2025-09-05,N.C. Wesleyan,Randolph,3,2,FINAL,6492669
2025-09-05,Huntingdon,Piedmont,3,1,FINAL,6496041
2025-09-05,Alfred,Hamilton,1,3,FINAL,6488565
2025-09-05,Augsburg,Wis.-La Crosse,3,1,FINAL,6490121
2025-09-05,Gustavus Adolphus,Minn.-Morris,3,0,FINAL,6493663
2025-09-05,UMass Boston,Salem St.,3,1,FINAL,6489024
2025-09-05,Wilmington (OH),Franklin,0,3,FINAL,6489512
2025-09-05,Hardin-Simmons,UMass Dartmouth,3,0,FINAL,6489666
2025-09-05,Wesleyan (CT),Wheaton (MA),3,0,FINAL,6489835
2025-09-05,Nazareth,Shenandoah,1,3,FINAL,6492117
2025-09-05,East Tex. Baptist,Dallas,3,0,FINAL,6492507
2025-09-05,Austin,Webster,1,3,FINAL,6492620
2025-09-05,Whittier,Whitman,3,0,FINAL,6492837
2025-09-05,Rhodes,Lyon,3,0,FINAL,6492870
2025-09-05,Adrian,Wooster,3,0,FINAL,6493237
2025-09-05,Bethel (MN),North Park,0,3,FINAL,6493549
2025-09-05,Linfield,Cal Lutheran,1,3,FINAL,6493749
2025-09-05,Ill. Wesleyan,Texas Lutheran,3,0,FINAL,6488447
2025-09-05,Salisbury,Tufts,3,1,FINAL,6491730
2025-09-05,Southern Va.,St. Mary's (MD),1,3,FINAL,6493776
2025-09-05,Wis.-Whitewater,Concordia Wisconsin,3,0,FINAL,6488352
2025-09-05,Plattsburgh St.,St. John Fisher,0,3,FINAL,6488395
2025-09-05,St. Lawrence,Middlebury,0,3,FINAL,6488484
2025-09-05,Allegheny,Hanover,3,2,FINAL,6488598
2025-09-05,LaGrange,Millsaps,0,3,FINAL,6488809
2025-09-05,Anderson (IN),Knox,3,0,FINAL,6488901
2025-09-05,Averett,Maryville (TN),1,3,FINAL,6489119
2025-09-05,Smith,Dean,3,0,FINAL,6489439
2025-09-05,Bluffton,Thiel,1,3,FINAL,6489463
2025-09-05,Pomona-Pitzer,Whitworth,0,3,FINAL,6489894
2025-09-05,Skidmore,Nichols,3,0,FINAL,6490012
2025-09-05,Fredonia,Geneva,3,1,FINAL,6490355
2025-09-05,Penn College,Alfred St.,0,3,FINAL,6490404
2025-09-05,Roanoke,Methodist,3,1,FINAL,6490461
2025-09-05,Wartburg,Wis.-Superior,3,0,FINAL,6490584
2025-09-05,CWRU,Heidelberg,1,3,FINAL,6490652
2025-09-05,Centre,Stevenson,3,0,FINAL,6490837
2025-09-05,Hilbert,Manhattanville,0,3,FINAL,6490955
2025-09-05,Oswego St.,Western New Eng.,3,1,FINAL,6491594
2025-09-05,LeTourneau,Sewanee,3,1,FINAL,6491884
2025-09-05,DeSales,Ursinus,3,0,FINAL,6491946
2025-09-05,Greenville,Trine,3,0,FINAL,6491960
2025-09-05,SUNY Brockport,Manhattanville,1,3,FINAL,6491965
2025-09-05,Gordon,William Peace,3,2,FINAL,6492145
2025-09-05,Wis. Lutheran,Monmouth (IL),2,3,FINAL,6492677
2025-09-05,Haverford,Springfield,3,2,FINAL,6492779
2025-09-05,Ohio Wesleyan,Albion,1,3,FINAL,6492883
2025-09-05,Baldwin Wallace,John Carroll,0,3,FINAL,6493023
2025-09-05,Dominican (IL),Muskingum,0,3,FINAL,6495730
2025-09-05,Illinois Col.,Loras,3,2,FINAL,6495809
2025-09-05,Dubuque,St. Olaf,3,2,FINAL,6490306
2025-09-05,Claremont-M-S,Emory,2,3,FINAL,6490874
2025-09-05,Illinois Tech,Lawrence,2,3,FINAL,6493746
2025-09-05,Buena Vista,Wheaton (IL),0,3,FINAL,6488743
2025-09-05,Connecticut Col.,Suffolk,3,1,FINAL,6489347
2025-09-05,William Smith,Buffalo St.,3,0,FINAL,6489389
2025-09-05,New England Col.,Husson,3,0,FINAL,6489410
2025-09-05,MSOE,Maranatha Baptist,3,0,FINAL,6489507
2025-09-05,Wilmington (OH),Alma,2,3,FINAL,6489514
2025-09-05,Roger Williams,Simmons,3,0,FINAL,6489579
2025-09-05,Colby-Sawyer,UMass Dartmouth,0,3,FINAL,6489672
2025-09-05,Denison,Hope,3,2,FINAL,6489691
2025-09-05,Union (NY),Russell Sage,3,0,FINAL,6489975
2025-09-05,Cortland,Hartwick,3,0,FINAL,6490576
2025-09-05,Ohio Northern,Westminster (MO),2,3,FINAL,6491416
2025-09-05,Eastern Conn. St.,Trinity (CT),1,3,FINAL,6491647
2025-09-05,MIT,Brandeis,3,1,FINAL,6491661
2025-09-05,Benedictine (IL),North Central (IL),0,3,FINAL,6492073
2025-09-05,Belhaven,Concordia (TX),0,3,FINAL,6492355
2025-09-05,Martin Luther,St. Scholastica,0,3,FINAL,6492816
2025-09-05,Bethel (MN),Neb. Wesleyan,1,3,FINAL,6492914
2025-09-05,Grinnell,Gustavus Adolphus,0,3,FINAL,6492974
2025-09-05,Lakeland,Wis.-La Crosse,3,0,FINAL,6493296
2025-09-05,Medgar Evers,Valley Forge,0,3,FINAL,6493384
2025-09-05,SUNY New Paltz,Mt. St. Mary (NY),3,0,FINAL,6493444
2025-09-05,Maranatha Baptist,Ripon,0,3,FINAL,6493960
2025-09-05,Marymount (VA),Kean,1,3,FINAL,6490929
2025-09-05,Saint Benedict,Emerson,3,0,FINAL,6491746
2025-09-05,Capital,Hanover,0,3,FINAL,6488599
2025-09-05,SUNY Geneseo,Williams,0,3,FINAL,6488625
2025-09-05,Wash. & Lee,Mary Washington,3,0,FINAL,6488679
2025-09-05,Southwestern (TX),Puget Sound,3,0,FINAL,6488926
2025-09-05,Earlham,Westminster (PA),3,2,FINAL,6488939
2025-09-05,Berea,Spalding,3,0,FINAL,6489003
2025-09-05,Colby,Wis.-Stout,3,0,FINAL,6489046
2025-09-05,Meredith,Averett,3,1,FINAL,6489120
2025-09-05,Chris. Newport,Trinity (TX),0,3,FINAL,6489450
2025-09-05,Penn St.-Behrend,Bluffton,3,2,FINAL,6489468
2025-09-05,Loras,St. Norbert,0,3,FINAL,6489577
2025-09-05,Clarkson,St. John Fisher,0,3,FINAL,6489642
2025-09-05,Guilford,Greensboro,1,3,FINAL,6489915
2025-09-05,St. Thomas (TX),Piedmont,3,0,FINAL,6490227
2025-09-05,Emmanuel (MA),Sarah Lawrence,3,0,FINAL,6490419
2025-09-05,Juniata,Marietta,3,1,FINAL,6490440
2025-09-05,Neumann,Rowan,1,3,FINAL,6490761
2025-09-05,DePauw,Muskingum,2,3,FINAL,6490809
2025-09-05,Otterbein,Stevenson,3,0,FINAL,6490838
2025-09-05,Penn St.-Altoona,Dickinson,0,3,FINAL,6490885
2025-09-05,NYU,Gallaudet,3,0,FINAL,6490905
2025-09-05,Scranton,Lynchburg,1,3,FINAL,6491243
2025-09-05,Smith,Vassar,3,1,FINAL,6491348
2025-09-05,Amherst,Mount Holyoke,3,1,FINAL,6491463
2025-09-05,Elmira,Saint Joseph (CT),3,0,FINAL,6491523
2025-09-05,Greenville,Dominican (IL),3,0,FINAL,6491962
2025-09-05,William Peace,Va. Wesleyan,1,3,FINAL,6492131
2025-09-05,St. Lawrence,Keuka,3,0,FINAL,6492209
2025-09-05,JWU (Providence),SUNY Oneonta,1,3,FINAL,6492397
2025-09-05,Hendrix,Webster,3,1,FINAL,6492526
2025-09-05,Wis. Lutheran,Illinois Col.,3,1,FINAL,6492679
2025-09-05,Chapman,UC Santa Cruz,0,3,FINAL,6492713
2025-09-05,Rhodes,Austin,3,1,FINAL,6492871
2025-09-05,Mt. St. Joseph,Carnegie Mellon,0,3,FINAL,6493176
2025-09-05,Utica,SUNY Canton,3,0,FINAL,6493315
2025-09-05,East. Mennonite,McDaniel,2,3,FINAL,6493333
2025-09-05,Roanoke,N.C. Wesleyan,3,2,FINAL,6493620
2025-09-05,Fredonia,Thiel,1,3,FINAL,6496081
2025-09-05,Rose-Hulman,Westminster (MO),3,0,FINAL,6488864
2025-09-05,Knox,Ohio Northern,0,3,FINAL,6488902
2025-09-05,Calvin,Wittenberg,3,2,FINAL,6489730
2025-09-05,Covenant,Transylvania,0,3,FINAL,6490499
2025-09-05,Macalester,Schreiner,0,3,FINAL,6492611
2025-09-05,Wis.-Whitewater,Pacific Lutheran,3,0,FINAL,6488416
2025-09-05,Wis.-Oshkosh,Marian (WI),3,0,FINAL,6488722
2025-09-05,UChicago,Wis.-Eau Claire,1,3,FINAL,6488760
2025-09-05,Saint Mary's (MN),Wheaton (IL),0,3,FINAL,6488795
2025-09-05,MSOE,Benedictine (IL),1,3,FINAL,6489510
2025-09-05,Hamline,Central (IA),3,2,FINAL,6489993
2025-09-05,Augsburg,Minn.-Morris,2,3,FINAL,6490122
2025-09-05,Cornell College,Wis.-Platteville,0,3,FINAL,6490297
2025-09-05,St. Catherine,Wis.-Superior,0,3,FINAL,6490589
2025-09-05,Luther,St. Scholastica,1,3,FINAL,6491440
2025-09-05,Johns Hopkins,Hardin-Simmons,3,0,FINAL,6491553
2025-09-05,Pomona-Pitzer,Redlands,1,3,FINAL,6491832
2025-09-05,North Central (IL),Ripon,3,0,FINAL,6492075
2025-09-05,East Tex. Baptist,Carroll (WI),3,0,FINAL,6492511
2025-09-05,Northwestern-St. Paul,Millikin,3,0,FINAL,6493212
2025-09-05,Coe,Augustana (IL),3,0,FINAL,6493227
2025-09-05,Bethany Lutheran,Concordia-M'head,3,1,FINAL,6493465
2025-09-05,UW-River Falls,North Park,0,3,FINAL,6493969
2025-09-05,Franklin,Manchester,2,3,FINAL,6495680
2025-09-05,Grinnell,Lakeland,1,3,FINAL,6492975
2025-09-05,La Verne,Whitworth,3,1,FINAL,6489899
2025-09-05,Lewis & Clark,Schreiner,0,3,FINAL,6490158
2025-09-05,Willamette,Cal Lutheran,1,3,FINAL,6491449
2025-09-05,Whittier,UC Santa Cruz,3,1,FINAL,6493521
2025-08-29,Rutgers-Newark,Farmingdale St.,0,3,FINAL,6489237
2025-08-29,Berry,Wittenberg,3,1,FINAL,6491332
2025-08-29,Adrian,Hardin-Simmons,0,3,FINAL,6491747
2025-08-29,John Jay,New Jersey City,0,3,FINAL,6493060
2025-08-29,Wash. & Lee,Wilmington (OH),3,0,FINAL,6488673
2025-08-29,George Fox,Pfeiffer,3,0,FINAL,6489424
2025-08-29,NYU,Millikin,3,1,FINAL,6491393
2025-08-29,Neb. Wesleyan,Crown (MN),3,0,FINAL,6491907
2025-08-29,Meredith,Huntingdon,3,0,FINAL,6493597
2025-08-29,Farmingdale St.,Hunter,3,1,FINAL,6489244
2025-08-29,Allegheny,Heidelberg,3,0,FINAL,6489701
2025-08-29,William Peace,Roanoke,3,0,FINAL,6492142
2025-08-29,Baldwin Wallace,Franciscan,2,3,FINAL,6493103
2025-08-29,New Jersey City,Colby-Sawyer,3,2,FINAL,6493245
2025-08-29,Concordia Chicago,Muskingum,0,3,FINAL,6493431
2025-08-29,Ohio Wesleyan,Salem (NC),3,2,FINAL,6493567
2025-08-29,Alverno,Schreiner,0,3,FINAL,6495739
2025-08-29,Pacific Lutheran,Southwestern (TX),3,1,FINAL,6488923
2025-08-29,Transylvania,Wartburg,1,3,FINAL,6492825
2025-08-29,Carleton,Texas Lutheran,1,3,FINAL,6488442
2025-08-29,RIT,Waynesburg,3,0,FINAL,6489202
2025-08-29,MSOE,Wis.-Stevens Point,0,3,FINAL,6489562
2025-08-29,Montclair St.,Smith,3,1,FINAL,6490058
2025-08-29,LaGrange,St. Catherine,1,3,FINAL,6490687
2025-08-29,Kean,Hartwick,3,1,FINAL,6490816
2025-08-29,Luther,Crown (MN),3,0,FINAL,6491436
2025-08-29,Wm. Paterson,Washington Col.,3,0,FINAL,6492324
2025-08-29,East Tex. Baptist,Edgewood,3,0,FINAL,6492362
2025-08-29,Wash. & Lee,Asbury,3,0,FINAL,6488675
2025-08-29,Brevard,Berea,2,3,FINAL,6488998
2025-08-29,La Verne,St. Olaf,3,2,FINAL,6490336
2025-08-29,Whittier,CWRU,3,0,FINAL,6490646
2025-08-29,Southern Va.,Spalding,3,1,FINAL,6491037
2025-08-29,North Park,Wooster,3,1,FINAL,6488868
2025-08-29,Keuka,MCLA,1,3,FINAL,6489142
2025-08-29,Oberlin,St. Mary's (IN),0,3,FINAL,6489169
2025-08-29,Chris. Newport,Catholic,3,0,FINAL,6489438
2025-08-29,Ithaca,St. John Fisher,3,1,FINAL,6489617
2025-08-29,McMurry,Guilford,1,3,FINAL,6489898
2025-08-29,Alfred St.,Western New Eng.,3,2,FINAL,6490348
2025-08-29,York (PA),Elizabethtown,1,3,FINAL,6490457
2025-08-29,Heidelberg,Manchester,3,1,FINAL,6491090
2025-08-29,Hiram,Kalamazoo,3,0,FINAL,6491242
2025-08-29,Plymouth St.,Westminster (MO),2,3,FINAL,6491292
2025-08-29,SUNY Morrisville,SUNY Poly,3,0,FINAL,6491419
2025-08-29,Haverford,Lebanon Valley,3,0,FINAL,6491715
2025-08-29,Alma,Wash. & Jeff.,3,2,FINAL,6492072
2025-08-29,Va. Wesleyan,Marymount (VA),3,1,FINAL,6492120
2025-08-29,Concordia (TX),Arcadia,3,1,FINAL,6492351
2025-08-29,SUNY Oneonta,Utica,3,2,FINAL,6492389
2025-08-29,Bridgewater (VA),Messiah,2,3,FINAL,6492654
2025-08-29,Howard Payne,Rhodes,3,1,FINAL,6492867
2025-08-29,John Jay,Colby-Sawyer,3,1,FINAL,6493061
2025-08-29,Dickinson,Grove City,1,3,FINAL,6493191
2025-08-29,Mt. St. Joseph,Worcester St.,3,0,FINAL,6493934
2025-08-29,Rutgers-Newark,Hunter,3,0,FINAL,6496040
2025-08-29,Wis.-Platteville,NYU,3,1,FINAL,6490290
2025-08-29,Salisbury,Penn St.-Altoona,3,0,FINAL,6490881
2025-08-29,St. Thomas (TX),Adrian,3,0,FINAL,6491465
2025-08-29,Monmouth (IL),Wis.-La Crosse,0,3,FINAL,6492989
2025-08-29,Mount Aloysius,Smith,3,0,FINAL,6488340
2025-08-29,Plattsburgh St.,SUNY Potsdam,3,2,FINAL,6488391
2025-08-29,Mount Union,Alfred,3,0,FINAL,6488558
2025-08-29,Lycoming,SUNY New Paltz,2,3,FINAL,6488801
2025-08-29,Cortland,UMass Boston,3,1,FINAL,6489020
2025-08-29,St. Norbert,Augsburg,3,0,FINAL,6489566
2025-08-29,Gettysburg,Carnegie Mellon,1,3,FINAL,6489790
2025-08-29,Lewis & Clark,Redlands,1,3,FINAL,6490156
2025-08-29,Carroll (WI),Dubuque,1,3,FINAL,6490293
2025-08-29,Clarkson,Marietta,1,3,FINAL,6490434
2025-08-29,Hartwick,Trine,3,0,FINAL,6490819
2025-08-29,Bethany (WV),Penn St.-Behrend,0,3,FINAL,6490985
2025-08-29,Lynchburg,Washington Col.,3,2,FINAL,6491238
2025-08-29,Carthage,Willamette,3,2,FINAL,6491446
2025-08-29,Olivet,Wittenberg,1,3,FINAL,6491623
2025-08-29,Saint Benedict,Neb. Wesleyan,3,2,FINAL,6491743
2025-08-29,WPI,Wentworth,0,3,FINAL,6492354
2025-08-29,Loras,Webster,3,0,FINAL,6492618
2025-08-29,Brandeis,Regis (MA),1,3,FINAL,6492990
2025-08-29,Lawrence,Lakeland,1,3,FINAL,6493288
2025-08-29,Martin Luther,Ripon,0,3,FINAL,6493864
2025-08-29,Husson,Lasell,0,3,FINAL,6489403
2025-08-29,Colorado Col.,MSOE,3,0,FINAL,6489563
2025-08-29,MUW,LaGrange,1,3,FINAL,6491128
2025-08-29,Wis.-Eau Claire,East Tex. Baptist,2,3,FINAL,6492468
2025-08-29,Maryville (TN),Meredith,3,0,FINAL,6496039
2025-08-29,Howard Payne,Millsaps,3,0,FINAL,6488739
2025-08-29,Averett,McMurry,2,3,FINAL,6489115
2025-08-29,MCLA,Pitt.-Bradford,0,3,FINAL,6489143
2025-08-29,Buffalo St.,Chapman,0,3,FINAL,6489371
2025-08-29,Rochester (NY),St. John Fisher,0,3,FINAL,6489629
2025-08-29,UMass Dartmouth,Nazareth,3,0,FINAL,6489644
2025-08-29,Allegheny,Salem (NC),2,3,FINAL,6489708
2025-08-29,Union (NY),Stevens,2,3,FINAL,6489962
2025-08-29,Geneva,Western New Eng.,1,3,FINAL,6490338
2025-08-29,Alfred St.,Thomas (ME),3,0,FINAL,6490353
2025-08-29,Claremont-M-S,CWRU,3,0,FINAL,6490647
2025-08-29,Neumann,Shenandoah,0,3,FINAL,6490758
2025-08-29,Hilbert,SUNY Canton,3,0,FINAL,6490951
2025-08-29,SUNY Brockport,Manchester,3,2,FINAL,6491091
2025-08-29,Baruch,Utica,0,3,FINAL,6491105
2025-08-29,Springfield,Westfield St.,3,0,FINAL,6491137
2025-08-29,Widener,Westminster (MO),0,3,FINAL,6491403
2025-08-29,Scranton,William Smith,1,3,FINAL,6491484
2025-08-29,Saint Joseph (CT),Eastern Conn. St.,0,3,FINAL,6491518
2025-08-29,Johns Hopkins,Rowan,3,0,FINAL,6491552
2025-08-29,Eastern,Rutgers-Camden,3,0,FINAL,6491846
2025-08-29,JWU (Providence),Ursinus,3,1,FINAL,6491945
2025-08-29,Concordia (TX),New England Col.,3,0,FINAL,6492352
2025-08-29,Bridgewater (VA),Otterbein,0,3,FINAL,6492655
2025-08-29,Catholic,Coast Guard,0,3,FINAL,6492893
2025-08-29,Franciscan,Muskingum,0,3,FINAL,6493104
2025-08-29,Baldwin Wallace,Concordia Chicago,3,1,FINAL,6493328
2025-08-29,Anderson (IN),Elmhurst,3,1,FINAL,6493467
2025-08-29,Heidelberg,Ohio Wesleyan,0,3,FINAL,6493569
2025-08-29,Penn College,SUNY Geneseo,0,3,FINAL,6495786
2025-08-29,Cal Lutheran,St. Olaf,0,3,FINAL,6490337
2025-08-29,Whittier,Lake Forest,3,0,FINAL,6492573
2025-08-29,Thiel,Wis.-Oshkosh,0,3,FINAL,6489326
2025-08-29,St. Catherine,Oglethorpe,3,2,FINAL,6490691
2025-08-29,Coe,UW-River Falls,3,1,FINAL,6490797
2025-08-29,Southern Me.,St. Joseph's (ME),0,3,FINAL,6492462
2025-08-29,Alverno,Hardin-Simmons,0,3,FINAL,6491748
2025-08-29,Montclair St.,Mount Aloysius,3,0,FINAL,6488341
2025-08-29,WashU,Willamette,3,0,FINAL,6488487
2025-08-29,Alfred,Denison,0,3,FINAL,6488559
2025-08-29,Alfred,Denison,0,3,FINAL,6488559
2025-08-29,Benedictine (IL),Wheaton (IL),0,3,FINAL,6488733
2025-08-29,Pitt.-Greensburg,SUNY New Paltz,0,3,FINAL,6488804
2025-08-29,Eureka,Rose-Hulman,0,3,FINAL,6488860
2025-08-29,Knox,Buena Vista,0,3,FINAL,6488895
2025-08-29,Bethany (WV),Westminster (PA),0,3,FINAL,6488934
2025-08-29,Bluffton,Webster,3,0,FINAL,6489432
2025-08-29,Wis.-Superior,Saint Mary's (MN),2,3,FINAL,6489573
2025-08-29,DePauw,Marietta,0,3,FINAL,6490438
2025-08-29,Elmira,Moravian,0,3,FINAL,6490515
2025-08-29,Kean,Trine,3,0,FINAL,6490927
2025-08-29,George Fox,Spalding,3,0,FINAL,6490965
2025-08-29,Wm. Paterson,Lynchburg,2,3,FINAL,6491239
2025-08-29,Bard,Oswego St.,1,3,FINAL,6491267
2025-08-29,Luther,Concordia-M'head,3,2,FINAL,6491437
2025-08-29,MIT,Regis (MA),3,0,FINAL,6491658
2025-08-29,Simpson,Macalester,3,0,FINAL,6491678
2025-08-29,Austin,Arcadia,3,0,FINAL,6492715
2025-08-29,Grinnell,Bethany Lutheran,3,0,FINAL,6492973
2025-08-29,Brandeis,Roger Williams,3,1,FINAL,6492991
2025-08-29,Pratt,Merchant Marine,0,3,FINAL,6493012
2025-08-29,Central (IA),Carroll (WI),1,3,FINAL,6493515
2025-08-29,Puget Sound,Gustavus Adolphus,0,3,FINAL,6493869
2025-08-29,Russell Sage,St. Lawrence,1,3,FINAL,6495823
2025-08-29,N.C. Wesleyan,Mary Baldwin,3,0,FINAL,6495994
2025-08-29,Edgewood,Wis.-Stevens Point,3,2,FINAL,6496403
2025-08-29,Saint Vincent,RIT,2,3,FINAL,6500446
2025-08-29,Berea,Huntingdon,1,3,FINAL,6488999
2025-08-29,Hamline,Lawrence,1,3,FINAL,6489963
2025-08-29,Gallaudet,Augsburg,3,2,FINAL,6490117
2025-08-29,Transylvania,Berry,0,3,FINAL,6491333
2025-08-29,Swarthmore,Juniata,2,3,FINAL,6492244
2025-08-29,Hope,Ohio Northern,3,0,FINAL,6493217
2025-08-29,Chris. Newport,Wis.-Whitewater,0,3,FINAL,6488413
2025-08-29,King's (PA),Keystone,3,0,FINAL,6488647
2025-08-29,UChicago,Greenville,3,1,FINAL,6488757
2025-08-29,Wooster,Worcester St.,3,1,FINAL,6488869
2025-08-29,Babson,Capital,3,0,FINAL,6489093
2025-08-29,Averett,Methodist,2,3,FINAL,6489116
2025-08-29,Mt. St. Joseph,St. Mary's (IN),1,3,FINAL,6489171
2025-08-29,Keene St.,Rivier,3,1,FINAL,6489299
2025-08-29,Gettysburg,Neumann,3,0,FINAL,6489793
2025-08-29,Guilford,William Peace,3,0,FINAL,6489903
2025-08-29,SUNY Poly,Geneva,3,1,FINAL,6490341
2025-08-29,Franklin & Marshall,Lancaster Bible,3,1,FINAL,6490462
2025-08-29,Alma,Oberlin,3,0,FINAL,6490472
2025-08-29,Haverford,Stockton,2,3,FINAL,6490682
2025-08-29,Emory,LeTourneau,3,0,FINAL,6490872
2025-08-29,Baruch,SUNY Geneseo,1,3,FINAL,6491107
2025-08-29,Randolph-Macon,Susquehanna,3,0,FINAL,6491127
2025-08-29,Kalamazoo,Wash. & Jeff.,0,3,FINAL,6491246
2025-08-29,Va. Wesleyan,Plymouth St.,3,0,FINAL,6491293
2025-08-29,Mary Washington,Misericordia,1,3,FINAL,6491368
2025-08-29,SUNY Morrisville,Thomas (ME),3,1,FINAL,6491420
2025-08-29,UC Santa Cruz,Redlands,2,3,FINAL,6491831
2025-08-29,Hiram,Kenyon,3,0,FINAL,6491836
2025-08-29,Marymount (VA),Widener,3,0,FINAL,6492039
2025-08-29,Dickinson,Shenandoah,3,0,FINAL,6492114
2025-08-29,Keuka,Hilbert,0,3,FINAL,6492206
2025-08-29,SUNY Oneonta,Penn College,3,0,FINAL,6492391
2025-08-29,Penn St.-Abington,Cairn,0,3,FINAL,6492431
2025-08-29,DeSales,Muhlenberg,0,3,FINAL,6492480
2025-08-29,Messiah,Otterbein,0,3,FINAL,6492746
2025-08-29,Dallas,Rhodes,1,3,FINAL,6492868
2025-08-29,Ithaca,John Carroll,3,1,FINAL,6493022
2025-08-29,Trinity (TX),Millikin,3,0,FINAL,6493370
2025-08-29,Carleton,Whitman,2,3,FINAL,6493423
2025-08-29,Ill. Wesleyan,Earlham,3,2,FINAL,6493653
2025-08-29,Pitt.-Bradford,SUNY Canton,3,0,FINAL,6493725
2025-08-29,Gordon,Lasell,0,3,FINAL,6493938
2025-08-29,SUNY Brockport,North Park,0,3,FINAL,6493967
2025-08-29,U New England,Maine Maritime,1,3,FINAL,6489874
2025-08-29,Centre,Asbury,3,0,FINAL,6490202
2025-08-29,Covenant,Southern Va.,1,3,FINAL,6490491
2025-08-29,Albion,Wis. Lutheran,3,0,FINAL,6492671
2025-08-29,WashU,Loras,3,0,FINAL,6488489
2025-08-29,Augustana (IL),Rose-Hulman,1,3,FINAL,6488861
2025-08-29,Grinnell,Knox,3,0,FINAL,6488896
2025-08-29,Penn St.-Behrend,Westminster (PA),3,1,FINAL,6488935
2025-08-29,Mount Union,Denison,0,3,FINAL,6489193
2025-08-29,La Verne,Buffalo St.,3,0,FINAL,6489378
2025-08-29,Bluffton,Carthage,1,3,FINAL,6489436
2025-08-29,Ripon,Saint Mary's (MN),0,3,FINAL,6489575
2025-08-29,Aurora,Wis.-Superior,3,1,FINAL,6489652
2025-08-29,Dubuque,Calvin,3,2,FINAL,6489685
2025-08-29,Lycoming,Pitt.-Greensburg,3,0,FINAL,6490567
2025-08-29,St. Thomas (TX),Mary Hardin-Baylor,3,1,FINAL,6491467
2025-08-29,Saint Benedict,Minn.-Morris,3,0,FINAL,6491744
2025-08-29,Eureka,North Central (IL),0,3,FINAL,6492070
2025-08-29,Pomona-Pitzer,Lake Forest,3,2,FINAL,6492574
2025-08-29,Central (IA),Macalester,3,1,FINAL,6492608
2025-08-29,Northwestern-St. Paul,Bethel (MN),3,0,FINAL,6493208
2025-08-29,Buena Vista,Cornell College,0,3,FINAL,6493477
2025-08-29,Marian (WI),Wis.-La Crosse,2,3,FINAL,6488717
2025-08-29,Sewanee,Brevard,3,0,FINAL,6489792
2025-08-29,Dallas,Millsaps,0,3,FINAL,6488756
2025-08-29,St. Norbert,Gallaudet,3,1,FINAL,6489567
2025-08-29,Austin,New England Col.,3,0,FINAL,6492390
2025-08-29,St. Scholastica,Lakeland,3,2,FINAL,6492814
2025-08-29,Whitworth,Texas Lutheran,3,1,FINAL,6488443
2025-08-29,Colorado Col.,Wis.-Eau Claire,0,3,FINAL,6493642
2025-08-29,UC Santa Cruz,Lewis & Clark,3,0,FINAL,6490175
2025-08-30,Anna Maria,Elms,2,3,FINAL,6488467
2025-08-30,Hiram,St. Mary's (IN),1,3,FINAL,6489173
2025-08-30,Allegheny,Muskingum,2,3,FINAL,6489716
2025-08-30,Kalamazoo,Oberlin,3,0,FINAL,6490474
2025-08-30,Concordia Chicago,Franciscan,3,1,FINAL,6493105
2025-08-30,SUNY Brockport,Ohio Wesleyan,1,3,FINAL,6493571
2025-08-30,Heidelberg,Salem (NC),3,1,FINAL,6493765
2025-08-30,Arcadia,Howard Payne,0,3,FINAL,6492718
2025-08-30,Alfred,Marietta,0,3,FINAL,6488561
2025-08-30,Alma,Wooster,3,1,FINAL,6488870
2025-08-30,Meredith,Berea,3,0,FINAL,6489000
2025-08-30,Mount Union,Clarkson,1,3,FINAL,6489195
2025-08-30,Bethany (WV),Waynesburg,3,2,FINAL,6489207
2025-08-30,UMass Dartmouth,Ursinus,3,0,FINAL,6489647
2025-08-30,Allegheny,Baldwin Wallace,3,2,FINAL,6489719
2025-08-30,U New England,Southern Me.,3,2,FINAL,6489876
2025-08-30,Guilford,Methodist,1,3,FINAL,6489907
2025-08-30,SUNY Morrisville,Geneva,3,0,FINAL,6490344
2025-08-30,Wilkes,Rutgers-Newark,3,2,FINAL,6490403
2025-08-30,Oberlin,Wash. & Jeff.,0,3,FINAL,6490476
2025-08-30,George Fox,Southern Va.,0,3,FINAL,6490967
2025-08-30,Bryn Mawr,Wesleyan (GA),3,0,FINAL,6491229
2025-08-30,Kalamazoo,Worcester St.,3,0,FINAL,6491252
2025-08-30,Plymouth St.,Randolph,3,1,FINAL,6491294
2025-08-30,Western New Eng.,Thomas (ME),3,1,FINAL,6491592
2025-08-30,Wartburg,Olivet,3,0,FINAL,6491624
2025-08-30,Va. Wesleyan,Widener,3,1,FINAL,6492040
2025-08-30,Salisbury,Thiel,3,0,FINAL,6492048
2025-08-30,Concordia (TX),Rhodes,3,0,FINAL,6492353
2025-08-30,SUNY Oneonta,SUNY Geneseo,3,0,FINAL,6492392
2025-08-30,DeSales,Rutgers-Camden,3,2,FINAL,6492481
2025-08-30,Hendrix,Belhaven,3,1,FINAL,6492522
2025-08-30,Concordia-M'head,Neb. Wesleyan,0,3,FINAL,6492908
2025-08-30,Schreiner,Adrian,3,0,FINAL,6493235
2025-08-30,Kenyon,Mt. St. Joseph,0,3,FINAL,6493479
2025-08-30,Penn College,Utica,0,3,FINAL,6493630
2025-08-30,Muskingum,North Park,0,3,FINAL,6493968
2025-08-30,Keene St.,Westfield St.,3,1,FINAL,6489300
2025-08-30,Springfield,Skidmore,3,1,FINAL,6490006
2025-08-30,Plattsburgh St.,St. Lawrence,2,3,FINAL,6488392
2025-08-30,Coast Guard,Wis.-Whitewater,1,3,FINAL,6488414
2025-08-30,WashU,Bluffton,3,0,FINAL,6488491
2025-08-30,Sarah Lawrence,FDU-Florham,3,0,FINAL,6488541
2025-08-30,Earlham,UChicago,2,3,FINAL,6488758
2025-08-30,Rose-Hulman,North Central (IL),3,1,FINAL,6488862
2025-08-30,Hilbert,MCLA,3,1,FINAL,6489144
2025-08-30,Gordon,Husson,3,0,FINAL,6489405
2025-08-30,St. John Fisher,John Carroll,3,2,FINAL,6489636
2025-08-30,Aurora,Martin Luther,3,0,FINAL,6489657
2025-08-30,Gettysburg,Shenandoah,3,0,FINAL,6489796
2025-08-30,Penn St.-Abington,Immaculata,3,2,FINAL,6489867
2025-08-30,Norwich,VTSU Lyndon,3,0,FINAL,6489919
2025-08-30,Haverford,Union (NY),3,1,FINAL,6489964
2025-08-30,Gallaudet,Hamline,3,2,FINAL,6489990
2025-08-30,Cedar Crest,Delaware Valley,2,3,FINAL,6490214
2025-08-30,Curry,Emmanuel (MA),0,3,FINAL,6490417
2025-08-30,Moravian,Oswego St.,0,3,FINAL,6490518
2025-08-30,Juniata,Cortland,3,1,FINAL,6490573
2025-08-30,Stockton,Lebanon Valley,3,0,FINAL,6490685
2025-08-30,Emory,St. Catherine,3,0,FINAL,6490693
2025-08-30,Grove City,Neumann,3,0,FINAL,6490759
2025-08-30,Stevenson,McDaniel,3,0,FINAL,6490833
2025-08-30,Keuka,SUNY Canton,3,1,FINAL,6490952
2025-08-30,SUNY Potsdam,Russell Sage,1,3,FINAL,6491072
2025-08-30,Mary Washington,William Smith,1,3,FINAL,6491371
2025-08-30,Trinity (TX),NYU,3,0,FINAL,6491395
2025-08-30,Webster,Willamette,2,3,FINAL,6491447
2025-08-30,MIT,Wentworth,3,0,FINAL,6491659
2025-08-30,LaGrange,LeTourneau,2,3,FINAL,6491883
2025-08-30,Wm. Paterson,Trine,3,0,FINAL,6492087
2025-08-30,Rowan,Babson,1,3,FINAL,6492314
2025-08-30,Cairn,UMSV,3,0,FINAL,6492439
2025-08-30,Marywood,Alvernia,3,0,FINAL,6492457
2025-08-30,Elmhurst,Wis. Lutheran,1,3,FINAL,6492673
2025-08-30,St. Scholastica,Lawrence,0,3,FINAL,6492815
2025-08-30,Roger Williams,WPI,1,3,FINAL,6493124
2025-08-30,Carnegie Mellon,Messiah,3,1,FINAL,6493174
2025-08-30,Roanoke,McMurry,1,3,FINAL,6493195
2025-08-30,Emerson,Simmons,3,2,FINAL,6493250
2025-08-30,Hood,East. Mennonite,3,2,FINAL,6493331
2025-08-30,Albertus Magnus,Mt. St. Mary (NY),3,1,FINAL,6493443
2025-08-30,Manhattanville,WestConn,3,0,FINAL,6493487
2025-08-30,Ill. Wesleyan,Greenville,3,0,FINAL,6493654
2025-08-30,Illinois Col.,Augustana (IL),0,3,FINAL,6495808
2025-08-30,Elmira,Bard,2,3,FINAL,6491269
2025-08-30,Kean,Mount Aloysius,3,1,FINAL,6488342
2025-08-30,Concordia Wisconsin,Ohio Northern,2,3,FINAL,6488347
2025-08-30,SUNY Maritime,Mitchell,3,2,FINAL,6488471
2025-08-30,Alfred,DePauw,0,3,FINAL,6488563
2025-08-30,Hanover,Wash. & Lee,0,3,FINAL,6488596
2025-08-30,Marian (WI),Monmouth (IL),1,3,FINAL,6488718
2025-08-30,Concordia (TX),Millsaps,3,1,FINAL,6488772
2025-08-30,Mt. St. Joseph,Wooster,3,0,FINAL,6488871
2025-08-30,Carroll (WI),Knox,3,0,FINAL,6488897
2025-08-30,RIT,Westminster (PA),2,3,FINAL,6488937
2025-08-30,Hollins,Wesleyan (GA),3,0,FINAL,6489069
2025-08-30,Kenyon,St. Mary's (IN),1,3,FINAL,6489174
2025-08-30,Penn St.-Behrend,Waynesburg,3,0,FINAL,6489212
2025-08-30,Penn St.-Altoona,Wis.-Oshkosh,0,3,FINAL,6489329
2025-08-30,Clarkson,Denison,2,3,FINAL,6489689
2025-08-30,Central (IA),Calvin,1,3,FINAL,6489693
2025-08-30,Brevard,Maryville (TN),1,3,FINAL,6489795
2025-08-30,Rhode Island Col.,Fitchburg St.,3,0,FINAL,6489824
2025-08-30,Guilford,Roanoke,3,0,FINAL,6489909
2025-08-30,Montclair St.,Washington Col.,3,1,FINAL,6490060
2025-08-30,Montclair St.,Washington Col.,3,1,FINAL,6490060
2025-08-30,Grinnell,Dubuque,0,3,FINAL,6490294
2025-08-30,Alfred St.,Geneva,3,1,FINAL,6490346
2025-08-30,Franklin & Marshall,Randolph-Macon,3,0,FINAL,6490463
2025-08-30,Albright,Penn St. Harrisburg,0,3,FINAL,6490743
2025-08-30,Bethel (MN),UW-River Falls,3,1,FINAL,6490798
2025-08-30,St. Joseph's (ME),Maine Maritime,0,3,FINAL,6491025
2025-08-30,Baruch,Penn College,1,3,FINAL,6491109
2025-08-30,Marymount (VA),Plymouth St.,2,3,FINAL,6491295
2025-08-30,Greensboro,St. Mary's (MD),3,0,FINAL,6491310
2025-08-30,SUNY Geneseo,Vassar,0,3,FINAL,6491342
2025-08-30,Saint Joseph (CT),Mount Holyoke,0,3,FINAL,6491461
2025-08-30,Simpson,Bethany Lutheran,3,0,FINAL,6491679
2025-08-30,Suffolk,Ursinus,1,3,FINAL,6491872
2025-08-30,Alma,Worcester St.,3,1,FINAL,6492074
2025-08-30,Howard Payne,New England Col.,3,0,FINAL,6492395
2025-08-30,Rutgers-Newark,St. Joseph's (Brkln),3,0,FINAL,6492748
2025-08-30,Muhlenberg,Rutgers-Camden,3,0,FINAL,6492880
2025-08-30,Albion,Elmhurst,3,1,FINAL,6492881
2025-08-30,Minn.-Morris,Neb. Wesleyan,1,3,FINAL,6492910
2025-08-30,Northwestern-St. Paul,Coe,1,3,FINAL,6493210
2025-08-30,North Park,Wash. & Jeff.,3,0,FINAL,6493226
2025-08-30,JWU (Providence),Nazareth,3,0,FINAL,6493395
2025-08-30,Concordia Chicago,Heidelberg,0,3,FINAL,6493432
2025-08-30,Belhaven,Lyon,0,3,FINAL,6493758
2025-08-30,SUNY Poly,Thomas (ME),3,1,FINAL,6493846
2025-08-30,SUNY Brockport,Salem (NC),1,3,FINAL,6493918
2025-08-30,St. Thomas (TX),Alverno,3,0,FINAL,6491472
2025-08-30,Puget Sound,Southwestern (TX),1,3,FINAL,6488924
2025-08-30,Covenant,George Fox,3,0,FINAL,6490493
2025-08-30,Transylvania,Wittenberg,3,1,FINAL,6491768
2025-08-30,Pomona-Pitzer,Buffalo St.,3,0,FINAL,6489387
2025-08-30,Plattsburgh St.,Russell Sage,2,3,FINAL,6488393
2025-08-30,FDU-Florham,Nichols,3,0,FINAL,6488542
2025-08-30,Johns Hopkins,Capital,3,0,FINAL,6489094
2025-08-30,MCLA,SUNY Canton,3,1,FINAL,6489145
2025-08-30,Keene St.,Skidmore,0,3,FINAL,6489301
2025-08-30,Buffalo St.,Cal Lutheran,0,3,FINAL,6489384
2025-08-30,Husson,Merchant Marine,0,3,FINAL,6489407
2025-08-30,Chris. Newport,Coast Guard,3,1,FINAL,6489443
2025-08-30,Wis.-Eau Claire,MSOE,3,2,FINAL,6489564
2025-08-30,Aurora,Saint Mary's (MN),3,1,FINAL,6489576
2025-08-30,Calvin,Buena Vista,3,0,FINAL,6489704
2025-08-30,Occidental,Redlands,0,3,FINAL,6489871
2025-08-30,Lebanon Valley,Union (NY),1,3,FINAL,6489968
2025-08-30,Hartford,Salve Regina,1,3,FINAL,6490097
2025-08-30,Ithaca,Rochester (NY),3,0,FINAL,6490209
2025-08-30,Claremont-M-S,St. Olaf,3,0,FINAL,6490339
2025-08-30,Emmanuel (MA),Lesley,3,0,FINAL,6490418
2025-08-30,Moravian,Bard,3,0,FINAL,6490520
2025-08-30,Ripon,Wis.-Superior,1,3,FINAL,6490572
2025-08-30,CWRU,Chapman,2,3,FINAL,6490649
2025-08-30,Stevens,Stockton,3,0,FINAL,6490686
2025-08-30,Hilbert,Pitt.-Bradford,2,3,FINAL,6490953
2025-08-30,Rivier,Westfield St.,3,0,FINAL,6491139
2025-08-30,Endicott,Simmons,3,1,FINAL,6491808
2025-08-30,Smith,Trine,3,0,FINAL,6492090
2025-08-30,VTSU Castleton,VTSU Lyndon,3,0,FINAL,6492192
2025-08-30,Mt. St. Mary (NY),Saint Elizabeth,3,1,FINAL,6492258
2025-08-30,Mass. Maritime,Mitchell,0,3,FINAL,6492286
2025-08-30,Brandeis,Wentworth,3,0,FINAL,6492356
2025-08-30,Delaware Valley,Gwynedd Mercy,0,3,FINAL,6492422
2025-08-30,Randolph,Westminster (MO),0,3,FINAL,6492572
2025-08-30,Augustana (IL),Eureka,3,0,FINAL,6492791
2025-08-30,Carthage,Loras,3,1,FINAL,6492909
2025-08-30,Regis (MA),WPI,0,3,FINAL,6493132
2025-08-30,East. Mennonite,Drew,1,3,FINAL,6493332
2025-08-30,McDaniel,Notre Dame (MD),1,3,FINAL,6493797
2025-08-30,SUNY Delhi,St. Lawrence,0,3,FINAL,6493885
2025-08-30,UMSV,Centenary (NJ),3,2,FINAL,6496066
2025-08-30,Hope,Concordia Wisconsin,3,0,FINAL,6488350
2025-08-30,Ill. Wesleyan,UChicago,3,0,FINAL,6488759
2025-08-30,Swarthmore,UMass Boston,3,1,FINAL,6489021
2025-08-30,St. Norbert,St. Scholastica,3,1,FINAL,6489569
2025-08-30,Augsburg,Lawrence,1,3,FINAL,6490118
2025-08-30,LeTourneau,St. Catherine,3,1,FINAL,6490698
2025-08-30,Oglethorpe,MUW,3,2,FINAL,6491129
2025-08-30,Scranton,Mary Washington,3,0,FINAL,6491372
2025-08-30,Greenville,Earlham,1,3,FINAL,6491958
2025-08-30,Grove City,Shenandoah,3,2,FINAL,6492115
2025-08-30,Elmira,Oswego St.,0,3,FINAL,6492164
2025-08-30,Bridgewater (VA),Dickinson,3,0,FINAL,6492656
2025-08-30,Carnegie Mellon,Otterbein,2,3,FINAL,6492747
2025-08-30,Wis.-Stevens Point,East Tex. Baptist,0,3,FINAL,6493484
2025-08-30,Claremont-M-S,Lake Forest,3,0,FINAL,6492575
2025-08-30,Lynchburg,Mount Aloysius,3,0,FINAL,6488343
2025-08-30,Wheaton (IL),Wis.-La Crosse,3,1,FINAL,6488737
2025-08-30,Knox,Dubuque,0,3,FINAL,6488898
2025-08-30,Hollins,Bryn Mawr,3,1,FINAL,6489068
2025-08-30,Mount Union,DePauw,3,2,FINAL,6489199
2025-08-30,Wilkes,St. Joseph's (Brkln),3,0,FINAL,6489307
2025-08-30,Bluffton,Willamette,3,1,FINAL,6489445
2025-08-30,UMass Dartmouth,Suffolk,3,0,FINAL,6489656
2025-08-30,Whitworth,Carleton,3,0,FINAL,6489888
2025-08-30,SUNY Poly,Alfred St.,0,3,FINAL,6490360
2025-08-30,McMurry,Methodist,3,1,FINAL,6490460
2025-08-30,Penn St.-Altoona,Thiel,0,3,FINAL,6490883
2025-08-30,Saint Vincent,Penn St.-Behrend,2,3,FINAL,6490986
2025-08-30,Maine Maritime,Southern Me.,3,0,FINAL,6491026
2025-08-30,Baruch,SUNY Oneonta,2,3,FINAL,6491110
2025-08-30,Utica,Vassar,0,3,FINAL,6491346
2025-08-30,SUNY Morrisville,Western New Eng.,3,1,FINAL,6491421
2025-08-30,Saint Benedict,Luther,3,1,FINAL,6491438
2025-08-30,Mount Holyoke,Eastern Conn. St.,1,3,FINAL,6491462
2025-08-30,Muhlenberg,Eastern,0,3,FINAL,6491848
2025-08-30,Hartwick,Washington Col.,3,1,FINAL,6492326
2025-08-30,Colorado Col.,East Tex. Baptist,1,3,FINAL,6492472
2025-08-30,Hendrix,Lyon,3,1,FINAL,6492523
2025-08-30,Cornell College,Macalester,3,0,FINAL,6492609
2025-08-30,Warren Wilson,St. Mary's (MD),0,3,FINAL,6492665
2025-08-30,Dallas,Arcadia,0,3,FINAL,6492720
2025-08-30,Austin,Rhodes,3,0,FINAL,6492869
2025-08-30,Central (IA),Bethany Lutheran,3,1,FINAL,6493517
2025-08-30,Nazareth,Wheaton (MA),0,3,FINAL,6493613
2025-08-30,Goucher,Valley Forge,3,0,FINAL,6493814
2025-08-30,Wis.-Platteville,Millikin,1,3,FINAL,6490291
2025-08-30,Hanover,Asbury,3,2,FINAL,6488597
2025-08-30,Centre,Wash. & Lee,0,3,FINAL,6488677
2025-08-30,Franklin & Marshall,Susquehanna,3,0,FINAL,6490464
2025-08-30,Northwestern-St. Paul,UW-River Falls,3,1,FINAL,6490799
2025-08-30,Lancaster Bible,Susquehanna,3,0,FINAL,6491130
2025-08-30,Adrian,Mary Hardin-Baylor,1,3,FINAL,6491888
2025-08-30,Lancaster Bible,Randolph-Macon,1,3,FINAL,6492325
2025-08-30,Anderson (IN),Wis. Lutheran,3,1,FINAL,6492675
2025-08-30,Bethel (MN),Coe,0,3,FINAL,6493548
2025-08-30,Catholic,Wis.-Whitewater,1,3,FINAL,6488415
2025-08-30,Rowan,Capital,3,0,FINAL,6489092
2025-08-30,Martin Luther,Saint Mary's (MN),0,3,FINAL,6489578
2025-08-30,Norwich,VTSU-Johnson,0,3,FINAL,6489924
2025-08-30,John Carroll,Rochester (NY),3,0,FINAL,6490210
2025-08-30,Cedar Crest,Gwynedd Mercy,0,3,FINAL,6490217
2025-08-30,Stevenson,Notre Dame (MD),3,0,FINAL,6490834
2025-08-30,SUNY Delhi,SUNY Potsdam,0,3,FINAL,6491071
2025-08-30,Berry,Wartburg,3,0,FINAL,6491334
2025-08-30,Va. Wesleyan,Westminster (MO),3,2,FINAL,6491414
2025-08-30,Gustavus Adolphus,Pacific Lutheran,3,1,FINAL,6491535
2025-08-30,MIT,Roger Williams,3,0,FINAL,6491660
2025-08-30,Haverford,Stevens,3,1,FINAL,6491698
2025-08-30,Gordon,Merchant Marine,3,1,FINAL,6491791
2025-08-30,Emerson,Endicott,1,3,FINAL,6491807
2025-08-30,Illinois Col.,North Central (IL),3,1,FINAL,6492071
2025-08-30,Curry,Lesley,3,0,FINAL,6492150
2025-08-30,Keuka,Pitt.-Bradford,2,3,FINAL,6492208
2025-08-30,Albertus Magnus,Saint Elizabeth,2,3,FINAL,6492259
2025-08-30,Cairn,Centenary (NJ),3,1,FINAL,6492440
2025-08-30,Wm. Paterson,Smith,0,3,FINAL,6493139
2025-08-30,Sarah Lawrence,Nichols,1,3,FINAL,6493252
2025-08-30,Hood,Drew,3,1,FINAL,6493822
2025-08-30,Springfield,Rivier,3,0,FINAL,6492789
2025-08-30,SUNY Maritime,Mass. Maritime,3,1,FINAL,6488470
2025-08-30,WashU,Carthage,3,2,FINAL,6488493
2025-08-30,Austin,Millsaps,3,2,FINAL,6488775
2025-08-30,Juniata,UMass Boston,3,0,FINAL,6489022
2025-08-30,Averett,William Peace,0,3,FINAL,6489118
2025-08-30,Salisbury,Wis.-Oshkosh,1,3,FINAL,6489328
2025-08-30,Pfeiffer,Spalding,3,2,FINAL,6489425
2025-08-30,St. Norbert,Hamline,3,1,FINAL,6489570
2025-08-30,Gettysburg,Otterbein,1,3,FINAL,6489797
2025-08-30,Huntingdon,Brevard,3,1,FINAL,6489799
2025-08-30,Lewis & Clark,Occidental,0,3,FINAL,6489872
2025-08-30,U New England,St. Joseph's (ME),1,3,FINAL,6489878
2025-08-30,Montclair St.,Hartwick,3,0,FINAL,6490059
2025-08-30,Montclair St.,Hartwick,3,0,FINAL,6490059
2025-08-30,La Verne,CWRU,3,0,FINAL,6490651
2025-08-30,Bridgewater (VA),Neumann,3,1,FINAL,6490760
2025-08-30,Emory,MUW,3,0,FINAL,6490873
2025-08-30,Gallaudet,Lakeland,0,3,FINAL,6490904
2025-08-30,Kean,Lynchburg,0,3,FINAL,6490928
2025-08-30,Greensboro,Warren Wilson,3,0,FINAL,6491312
2025-08-30,Misericordia,William Smith,0,3,FINAL,6491485
2025-08-30,Saint Joseph (CT),Eastern Conn. St.,0,3,FINAL,6491520
2025-08-30,DeSales,Eastern,0,3,FINAL,6491849
2025-08-30,Concordia-M'head,Crown (MN),3,0,FINAL,6491911
2025-08-30,Sewanee,Meredith,2,3,FINAL,6491996
2025-08-30,Dallas,New England Col.,3,0,FINAL,6492400
2025-08-30,Grinnell,Macalester,3,1,FINAL,6492610
2025-08-30,Monmouth (IL),Benedictine (IL),2,3,FINAL,6492992
2025-08-30,Dickinson,Messiah,0,3,FINAL,6493193
2025-08-30,LaGrange,Oglethorpe,2,3,FINAL,6493340
2025-08-30,JWU (Providence),Wheaton (MA),3,0,FINAL,6493396
2025-08-30,Cornell College,Carroll (WI),3,1,FINAL,6493907
2025-08-30,Whitman,Texas Lutheran,0,3,FINAL,6488444
2025-08-30,Gustavus Adolphus,Southwestern (TX),2,3,FINAL,6488925
2025-08-30,Albion,Anderson (IN),3,0,FINAL,6492882
2025-08-30,Edgewood,Wis.-Eau Claire,0,3,FINAL,6493689
2025-08-30,Hardin-Simmons,Schreiner,3,1,FINAL,6491749
2025-08-30,Centre,Wilmington (OH),3,0,FINAL,6489504
2025-08-30,Johns Hopkins,Babson,3,1,FINAL,6491551
2025-08-30,Franklin,Blackburn,3,0,FINAL,6493783
2025-08-30,Wis.-La Crosse,Benedictine (IL),3,0,FINAL,6496059
2025-08-30,Covenant,Pfeiffer,3,0,FINAL,6489426
2025-08-30,Transylvania,Olivet,3,0,FINAL,6491625
2025-08-30,Marian (WI),Wheaton (IL),0,3,FINAL,6488719
2025-08-30,Berea,Maryville (TN),1,3,FINAL,6489001
2025-08-30,Trinity (TX),Wis.-Platteville,0,3,FINAL,6490292
2025-08-30,Luther,Minn.-Morris,0,3,FINAL,6491439
2025-08-30,Pomona-Pitzer,St. Olaf,0,3,FINAL,6490340
2025-08-30,Swarthmore,Cortland,3,2,FINAL,6490575
2025-08-30,Scranton,Misericordia,2,3,FINAL,6493848
2025-08-30,UC Santa Cruz,Lewis & Clark,3,0,FINAL,6490157
2025-08-30,Alverno,Mary Hardin-Baylor,0,3,FINAL,6491889
2025-08-30,Colorado Col.,Wis.-Stevens Point,3,1,FINAL,6493486
2025-08-30,Wilmington (OH),Asbury,0,3,FINAL,6489508
2025-08-30,Saint Benedict,Crown (MN),3,0,FINAL,6491745
2025-08-30,Sewanee,Huntingdon,3,0,FINAL,6491997
2025-08-30,Puget Sound,Pacific Lutheran,3,0,FINAL,6491537
2025-08-30,St. Thomas (TX),Hardin-Simmons,3,2,FINAL,6491477
2025-08-31,VTSU-Johnson,VTSU Lyndon,3,0,FINAL,6492580
2025-08-31,VTSU Castleton,VTSU-Johnson,3,0,FINAL,6492193
2025-08-31,UC Santa Cruz,Occidental,3,1,FINAL,6489870
2025-08-31,Norwich,VTSU Castleton,0,3,FINAL,6489926
2025-08-31,Salem St.,Yeshiva,3,0,FINAL,6490641
2025-09-01,Blackburn,Beloit,3,0,FINAL,6492501
2025-09-02,Williams,Skidmore,3,0,FINAL,6488624
2025-09-02,Brooklyn,SUNY Maritime,3,2,FINAL,6488472
2025-09-02,Knox,Simpson,0,3,FINAL,6488899
2025-09-02,Bard,Farmingdale St.,3,1,FINAL,6489249
2025-09-02,Wis.-Oshkosh,Lakeland,3,0,FINAL,6489335
2025-09-02,Connecticut Col.,Salve Regina,3,0,FINAL,6489342
2025-09-02,Tufts,Roger Williams,3,0,FINAL,6489572
2025-09-02,St. Norbert,Wis.-Stevens Point,1,3,FINAL,6489574
2025-09-02,UMass Dartmouth,Worcester St.,3,0,FINAL,6489660
2025-09-02,Guilford,Meredith,3,1,FINAL,6489913
2025-09-02,Westfield St.,Coast Guard,0,3,FINAL,6491140
2025-09-02,Lynchburg,Southern Va.,3,1,FINAL,6491241
2025-09-02,Wis.-Stevens Point,Lakeland,3,2,FINAL,6493294
2025-09-02,Keene St.,Bridgewater St.,2,3,FINAL,6496157
2025-09-02,Wilson,East. Mennonite,1,3,FINAL,6492937
2025-09-02,Misericordia,Keystone,3,0,FINAL,6488666
2025-09-02,Asbury,Berea,3,0,FINAL,6489002
2025-09-02,Penn St.-Abington,Rutgers-Newark,2,3,FINAL,6490409
2025-09-02,Lancaster Bible,Elizabethtown,3,0,FINAL,6490578
2025-09-02,DePauw,Earlham,3,0,FINAL,6490806
2025-09-02,Hilbert,Houghton,2,3,FINAL,6490954
2025-09-02,Hood,Lebanon Valley,0,3,FINAL,6491716
2025-09-02,York (NY),Yeshiva,0,3,FINAL,6493078
2025-09-02,Amherst,WPI,1,3,FINAL,6493138
2025-09-02,Colby,Thomas (ME),3,0,FINAL,6491858
2025-09-02,Central (IA),Knox,3,0,FINAL,6488900
2025-09-02,St. Norbert,Wis.-Oshkosh,0,3,FINAL,6489333
2025-09-03,Colby-Sawyer,Fitchburg St.,3,0,FINAL,6489836
2025-09-03,Lawrence,Marian (WI),3,0,FINAL,6488720
2025-09-03,VTSU Castleton,Middlebury,0,3,FINAL,6488482
2025-09-03,Brandeis,UMass Boston,3,0,FINAL,6489023
2025-09-03,Norwich,Mitchell,0,3,FINAL,6489929
2025-09-03,Marywood,King's (PA),3,1,FINAL,6488648
2025-09-03,Marian (WI),Rockford,3,0,FINAL,6488721
2025-09-03,SUNY Cobleskill,MCLA,0,3,FINAL,6489146
2025-09-03,Bates,Southern Me.,3,0,FINAL,6489517
2025-09-03,Regis (MA),Wellesley,0,3,FINAL,6491192
2025-09-03,Saint Joseph (CT),Trinity (CT),0,3,FINAL,6491521
2025-09-03,Bowdoin,Endicott,2,3,FINAL,6491809
2025-09-03,Anna Maria,Lesley,3,0,FINAL,6492151
2025-09-03,SUNY Oneonta,SUNY Delhi,3,0,FINAL,6492394
2025-09-03,Gwynedd Mercy,York (PA),1,3,FINAL,6492423
2025-09-03,Carnegie Mellon,Saint Vincent,3,0,FINAL,6493175
2025-09-03,Pitt.-Greensburg,Wash. & Jeff.,0,3,FINAL,6493228
2025-09-03,Lasell,Wheaton (MA),3,1,FINAL,6493939
2025-09-03,Hollins,Mary Baldwin,3,0,FINAL,6489070
2025-09-03,Manchester,Olivet,3,0,FINAL,6491092
2025-09-03,Wooster,Capital,3,2,FINAL,6488872
2025-09-03,La Roche,Bethany (WV),1,3,FINAL,6489167
2025-09-03,Benedictine (IL),St. Mary's (IN),1,3,FINAL,6489175
2025-09-03,Mount Union,CWRU,3,0,FINAL,6489201
2025-09-03,Neumann,Wilkes,3,0,FINAL,6489309
2025-09-03,Bluffton,Kenyon,3,0,FINAL,6489452
2025-09-03,Allegheny,John Carroll,1,3,FINAL,6489722
2025-09-03,Immaculata,Delaware Valley,3,2,FINAL,6489869
2025-09-03,Moravian,Muhlenberg,1,3,FINAL,6490522
2025-09-03,Dickinson,Penn St. Harrisburg,3,1,FINAL,6490745
2025-09-03,Mary Washington,Catholic,1,3,FINAL,6491373
2025-09-03,Franklin,Eureka,3,0,FINAL,6492792
2025-09-03,New Jersey City,Pratt,3,0,FINAL,6493013
2025-09-03,Goucher,Notre Dame (MD),0,3,FINAL,6493660
2025-09-03,Widener,Rutgers-Camden,2,3,FINAL,6493857
2025-09-03,U New England,Colby,0,3,FINAL,6489879
2025-09-03,Yeshiva,Medgar Evers,3,0,FINAL,6493383
2025-09-03,Augsburg,Bethany Lutheran,3,0,FINAL,6490119
2025-09-03,Augustana (IL),Wis.-Platteville,0,3,FINAL,6490296
2025-09-03,Lawrence,Rockford,3,0,FINAL,6492302
2025-09-03,Edgewood,Elmhurst,3,0,FINAL,6493468
2025-09-03,Cornell College,Dubuque,1,3,FINAL,6490295
2025-09-04,Elms,Curry,3,0,FINAL,6488468
2025-09-04,FDU-Florham,UMSV,3,1,FINAL,6488543
2025-09-04,Farmingdale St.,WestConn,3,1,FINAL,6489259
2025-09-04,Rhode Island Col.,Framingham St.,3,2,FINAL,6491558
2025-09-04,Gwynedd Mercy,Penn St.-Abington,3,2,FINAL,6492424
2025-09-04,Purchase,Albertus Magnus,0,3,FINAL,6493554
2025-09-04,Southwestern (TX),Texas Lutheran,3,0,FINAL,6488445
2025-09-04,SUNY Maritime,Baruch,3,0,FINAL,6488473
2025-09-04,Arcadia,Immaculata,3,0,FINAL,6489883
2025-09-04,Albright,Franklin & Marshall,0,3,FINAL,6490465
2025-09-04,Messiah,Elizabethtown,3,0,FINAL,6490581
2025-09-04,Bryn Mawr,Rosemont,3,0,FINAL,6491230
2025-09-04,Merchant Marine,Brooklyn,3,0,FINAL,6491792
2025-09-04,Lancaster Bible,Eastern,0,3,FINAL,6491850
2025-09-04,Ramapo,Saint Elizabeth,3,1,FINAL,6492211
2025-09-04,Simmons,Wentworth,1,3,FINAL,6492357
2025-09-04,Cairn,John Jay,0,3,FINAL,6492442
2025-09-04,Nichols,Rivier,3,2,FINAL,6493267
2025-09-04,St. Joseph's (L.I.),Hunter,3,2,FINAL,6493711
2025-09-06,SUNY Poly,SUNY Potsdam,2,3,FINAL,6491074
2025-09-06,Berry,Elmhurst,3,2,FINAL,6491335
2025-09-06,WestConn,Rivier,3,2,FINAL,6493407
2025-09-06,WestConn,Clark (MA),3,0,FINAL,6493656
2025-09-06,RIT,Waynesburg,3,1,FINAL,6496016
2025-09-06,Wis.-Stout,Maine Maritime,3,0,FINAL,6496349
2025-09-06,Kean,Nazareth,3,0,FINAL,6490930
2025-09-06,Gordon,Maryville (TN),0,2,FINAL,6492548
2025-09-06,Capital,Stevenson,0,3,FINAL,6489096
2025-09-06,Dean,Vassar,1,3,FINAL,6489437
2025-09-06,Johns Hopkins,UMass Dartmouth,3,0,FINAL,6489675
2025-09-06,Albion,Denison,3,1,FINAL,6489696
2025-09-06,Otterbein,Allegheny,3,0,FINAL,6489726
2025-09-06,Roanoke,Brevard,3,0,FINAL,6489806
2025-09-06,Skidmore,JWU (Providence),3,0,FINAL,6490015
2025-09-06,Neumann,Cedar Crest,3,0,FINAL,6490228
2025-09-06,Methodist,Randolph,3,0,FINAL,6490468
2025-09-06,Gallaudet,Susquehanna,3,0,FINAL,6490906
2025-09-06,Smith,Saint Joseph (CT),3,0,FINAL,6491524
2025-09-06,Ursinus,Widener,3,1,FINAL,6491947
2025-09-06,Oglethorpe,William Peace,3,2,FINAL,6492146
2025-09-06,Mitchell,UMSV,3,2,FINAL,6492287
2025-09-06,Regis (MA),Wentworth,1,3,FINAL,6492358
2025-09-06,Nichols,SUNY Oneonta,0,3,FINAL,6492399
2025-09-06,Mount Aloysius,RIT,3,0,FINAL,6492971
2025-09-06,Dallas,Belhaven,1,3,FINAL,6493046
2025-09-06,St. Joseph's (ME),Oswego St.,1,3,FINAL,6493122
2025-09-06,Baldwin Wallace,Carnegie Mellon,0,3,FINAL,6493177
2025-09-06,Ohio Wesleyan,Hope,0,3,FINAL,6493225
2025-09-06,Wheaton (IL),Martin Luther,3,0,FINAL,6493480
2025-09-06,Simmons,Wheaton (MA),2,3,FINAL,6495854
2025-09-06,Buena Vista,Bethany Lutheran,0,3,FINAL,6496064
2025-09-06,Buffalo St.,Hamilton,3,1,FINAL,6489390
2025-09-06,Elms,Framingham St.,1,3,FINAL,6488469
2025-09-06,Middlebury,St. John Fisher,1,3,FINAL,6488486
2025-09-06,Wash. & Lee,St. Mary's (MD),3,0,FINAL,6488681
2025-09-06,Wis.-Stevens Point,Marian (WI),3,0,FINAL,6488723
2025-09-06,SUNY New Paltz,Russell Sage,3,2,FINAL,6488810
2025-09-06,Piedmont,Millsaps,0,3,FINAL,6488813
2025-09-06,Rose-Hulman,Knox,3,0,FINAL,6488865
2025-09-06,Heidelberg,Westminster (PA),3,0,FINAL,6488941
2025-09-06,UMass Boston,Emerson,2,3,FINAL,6489025
2025-09-06,Bates,Keene St.,3,0,FINAL,6489302
2025-09-06,Wilkes,Delaware Valley,1,3,FINAL,6489311
2025-09-06,Wis.-Oshkosh,Emory,3,1,FINAL,6489337
2025-09-06,Brandeis,Connecticut Col.,3,2,FINAL,6489345
2025-09-06,MSOE,Ripon,1,3,FINAL,6489513
2025-09-06,Monmouth (IL),St. Norbert,1,3,FINAL,6489580
2025-09-06,Hartford,Fitchburg St.,3,0,FINAL,6489838
2025-09-06,Norwich,VTSU Castleton,0,3,FINAL,6489930
2025-09-06,Lycoming,Alfred St.,2,3,FINAL,6490378
2025-09-06,Rutgers-Newark,Albright,2,3,FINAL,6490412
2025-09-06,Rhode Island Col.,Emmanuel (MA),1,3,FINAL,6490420
2025-09-06,Covenant,LeTourneau,1,3,FINAL,6490505
2025-09-06,Elizabethtown,Penn St.-Berks,3,1,FINAL,6490585
2025-09-06,CWRU,Earlham,3,0,FINAL,6490654
2025-09-06,DePauw,Trine,3,0,FINAL,6490811
2025-09-06,Penn St.-Altoona,Penn College,3,0,FINAL,6490887
2025-09-06,Haverford,Lynchburg,0,3,FINAL,6491244
2025-09-06,Bard,Utica,1,3,FINAL,6491262
2025-09-06,Southern Va.,Mary Washington,3,0,FINAL,6491374
2025-09-06,Anderson (IN),Westminster (MO),3,2,FINAL,6491417
2025-09-06,Huntingdon,St. Thomas (TX),1,3,FINAL,6491500
2025-09-06,MIT,Suffolk,3,0,FINAL,6491662
2025-09-06,Salisbury,Tufts,2,3,FINAL,6491731
2025-09-06,Clarkson,Keuka,3,0,FINAL,6491823
2025-09-06,Alma,Hiram,0,3,FINAL,6491837
2025-09-06,Greenville,Muskingum,3,0,FINAL,6491963
2025-09-06,Curry,Elmira,3,2,FINAL,6492165
2025-09-06,Eureka,Rockford,3,2,FINAL,6492304
2025-09-06,Goucher,Washington Col.,0,3,FINAL,6492330
2025-09-06,Lake Forest,Carthage,0,3,FINAL,6492576
2025-09-06,Bridgewater (VA),Trinity (TX),0,3,FINAL,6492657
2025-09-06,Scranton,Springfield,3,0,FINAL,6492790
2025-09-06,Grinnell,Wis.-La Crosse,0,3,FINAL,6492976
2025-09-06,WPI,Lasell,0,3,FINAL,6493142
2025-09-06,Grove City,Adrian,3,0,FINAL,6493239
2025-09-06,Gustavus Adolphus,Lakeland,3,0,FINAL,6493298
2025-09-06,SUNY Delhi,SUNY Canton,0,3,FINAL,6493316
2025-09-06,Concordia Chicago,Blackburn,3,0,FINAL,6493433
2025-09-06,Albertus Magnus,St. Joseph's (L.I.),1,3,FINAL,6493713
2025-09-06,Benedictine (IL),Maranatha Baptist,3,0,FINAL,6493961
2025-09-06,Meredith,Gordon,3,0,FINAL,6495979
2025-09-06,Kean,Shenandoah,3,1,FINAL,6490931
2025-09-06,Concordia Wisconsin,Pacific Lutheran,3,2,FINAL,6488353
2025-09-06,Wis.-Whitewater,Elmhurst,3,0,FINAL,6488417
2025-09-06,Hanover,Stevenson,3,0,FINAL,6488600
2025-09-06,SUNY Oneonta,Williams,0,3,FINAL,6488626
2025-09-06,King's (PA),Ramapo,3,2,FINAL,6488649
2025-09-06,Luther,Wheaton (IL),0,3,FINAL,6488747
2025-09-06,N.C. Wesleyan,Hollins,3,1,FINAL,6489073
2025-09-06,Averett,Oglethorpe,1,3,FINAL,6489121
2025-09-06,Bluffton,Geneva,3,1,FINAL,6489472
2025-09-06,Saint Mary's (MN),Buena Vista,3,1,FINAL,6489581
2025-09-06,Roger Williams,Wesleyan (CT),0,3,FINAL,6489582
2025-09-06,Hamline,Wis.-Superior,2,3,FINAL,6489996
2025-09-06,Montclair St.,Baruch,3,0,FINAL,6490061
2025-09-06,Hartwick,Rochester (NY),3,2,FINAL,6490212
2025-09-06,Cedar Crest,Rowan,0,3,FINAL,6490234
2025-09-06,Northwestern-St. Paul,St. Olaf,3,2,FINAL,6490342
2025-09-06,Cortland,Bowdoin,3,2,FINAL,6490580
2025-09-06,St. Catherine,Central (IA),0,3,FINAL,6490701
2025-09-06,Drew,Penn St. Harrisburg,2,3,FINAL,6490746
2025-09-06,Hilbert,SUNY Morrisville,2,3,FINAL,6490956
2025-09-06,Penn St.-Behrend,Fredonia,3,0,FINAL,6490987
2025-09-06,Saint Joseph (CT),Vassar,0,3,FINAL,6491351
2025-09-06,SUNY Brockport,SUNY Morrisville,3,1,FINAL,6491422
2025-09-06,LaGrange,St. Thomas (TX),0,3,FINAL,6491501
2025-09-06,Eastern Conn. St.,Worcester St.,3,0,FINAL,6491648
2025-09-06,Hardin-Simmons,Colby-Sawyer,3,0,FINAL,6491751
2025-09-06,Catholic,Eastern,0,3,FINAL,6491851
2025-09-06,Carroll (WI),Mary Hardin-Baylor,2,3,FINAL,6491897
2025-09-06,DeSales,Widener,3,2,FINAL,6492041
2025-09-06,Sarah Lawrence,Wentworth,0,3,FINAL,6492360
2025-09-06,Southern Me.,Salve Regina,0,3,FINAL,6492464
2025-09-06,Rhodes,Hendrix,1,3,FINAL,6492527
2025-09-06,Bridgewater St.,VTSU Lyndon,3,0,FINAL,6492585
2025-09-06,Mass. Maritime,UMSV,3,0,FINAL,6492856
2025-09-06,North Park,Neb. Wesleyan,1,3,FINAL,6492916
2025-09-06,John Carroll,Mt. St. Joseph,2,3,FINAL,6493024
2025-09-06,Kenyon,Franciscan,3,2,FINAL,6493106
2025-09-06,Messiah,Misericordia,1,3,FINAL,6493593
2025-09-06,Roanoke,Salem (NC),0,3,FINAL,6493621
2025-09-06,Chatham,Pitt.-Greensburg,3,0,FINAL,6493709
2025-09-06,Lawrence,Wis.-Eau Claire,0,3,FINAL,6493747
2025-09-06,Austin,Lyon,3,0,FINAL,6493759
2025-09-06,JWU (Providence),SUNY Geneseo,3,2,FINAL,6496174
2025-09-06,Ohio Wesleyan,Calvin,1,3,FINAL,6489738
2025-09-06,Moravian,York (PA),3,0,FINAL,6490523
2025-09-06,NYU,Susquehanna,3,0,FINAL,6491134
2025-09-06,Hope,Wittenberg,3,2,FINAL,6491771
2025-09-06,Amherst,Oswego St.,3,0,FINAL,6493125
2025-09-06,Keuka,Plattsburgh St.,2,3,FINAL,6488396
2025-09-06,Babson,Keystone,3,0,FINAL,6488667
2025-09-06,Knox,Westminster (MO),0,3,FINAL,6488903
2025-09-06,Elmira,MCLA,0,3,FINAL,6489147
2025-09-06,Earlham,Mount Union,3,1,FINAL,6489204
2025-09-06,Farmingdale St.,SUNY Canton,3,0,FINAL,6489262
2025-09-06,Keene St.,U New England,0,3,FINAL,6489303
2025-09-06,Chris. Newport,Wm. Paterson,3,1,FINAL,6489453
2025-09-06,MSOE,North Central (IL),0,3,FINAL,6489522
2025-09-06,St. Lawrence,St. John Fisher,0,3,FINAL,6489646
2025-09-06,Aurora,Carthage,1,3,FINAL,6489661
2025-09-06,Fitchburg St.,Mount Holyoke,0,3,FINAL,6489842
2025-09-06,Alfred St.,Marywood,0,3,FINAL,6490381
2025-09-06,Emmanuel (MA),Westfield St.,3,2,FINAL,6490421
2025-09-06,Oberlin,Adrian,3,2,FINAL,6490479
2025-09-06,DePauw,Greenville,3,1,FINAL,6490812
2025-09-06,Penn St.-Berks,Arcadia,0,3,FINAL,6491211
2025-09-06,Bryn Mawr,Penn St.-Abington,1,3,FINAL,6491231
2025-09-06,Lynchburg,Springfield,0,3,FINAL,6491245
2025-09-06,Lasell,Plymouth St.,3,2,FINAL,6491296
2025-09-06,William Smith,Hamilton,3,0,FINAL,6491486
2025-09-06,Heidelberg,Olivet,3,2,FINAL,6491626
2025-09-06,Alma,Franklin,3,2,FINAL,6492076
2025-09-06,Maranatha Baptist,North Central (IL),0,3,FINAL,6492079
2025-09-06,Trine,Dominican (IL),3,0,FINAL,6492093
2025-09-06,Maryville (TN),Va. Wesleyan,1,3,FINAL,6492132
2025-09-06,VTSU Castleton,Trinity (CT),1,3,FINAL,6492194
2025-09-06,Beloit,Rockford,2,3,FINAL,6492303
2025-09-06,Wis. Lutheran,Loras,2,3,FINAL,6492681
2025-09-06,Haverford,Scranton,3,2,FINAL,6492781
2025-09-06,John Jay,Delaware Valley,3,0,FINAL,6493062
2025-09-06,Penn College,Wash. & Jeff.,0,3,FINAL,6493229
2025-09-06,Purchase,SUNY Potsdam,0,3,FINAL,6493555
2025-09-06,Hunter,Utica,3,2,FINAL,6493632
2025-09-06,Puget Sound,Ill. Wesleyan,0,3,FINAL,6493655
2025-09-06,New Jersey City,Cairn,3,2,FINAL,6493687
2025-09-06,St. Joseph's (L.I.),Centenary (NJ),3,0,FINAL,6493714
2025-09-06,Anderson (IN),Ohio Northern,0,3,FINAL,6493917
2025-09-06,Benedictine (IL),Ripon,3,0,FINAL,6495711
2025-09-06,Washington Col.,Saint Elizabeth,3,0,FINAL,6495903
2025-09-06,Albright,CCNY,3,1,FINAL,6496171
2025-09-06,Mt. St. Mary (NY),Union (NY),0,3,FINAL,6489983
2025-09-06,WashU,Claremont-M-S,3,2,FINAL,6488507
2025-09-06,Wash. & Lee,Southern Va.,3,1,FINAL,6488684
2025-09-06,Marian (WI),Emory,0,3,FINAL,6488724
2025-09-06,Endicott,Wis.-Stout,1,3,FINAL,6489048
2025-09-06,Gettysburg,Tufts,0,3,FINAL,6489800
2025-09-06,Augsburg,Lakeland,3,0,FINAL,6490123
2025-09-06,Saint Benedict,Salem St.,3,0,FINAL,6490642
2025-09-06,Colby,Maine Maritime,3,0,FINAL,6491028
2025-09-06,St. Mary's (MD),Mary Washington,0,3,FINAL,6491375
2025-09-06,Sewanee,Transylvania,0,3,FINAL,6491999
2025-09-06,Pacific (OR),Cal Lutheran,0,3,FINAL,6493587
2025-09-06,Gustavus Adolphus,Wis.-La Crosse,3,0,FINAL,6493870
2025-09-06,Mount Aloysius,Waynesburg,3,0,FINAL,6488344
2025-09-06,Berry,Concordia Wisconsin,3,0,FINAL,6488354
2025-09-06,Eastern,FDU-Florham,3,0,FINAL,6488545
2025-09-06,Centre,Hanover,3,0,FINAL,6488601
2025-09-06,Nichols,Williams,0,3,FINAL,6488627
2025-09-06,Bethany Lutheran,Coe,3,2,FINAL,6488746
2025-09-06,William Peace,Averett,2,3,FINAL,6489122
2025-09-06,Salve Regina,Husson,3,0,FINAL,6489415
2025-09-06,Bluffton,Fredonia,3,1,FINAL,6489476
2025-09-06,Randolph,Brevard,3,0,FINAL,6489809
2025-09-06,Simmons,Wesleyan (CT),0,3,FINAL,6489830
2025-09-06,Chapman,Whitworth,3,2,FINAL,6489905
2025-09-06,Hamline,Wartburg,1,3,FINAL,6489998
2025-09-06,Skidmore,SUNY Geneseo,1,3,FINAL,6490074
2025-09-06,Piedmont,LaGrange,0,3,FINAL,6490233
2025-09-06,Misericordia,Stockton,3,2,FINAL,6490690
2025-09-06,Neumann,DeSales,3,2,FINAL,6490762
2025-09-06,Franciscan,Kalamazoo,1,3,FINAL,6491259
2025-09-06,Schreiner,Willamette,3,2,FINAL,6491450
2025-09-06,Johns Hopkins,Colby-Sawyer,3,0,FINAL,6491555
2025-09-06,Simpson,North Park,3,2,FINAL,6491681
2025-09-06,Rowan,Ursinus,3,0,FINAL,6491948
2025-09-06,Ramapo,St. Joseph's (Brkln),3,2,FINAL,6492212
2025-09-06,Mitchell,Mass. Maritime,3,1,FINAL,6492288
2025-09-06,East Tex. Baptist,Belhaven,3,0,FINAL,6492516
2025-09-06,Dean,VTSU Lyndon,3,0,FINAL,6492588
2025-09-06,La Verne,Whitman,3,0,FINAL,6492630
2025-09-06,Marymount (VA),Nazareth,3,0,FINAL,6492645
2025-09-06,Pitt.-Greensburg,Wilson,3,2,FINAL,6492938
2025-09-06,Carnegie Mellon,John Carroll,3,1,FINAL,6493025
2025-09-06,Smith,Bridgewater St.,3,0,FINAL,6493141
2025-09-06,Regis (MA),Sarah Lawrence,3,1,FINAL,6493254
2025-09-06,Clark (MA),Rivier,0,3,FINAL,6493406
2025-09-06,Pomona-Pitzer,UC Santa Cruz,2,3,FINAL,6493525
2025-09-06,Luther,Martin Luther,3,1,FINAL,6493640
2025-09-06,Houghton,Thiel,1,3,FINAL,6493890
2025-09-06,Baruch,Lebanon Valley,0,3,FINAL,6496389
2025-09-06,UChicago,Lawrence,2,3,FINAL,6488761
2025-09-06,Northwestern-St. Paul,Dubuque,1,3,FINAL,6490310
2025-09-06,Millikin,St. Olaf,1,3,FINAL,6490343
2025-09-06,SUNY Brockport,Hilbert,3,1,FINAL,6490957
2025-09-06,Manhattanville,SUNY Morrisville,3,1,FINAL,6491423
2025-09-06,Juniata,Ithaca,3,1,FINAL,6493116
2025-09-06,Clarkson,Middlebury,0,3,FINAL,6488492
2025-09-06,Rose-Hulman,Ohio Northern,3,1,FINAL,6488866
2025-09-06,CWRU,Westminster (PA),3,1,FINAL,6488943
2025-09-06,Curry,MCLA,0,3,FINAL,6489141
2025-09-06,Mount Union,Olivet,3,0,FINAL,6489210
2025-09-06,SUNY Delhi,Farmingdale St.,0,3,FINAL,6489263
2025-09-06,Wilkes,John Jay,3,0,FINAL,6489312
2025-09-06,MIT,Connecticut Col.,3,0,FINAL,6489343
2025-09-06,Bates,U New England,2,3,FINAL,6489541
2025-09-06,Illinois Col.,St. Norbert,0,3,FINAL,6489584
2025-09-06,Lake Forest,Aurora,0,3,FINAL,6489663
2025-09-06,Calvin,Denison,3,1,FINAL,6489700
2025-09-06,Norwich,Trinity (CT),0,3,FINAL,6489933
2025-09-06,Lycoming,Marywood,2,3,FINAL,6490574
2025-09-06,Elizabethtown,Arcadia,3,0,FINAL,6490583
2025-09-06,Central (IA),Wis.-Superior,3,1,FINAL,6490597
2025-09-06,Penn St.-Altoona,Wash. & Jeff.,1,3,FINAL,6490889
2025-09-06,Gallaudet,Stevens,3,2,FINAL,6490907
2025-09-06,Rutgers-Newark,CCNY,3,0,FINAL,6490994
2025-09-06,Stevens,Susquehanna,3,0,FINAL,6491132
2025-09-06,Rhode Island Col.,Westfield St.,2,3,FINAL,6491144
2025-09-06,Bard,Hunter,2,3,FINAL,6491263
2025-09-06,WPI,Plymouth St.,3,2,FINAL,6491297
2025-09-06,Western New Eng.,St. Joseph's (ME),3,0,FINAL,6491602
2025-09-06,Albion,Wittenberg,1,3,FINAL,6491773
2025-09-06,Meredith,Va. Wesleyan,2,3,FINAL,6492133
2025-09-06,Eureka,Beloit,3,2,FINAL,6492504
2025-09-06,Hendrix,Lyon,3,2,FINAL,6492529
2025-09-06,Rhodes,Webster,3,0,FINAL,6492621
2025-09-06,Bridgewater (VA),Wm. Paterson,3,1,FINAL,6492658
2025-09-06,Mary Baldwin,Warren Wilson,3,0,FINAL,6492685
2025-09-06,SUNY Poly,Purchase,3,1,FINAL,6493556
2025-09-06,Notre Dame (MD),East. Mennonite,3,2,FINAL,6493842
2025-09-06,Hiram,Manchester,3,2,FINAL,6495681
2025-09-06,Goucher,Saint Elizabeth,3,2,FINAL,6495969
2025-09-06,Albertus Magnus,Centenary (NJ),1,3,FINAL,6496170
2025-09-06,Alfred,Buffalo St.,0,3,FINAL,6488567
2025-09-06,Cortland,Rochester (NY),3,0,FINAL,6490215
2025-09-06,Bowdoin,Hartwick,3,0,FINAL,6490835
2025-09-06,Mt. St. Mary (NY),Russell Sage,1,3,FINAL,6491882
2025-09-06,Wis.-Whitewater,Berry,3,2,FINAL,6488418
2025-09-06,Wis.-Stevens Point,WashU,2,3,FINAL,6488513
2025-09-06,Catholic,FDU-Florham,3,1,FINAL,6488544
2025-09-06,King's (PA),St. Joseph's (Brkln),3,0,FINAL,6488650
2025-09-06,Hollins,Salem (NC),0,3,FINAL,6489074
2025-09-06,Capital,Centre,0,3,FINAL,6489097
2025-09-06,Southern Me.,Husson,3,1,FINAL,6489412
2025-09-06,Saint Mary's (MN),Coe,1,3,FINAL,6489583
2025-09-06,Roger Williams,Wheaton (MA),3,2,FINAL,6489585
2025-09-06,Salisbury,Gettysburg,3,0,FINAL,6489801
2025-09-06,Montclair St.,Lebanon Valley,3,0,FINAL,6490062
2025-09-06,Hartford,Mount Holyoke,1,3,FINAL,6490101
2025-09-06,Augsburg,Grinnell,3,0,FINAL,6490125
2025-09-06,Geneva,Houghton,1,3,FINAL,6490386
2025-09-06,Muhlenberg,Marietta,0,3,FINAL,6490443
2025-09-06,Drew,Franklin & Marshall,0,3,FINAL,6490466
2025-09-06,Franklin & Marshall,Penn St. Harrisburg,3,0,FINAL,6490467
2025-09-06,Emerson,Salem St.,3,0,FINAL,6490643
2025-09-06,Messiah,Stockton,3,1,FINAL,6490692
2025-09-06,UW-River Falls,Neb. Wesleyan,3,2,FINAL,6490801
2025-09-06,Penn St.-Behrend,Thiel,0,3,FINAL,6490988
2025-09-06,Kenyon,Kalamazoo,2,3,FINAL,6491260
2025-09-06,Elmhurst,Pacific Lutheran,3,0,FINAL,6491541
2025-09-06,Colby,Endicott,3,0,FINAL,6491810
2025-09-06,Concordia (TX),Carroll (WI),1,3,FINAL,6492359
2025-09-06,Chatham,Wilson,3,0,FINAL,6492939
2025-09-06,Baldwin Wallace,Mt. St. Joseph,3,1,FINAL,6493329
2025-09-06,Southwestern (TX),Ill. Wesleyan,0,3,FINAL,6488927
2025-09-06,Whittier,Whitworth,0,3,FINAL,6489906
2025-09-06,Colorado Col.,Macalester,3,0,FINAL,6492612
2025-09-06,Millsaps,Huntingdon,3,1,FINAL,6488818
2025-09-06,Wilmington (OH),Manchester,0,3,FINAL,6489515
2025-09-06,Ithaca,Marietta,0,3,FINAL,6490442
2025-09-06,Juniata,Muhlenberg,3,0,FINAL,6493536
2025-09-06,Illinois Tech,Wis.-Eau Claire,0,3,FINAL,6493875
2025-09-06,NYU,Stevens,3,0,FINAL,6491399
2025-09-06,Amherst,Western New Eng.,3,1,FINAL,6491603
2025-09-06,SUNY New Paltz,Union (NY),1,3,FINAL,6488811
2025-09-06,William Smith,Alfred,3,0,FINAL,6488569
2025-09-06,St. Catherine,Wartburg,1,3,FINAL,6490705
2025-09-06,Bethel (MN),Simpson,1,3,FINAL,6491682
2025-09-06,Mary Hardin-Baylor,Dallas,3,0,FINAL,6491899
2025-09-06,UMass Boston,Saint Benedict,0,3,FINAL,6489026
2025-09-06,Wis.-Oshkosh,Claremont-M-S,3,1,FINAL,6489338
2025-09-06,Covenant,Sewanee,3,2,FINAL,6490509
2025-09-06,La Verne,UC Santa Cruz,3,0,FINAL,6492631
2025-09-06,Pomona-Pitzer,Whitman,3,2,FINAL,6492838
2025-09-06,Chapman,Occidental,3,0,FINAL,6489875
2025-09-06,Lewis & Clark,Macalester,2,3,FINAL,6490159
2025-09-06,UChicago,Illinois Tech,3,1,FINAL,6488763
2025-09-06,UW-River Falls,Carleton,3,1,FINAL,6490802
2025-09-06,East Tex. Baptist,Concordia (TX),3,0,FINAL,6492361
2025-09-06,Whittier,Occidental,3,0,FINAL,6489877
2025-09-06,Lewis & Clark,Colorado Col.,0,3,FINAL,6490160
2025-09-07,Bowdoin,Rochester (NY),3,0,FINAL,6490218
2025-09-07,George Fox,Colorado Col.,2,3,FINAL,6490969
2025-09-08,Lehman,Purchase,0,3,FINAL,6493557
2025-09-08,Lehman,Yeshiva,3,1,FINAL,6496009
2025-09-09,St. Joseph's (Brkln),Baruch,3,1,FINAL,6491111
2025-09-09,King's (PA),SUNY Delhi,3,0,FINAL,6488651
2025-09-09,Farmingdale St.,Brooklyn,3,0,FINAL,6489266
2025-09-09,Salve Regina,Roger Williams,2,3,FINAL,6489593
2025-09-09,UMass Dartmouth,WPI,2,3,FINAL,6489678
2025-09-09,Norwich,Plymouth St.,0,3,FINAL,6489935
2025-09-09,Bates,Maine Maritime,3,0,FINAL,6490176
2025-09-09,Salem St.,Albertus Magnus,3,1,FINAL,6490644
2025-09-09,Merchant Marine,Coast Guard,0,3,FINAL,6491793
2025-09-09,Ramapo,UMSV,3,0,FINAL,6492213
2025-09-09,New England Col.,VTSU-Johnson,3,0,FINAL,6492407
2025-09-09,Bridgewater St.,Curry,3,0,FINAL,6493035
2025-09-09,Rhode Island Col.,Worcester St.,3,0,FINAL,6493093
2025-09-09,Grove City,Carnegie Mellon,0,3,FINAL,6493181
2025-09-09,Emerson,Lasell,1,3,FINAL,6493256
2025-09-09,Southern Va.,East. Mennonite,3,0,FINAL,6493334
2025-09-09,Trinity Washington,Valley Forge,2,3,FINAL,6493947
2025-09-09,Meredith,Roanoke,3,0,FINAL,6495980
2025-09-09,Fredonia,Thiel,3,0,FINAL,6496082
2025-09-09,Kalamazoo,Manchester,1,3,FINAL,6491095
2025-09-09,Lycoming,Mount Aloysius,0,3,FINAL,6488345
2025-09-09,SUNY Maritime,FDU-Florham,1,3,FINAL,6488474
2025-09-09,Eureka,Knox,3,1,FINAL,6488904
2025-09-09,St. Mary's (IN),Benedictine (IL),3,1,FINAL,6489177
2025-09-09,Pitt.-Greensburg,Waynesburg,0,3,FINAL,6489218
2025-09-09,Nichols,Keene St.,3,2,FINAL,6489304
2025-09-09,Buffalo St.,Houghton,1,3,FINAL,6489392
2025-09-09,Chris. Newport,St. Mary's (MD),3,0,FINAL,6489457
2025-09-09,Lesley,Elms,0,3,FINAL,6489612
2025-09-09,Emmanuel (MA),Wentworth,0,3,FINAL,6490422
2025-09-09,Ursinus,Stockton,0,3,FINAL,6490695
2025-09-09,Notre Dame (MD),Neumann,3,0,FINAL,6490763
2025-09-09,Saint Vincent,Penn St.-Altoona,2,3,FINAL,6490902
2025-09-09,Marymount (VA),Gallaudet,0,3,FINAL,6490908
2025-09-09,John Carroll,Penn St.-Behrend,3,0,FINAL,6490989
2025-09-09,Rivier,Wellesley,0,3,FINAL,6491193
2025-09-09,Cairn,Penn St.-Berks,3,0,FINAL,6491212
2025-09-09,Wittenberg,Mt. St. Joseph,3,1,FINAL,6491775
2025-09-09,Sewanee,Maryville (TN),3,1,FINAL,6492000
2025-09-09,Alma,Heidelberg,1,3,FINAL,6492077
2025-09-09,St. Joseph's (ME),Colby,0,3,FINAL,6492216
2025-09-09,Swarthmore,Rutgers-Camden,3,0,FINAL,6492245
2025-09-09,Saint Elizabeth,Pratt,3,0,FINAL,6492260
2025-09-09,Marywood,Albright,3,0,FINAL,6492261
2025-09-09,Suffolk,Mass. Maritime,3,0,FINAL,6492433
2025-09-09,York (NY),Medgar Evers,3,1,FINAL,6493079
2025-09-09,SUNY Poly,SUNY Cobleskill,3,0,FINAL,6493291
2025-09-09,Muhlenberg,Rowan,0,3,FINAL,6493341
2025-09-09,Centenary (NJ),Mt. St. Mary (NY),3,1,FINAL,6493446
2025-09-09,Concordia-M'head,Minn.-Morris,2,3,FINAL,6493466
2025-09-09,St. Catherine,Wis.-Stout,3,2,FINAL,6489049
2025-09-09,North Central (IL),Aurora,3,0,FINAL,6489669
2025-09-09,MUW,Belhaven,2,3,FINAL,6491131
2025-09-09,Illinois Col.,Greenville,1,3,FINAL,6491964
2025-09-09,Wheaton (IL),Rockford,3,0,FINAL,6492305
2025-09-09,Dominican (IL),Beloit,3,0,FINAL,6492505
2025-09-09,Alverno,Maranatha Baptist,3,0,FINAL,6493962
2025-09-09,Ripon,Loras,1,3,FINAL,6495713
2025-09-10,Huntingdon,Oglethorpe,3,0,FINAL,6493343
2025-09-10,Wis.-La Crosse,Saint Mary's (MN),3,0,FINAL,6489587
2025-09-10,Lawrence,Westminster (MO),3,0,FINAL,6491418
2025-09-10,UMass Boston,Western New Eng.,3,0,FINAL,6489027
2025-09-10,Guilford,Averett,3,1,FINAL,6489123
2025-09-10,MCLA,Utica,1,3,FINAL,6489148
2025-09-10,Franciscan,La Roche,3,0,FINAL,6489172
2025-09-10,Luther,Saint Mary's (MN),1,3,FINAL,6489590
2025-09-10,Fitchburg St.,Saint Joseph (CT),1,3,FINAL,6489849
2025-09-10,Wellesley,U New England,2,3,FINAL,6489881
2025-09-10,DePauw,Ill. Wesleyan,0,3,FINAL,6490814
2025-09-10,Central (IA),Westminster (MO),0,3,FINAL,6491593
2025-09-10,WPI,Tufts,0,3,FINAL,6491732
2025-09-10,Penn College,Elmira,0,3,FINAL,6492166
2025-09-10,Mitchell,VTSU Lyndon,3,0,FINAL,6492289
2025-09-10,Randolph-Macon,Randolph,3,0,FINAL,6492670
2025-09-10,Roanoke,Wash. & Lee,0,3,FINAL,6488686
2025-09-10,Hollins,Bridgewater (VA),0,3,FINAL,6489075
2025-09-10,Wheaton (IL),Concordia Wisconsin,1,3,FINAL,6488355
2025-09-10,Hilbert,Alfred,1,3,FINAL,6488571
2025-09-10,Spalding,Hanover,0,3,FINAL,6488602
2025-09-10,WestConn,SUNY New Paltz,3,1,FINAL,6488812
2025-09-10,Rose-Hulman,Webster,3,0,FINAL,6488867
2025-09-10,Ohio Northern,Bluffton,3,0,FINAL,6489478
2025-09-10,Anderson (IN),Wilmington (OH),3,0,FINAL,6489519
2025-09-10,Stevenson,Gettysburg,1,3,FINAL,6489804
2025-09-10,Immaculata,Bryn Mawr,0,3,FINAL,6489884
2025-09-10,Arcadia,Cedar Crest,3,0,FINAL,6490238
2025-09-10,DeSales,Franklin & Marshall,0,3,FINAL,6490469
2025-09-10,Hiram,Oberlin,3,0,FINAL,6490483
2025-09-10,Baldwin Wallace,CWRU,3,1,FINAL,6490657
2025-09-10,Lebanon Valley,Elizabethtown,2,3,FINAL,6490723
2025-09-10,JWU (Providence),Westfield St.,3,0,FINAL,6491149
2025-09-10,William Peace,Greensboro,1,3,FINAL,6491316
2025-09-10,Centre,Transylvania,3,1,FINAL,6491970
2025-09-10,Haverford,Widener,3,1,FINAL,6492042
2025-09-10,Messiah,Lancaster Bible,3,1,FINAL,6492327
2025-09-10,Wilson,Washington Col.,0,3,FINAL,6492331
2025-09-10,Southern Me.,Bowdoin,0,3,FINAL,6492465
2025-09-10,Wis. Lutheran,Carroll (WI),0,3,FINAL,6492683
2025-09-10,Grinnell,Buena Vista,2,3,FINAL,6492977
2025-09-10,Elmhurst,Illinois Tech,2,3,FINAL,6493470
2025-09-10,Heidelberg,Ohio Wesleyan,3,1,FINAL,6493572
2025-09-10,Hood,McDaniel,3,2,FINAL,6493766
2025-09-10,Dubuque,Wis.-Platteville,3,1,FINAL,6490298
2025-09-10,Wis.-La Crosse,Luther,3,1,FINAL,6491441
2025-09-10,Monmouth (IL),Millikin,0,3,FINAL,6492993
2025-09-10,Carleton,Bethany Lutheran,3,2,FINAL,6493424
2025-09-10,Central (IA),Lawrence,1,3,FINAL,6493518
2025-09-10,Bethel (MN),Wis.-Eau Claire,0,3,FINAL,6493550
2025-09-10,Cornell College,Coe,2,3,FINAL,6495900
2025-09-11,Hardin-Simmons,Schreiner,3,1,FINAL,6491752
2025-09-11,Plymouth St.,New England Col.,3,0,FINAL,6491298
2025-09-11,Farmingdale St.,Ramapo,0,3,FINAL,6489268
2025-09-11,Salem St.,Suffolk,1,3,FINAL,6490645
2025-09-11,Baruch,St. Joseph's (L.I.),1,3,FINAL,6491112
2025-09-11,Gwynedd Mercy,Alvernia,1,3,FINAL,6492425
2025-09-11,Bridgewater St.,Rhode Island Col.,3,1,FINAL,6493260
2025-09-11,Lehman,UMSV,0,3,FINAL,6493735
2025-09-11,SUNY Maritime,CCNY,3,0,FINAL,6488475
2025-09-11,St. Joseph's (Brkln),FDU-Florham,2,3,FINAL,6488546
2025-09-11,New Jersey City,Wilkes,3,2,FINAL,6489315
2025-09-11,Elms,Mass. Maritime,3,1,FINAL,6489613
2025-09-11,Lycoming,Penn St. Harrisburg,0,3,FINAL,6490577
2025-09-11,Kean,Manhattanville,3,1,FINAL,6490932
2025-09-11,Rutgers-Newark,York (NY),3,0,FINAL,6490995
2025-09-11,Dickinson,Penn St.-Berks,3,0,FINAL,6491213
2025-09-11,Sarah Lawrence,Bard,3,0,FINAL,6491270
2025-09-11,Nichols,Framingham St.,0,3,FINAL,6491560
2025-09-11,Merchant Marine,Yeshiva,3,0,FINAL,6491794
2025-09-11,Delaware Valley,Marywood,1,3,FINAL,6492459
2025-09-11,Chatham,John Carroll,0,3,FINAL,6493026
2025-09-11,Simmons,Salve Regina,0,3,FINAL,6493126
2025-09-11,Purchase,Brooklyn,0,3,FINAL,6493135
2025-09-11,Gordon,Rivier,3,1,FINAL,6496023
2025-09-11,Mary Hardin-Baylor,Schreiner,3,0,FINAL,6491901
2025-09-12,Mary Hardin-Baylor,Alverno,3,0,FINAL,6491904
2025-09-12,Methodist,Schreiner,2,3,FINAL,6490486
2025-09-12,Swarthmore,Misericordia,3,1,FINAL,6492246
2025-09-12,North Park,Kalamazoo,3,0,FINAL,6491271
2025-09-12,Northwestern-St. Paul,Whitworth,2,3,FINAL,6489914
2025-09-12,Claremont-M-S,Covenant,3,1,FINAL,6490516
2025-09-12,Dominican (IL),Rhodes,0,3,FINAL,6492872
2025-09-12,St. Thomas (TX),Minn.-Morris,3,0,FINAL,6491502
2025-09-12,Wis.-Whitewater,Marian (WI),3,0,FINAL,6488419
2025-09-12,Susquehanna,Wesleyan (CT),0,3,FINAL,6489837
2025-09-12,Berry,LaGrange,3,0,FINAL,6491336
2025-09-12,Wis. Lutheran,Franklin,1,3,FINAL,6492686
2025-09-12,Millsaps,Centenary (LA),3,0,FINAL,6488821
2025-09-12,Wooster,Pitt.-Greensburg,3,0,FINAL,6488875
2025-09-12,Westminster (PA),Bluffton,3,2,FINAL,6488945
2025-09-12,SUNY Morrisville,St. John Fisher,1,3,FINAL,6489654
2025-09-12,Muhlenberg,Cedar Crest,3,0,FINAL,6490242
2025-09-12,Russell Sage,SUNY Oneonta,1,3,FINAL,6491864
2025-09-12,Hunter,Randolph-Macon,0,3,FINAL,6493109
2025-09-12,McMurry,Lyon,3,0,FINAL,6493199
2025-09-12,Vassar,SUNY Delhi,3,0,FINAL,6493211
2025-09-12,Howard Payne,Southwestern (TX),0,3,FINAL,6488928
2025-09-12,Hardin-Simmons,LeTourneau,3,0,FINAL,6491753
2025-09-12,Lakeland,Wis.-Whitewater,0,3,FINAL,6488420
2025-09-12,Hanover,Albion,2,3,FINAL,6488603
2025-09-12,Caltech,Wis.-Stout,0,3,FINAL,6489050
2025-09-12,Buffalo St.,SUNY Geneseo,3,2,FINAL,6489393
2025-09-12,Allegheny,Geneva,3,0,FINAL,6489729
2025-09-12,Union (NY),Oswego St.,3,2,FINAL,6489987
2025-09-12,Marietta,Wash. & Jeff.,3,0,FINAL,6490444
2025-09-12,DePauw,Blackburn,3,0,FINAL,6490815
2025-09-12,Ithaca,Johns Hopkins,3,1,FINAL,6491557
2025-09-12,North Central (IL),Dominican (IL),3,0,FINAL,6492082
2025-09-12,Keuka,Wheaton (MA),0,3,FINAL,6492243
2025-09-12,Babson,Brandeis,3,1,FINAL,6492315
2025-09-12,Chapman,Puget Sound,0,3,FINAL,6492714
2025-09-12,Dubuque,UW-River Falls,3,0,FINAL,6492736
2025-09-12,Wis.-La Crosse,St. Scholastica,3,2,FINAL,6492824
2025-09-12,Edgewood,Wartburg,3,2,FINAL,6493442
2025-09-12,Loras,Gustavus Adolphus,0,3,FINAL,6493871
2025-09-12,Penn St.-Behrend,Houghton,3,1,FINAL,6493891
2025-09-12,Muskingum,Mt. St. Joseph,3,1,FINAL,6493935
2025-09-12,Ripon,Maranatha Baptist,3,0,FINAL,6493963
2025-09-12,Emory,Texas Lutheran,3,0,FINAL,6488448
2025-09-12,Chris. Newport,Montclair St.,3,0,FINAL,6489461
2025-09-12,East Tex. Baptist,Whitworth,3,1,FINAL,6489917
2025-09-12,Skidmore,Misericordia,3,2,FINAL,6490076
2025-09-12,SUNY Potsdam,Hilbert,0,3,FINAL,6490958
2025-09-12,Baldwin Wallace,Ohio Wesleyan,3,0,FINAL,6493330
2025-09-12,Alverno,Schreiner,0,3,FINAL,6495740
2025-09-12,Mount Aloysius,Penn College,3,0,FINAL,6488346
2025-09-12,Scranton,Middlebury,3,1,FINAL,6488497
2025-09-12,Hartwick,Williams,0,3,FINAL,6488628
2025-09-12,Wheaton (IL),Aurora,3,0,FINAL,6488750
2025-09-12,Berea,Warren Wilson,3,2,FINAL,6489004
2025-09-12,Randolph,Pfeiffer,3,0,FINAL,6489428
2025-09-12,Hiram,Bluffton,3,0,FINAL,6489488
2025-09-12,Earlham,Denison,3,1,FINAL,6489707
2025-09-12,Cedar Crest,St. Lawrence,1,3,FINAL,6490246
2025-09-12,Oberlin,Pitt.-Greensburg,3,0,FINAL,6490485
2025-09-12,Lynchburg,Hood,3,0,FINAL,6491248
2025-09-12,Mount Holyoke,Mt. St. Mary (NY),3,0,FINAL,6491481
2025-09-12,William Peace,Randolph-Macon,3,2,FINAL,6492147
2025-09-12,SUNY Canton,VTSU-Johnson,3,0,FINAL,6493317
2025-09-12,Concordia Chicago,Lawrence,1,3,FINAL,6493434
2025-09-12,Franklin,Illinois Col.,1,3,FINAL,6495810
2025-09-12,Centenary (LA),Lyon,0,3,FINAL,6496518
2025-09-12,Hope,UChicago,2,3,FINAL,6488764
2025-09-12,Eastern,Stockton,2,3,FINAL,6490697
2025-09-12,Minn.-Morris,Austin,1,3,FINAL,6493664
2025-09-12,Concordia Wisconsin,Colorado Col.,0,3,FINAL,6488357
2025-09-12,Carleton,Marian (WI),3,2,FINAL,6488725
2025-09-12,Macalester,Wis.-Stout,1,3,FINAL,6489051
2025-09-12,Geneva,Mount Union,0,3,FINAL,6489217
2025-09-12,Hamline,MSOE,3,1,FINAL,6489525
2025-09-12,Rochester (NY),Wheaton (MA),1,3,FINAL,6490220
2025-09-12,St. Olaf,UW-River Falls,3,1,FINAL,6490345
2025-09-12,Luther,Wis.-Superior,0,3,FINAL,6490601
2025-09-12,Muskingum,CWRU,2,3,FINAL,6490659
2025-09-12,Maranatha Baptist,Westminster (MO),0,3,FINAL,6491596
2025-09-12,Carnegie Mellon,MIT,2,3,FINAL,6491663
2025-09-12,Bethany (WV),Oswego St.,1,3,FINAL,6492801
2025-09-12,Martin Luther,St. Scholastica,0,3,FINAL,6492817
2025-09-12,Mt. St. Joseph,Wash. & Jeff.,3,0,FINAL,6493230
2025-09-12,Augustana (IL),Illinois Tech,3,1,FINAL,6493342
2025-09-12,Regis (MA),Trinity (CT),0,3,FINAL,6493410
2025-09-12,Saint Mary's (MN),Wartburg,1,3,FINAL,6493445
2025-09-12,Buena Vista,Central (IA),0,3,FINAL,6493481
2025-09-12,Edgewood,Gustavus Adolphus,0,3,FINAL,6493690
2025-09-12,Hamilton,Clark (MA),3,0,FINAL,6493772
2025-09-12,Fredonia,Penn St.-Behrend,0,3,FINAL,6496397
2025-09-12,Hanover,Blackburn,3,0,FINAL,6488604
2025-09-12,Calvin,Wis.-Stevens Point,0,3,FINAL,6489752
2025-09-12,SUNY Potsdam,Hilbert,0,3,FINAL,6490959
2025-09-12,Trine,Otterbein,0,3,FINAL,6492102
2025-09-12,Berry,Texas Lutheran,3,1,FINAL,6488449
2025-09-12,Millsaps,Belhaven,3,1,FINAL,6488825
2025-09-12,Wooster,Hiram,0,3,FINAL,6488876
2025-09-12,Oberlin,Westminster (PA),1,3,FINAL,6488946
2025-09-12,St. Mary's (IN),Manchester,3,2,FINAL,6489179
2025-09-12,Pfeiffer,Roanoke,0,3,FINAL,6489430
2025-09-12,Bowdoin,UMass Dartmouth,0,3,FINAL,6489679
2025-09-12,Swarthmore,Skidmore,3,0,FINAL,6490092
2025-09-12,Hartford,Albertus Magnus,3,0,FINAL,6490102
2025-09-12,Ursinus,Moravian,1,3,FINAL,6490527
2025-09-12,Hartwick,SUNY Oneonta,3,2,FINAL,6490839
2025-09-12,Vassar,Mount Holyoke,3,0,FINAL,6491482
2025-09-12,Wittenberg,Juniata,3,2,FINAL,6491776
2025-09-12,Linfield,Redlands,2,3,FINAL,6491833
2025-09-12,William Peace,Hunter,3,0,FINAL,6492148
2025-09-12,Smith,Colby,0,3,FINAL,6492217
2025-09-12,Albright,Arcadia,2,3,FINAL,6492262
2025-09-12,Maryville (TN),Oglethorpe,3,0,FINAL,6492550
2025-09-12,Baldwin Wallace,Transylvania,1,3,FINAL,6492826
2025-09-12,Dallas,McMurry,1,3,FINAL,6493202
2025-09-12,Trinity (TX),Northwestern-St. Paul,3,1,FINAL,6493240
2025-09-12,Claremont-M-S,Puget Sound,3,0,FINAL,6493318
2025-09-12,Earlham,Kenyon,3,0,FINAL,6493482
2025-09-12,Muhlenberg,St. Lawrence,3,0,FINAL,6493537
2025-09-12,SUNY Cobleskill,VTSU-Johnson,3,1,FINAL,6493652
2025-09-12,McDaniel,N.C. Wesleyan,3,1,FINAL,6493800
2025-09-12,Alma,Denison,0,3,FINAL,6495987
2025-09-12,Wheaton (IL),Lawrence,1,3,FINAL,6488748
2025-09-12,Cortland,Salisbury,1,3,FINAL,6490587
2025-09-12,North Park,Wis. Lutheran,3,0,FINAL,6492688
2025-09-12,Allegheny,Mount Union,3,0,FINAL,6489225
2025-09-12,Wis.-Oshkosh,La Verne,2,3,FINAL,6489359
2025-09-12,Wis.-La Crosse,St. Norbert,3,0,FINAL,6489589
2025-09-12,Loras,Saint Mary's (MN),2,3,FINAL,6489592
2025-09-12,Union (NY),Bethany (WV),3,1,FINAL,6489988
2025-09-12,Carthage,Wis.-Platteville,3,0,FINAL,6490299
2025-09-12,Dubuque,St. Olaf,3,0,FINAL,6490312
2025-09-12,LeTourneau,Methodist,3,1,FINAL,6490488
2025-09-12,Wis.-Eau Claire,St. Catherine,3,0,FINAL,6490708
2025-09-12,St. Thomas (TX),Howard Payne,3,1,FINAL,6491503
2025-09-12,Caltech,Simpson,2,3,FINAL,6491683
2025-09-12,Elmhurst,Rhodes,3,0,FINAL,6492873
2025-09-12,Monmouth (IL),Wis.-Superior,1,3,FINAL,6492995
2025-09-12,Dallas,Huntingdon,1,3,FINAL,6493048
2025-09-12,Augustana (IL),Bethel (MN),0,3,FINAL,6493344
2025-09-12,Ripon,Buena Vista,1,3,FINAL,6493483
2025-09-12,Hamline,Illinois Tech,3,2,FINAL,6493876
2025-09-12,Cal Lutheran,Covenant,3,0,FINAL,6490519
2025-09-12,George Fox,Willamette,1,3,FINAL,6490979
2025-09-12,Redlands,UC Santa Cruz,2,3,FINAL,6491834
2025-09-13,La Roche,Lycoming,1,3,FINAL,6489178
2025-09-13,Lasell,Roger Williams,3,0,FINAL,6489599
2025-09-13,Alfred St.,SUNY Brockport,1,3,FINAL,6490385
2025-09-13,Mass. Maritime,Southern Me.,0,3,FINAL,6496501
2025-09-13,Concordia Chicago,Wis.-Stevens Point,0,3,FINAL,6493435
2025-09-13,Hardin-Simmons,Methodist,3,0,FINAL,6490496
2025-09-13,La Verne,Hope,3,1,FINAL,6492632
2025-09-13,Hanover,Trine,3,1,FINAL,6488605
2025-09-13,Bridgewater (VA),Pfeiffer,3,0,FINAL,6489431
2025-09-13,Sewanee,Asbury,3,0,FINAL,6490203
2025-09-13,CWRU,Mt. St. Joseph,3,1,FINAL,6490660
2025-09-13,Albion,DePauw,3,2,FINAL,6490817
2025-09-13,Misericordia,Susquehanna,3,0,FINAL,6491143
2025-09-13,Kalamazoo,Franklin,3,1,FINAL,6491273
2025-09-13,Clark (MA),SUNY Morrisville,1,3,FINAL,6491424
2025-09-13,St. Scholastica,Luther,3,1,FINAL,6491442
2025-09-13,Russell Sage,Oswego St.,0,3,FINAL,6491866
2025-09-13,William Peace,St. Lawrence,3,2,FINAL,6492149
2025-09-13,Martin Luther,Monmouth (IL),0,3,FINAL,6492996
2025-09-13,UMSV,Pratt,3,1,FINAL,6493014
2025-09-13,Sarah Lawrence,Curry,3,1,FINAL,6493036
2025-09-13,Muhlenberg,Randolph-Macon,1,3,FINAL,6493114
2025-09-13,Muskingum,Wash. & Jeff.,3,0,FINAL,6493231
2025-09-13,St. Mary's (MD),East. Mennonite,3,0,FINAL,6493335
2025-09-13,McDaniel,Penn College,3,0,FINAL,6493801
2025-09-13,Pitt.-Greensburg,Westminster (PA),0,3,FINAL,6488947
2025-09-13,Emory,LaGrange,3,0,FINAL,6490875
2025-09-13,VTSU Castleton,Plattsburgh St.,3,2,FINAL,6488397
2025-09-13,St. Catherine,Marian (WI),3,1,FINAL,6488726
2025-09-13,Millsaps,Dallas,3,0,FINAL,6488828
2025-09-13,Kenyon,Rose-Hulman,0,3,FINAL,6488931
2025-09-13,Elmira,Wilkes,0,3,FINAL,6489317
2025-09-13,Buffalo St.,Wheaton (MA),3,2,FINAL,6489395
2025-09-13,NYU,Chris. Newport,2,3,FINAL,6489467
2025-09-13,Aurora,Calvin,0,3,FINAL,6489671
2025-09-13,Allegheny,Penn St.-Behrend,3,1,FINAL,6489732
2025-09-13,Gettysburg,William Smith,3,0,FINAL,6489805
2025-09-13,Fitchburg St.,Gordon,0,3,FINAL,6489851
2025-09-13,Merchant Marine,Hartford,3,2,FINAL,6490104
2025-09-13,St. Joseph's (ME),Bates,0,3,FINAL,6490177
2025-09-13,Rochester (NY),Keuka,3,0,FINAL,6490221
2025-09-13,Colorado Col.,Wis.-Platteville,3,2,FINAL,6490300
2025-09-13,Geneva,Houghton,3,0,FINAL,6490363
2025-09-13,RIT,Alfred St.,3,2,FINAL,6490384
2025-09-13,Alvernia,Elizabethtown,1,3,FINAL,6490724
2025-09-13,Marywood,Penn St. Harrisburg,2,3,FINAL,6490747
2025-09-13,SUNY Canton,Hilbert,2,3,FINAL,6490960
2025-09-13,Rutgers-Newark,Cairn,0,3,FINAL,6490996
2025-09-13,Suffolk,Maine Maritime,0,3,FINAL,6491029
2025-09-13,Westfield St.,Eastern Conn. St.,1,3,FINAL,6491153
2025-09-13,Rutgers-Camden,Bryn Mawr,3,0,FINAL,6491235
2025-09-13,Bard,SUNY Poly,3,1,FINAL,6491265
2025-09-13,Worcester St.,Plymouth St.,0,3,FINAL,6491299
2025-09-13,Framingham St.,Norwich,3,0,FINAL,6491562
2025-09-13,Buena Vista,Westminster (MO),1,3,FINAL,6491597
2025-09-13,Western New Eng.,WPI,1,3,FINAL,6491604
2025-09-13,Endicott,Clarkson,3,0,FINAL,6491811
2025-09-13,Southwestern (TX),Austin,3,1,FINAL,6492023
2025-09-13,Scranton,Salisbury,3,2,FINAL,6492049
2025-09-13,Earlham,Alma,3,0,FINAL,6492078
2025-09-13,Saint Elizabeth,CCNY,3,0,FINAL,6492263
2025-09-13,Mitchell,Simmons,0,3,FINAL,6492290
2025-09-13,Washington Col.,Notre Dame (MD),3,0,FINAL,6492332
2025-09-13,Wentworth,Emerson,3,0,FINAL,6492372
2025-09-13,DeSales,JWU (Providence),0,3,FINAL,6492485
2025-09-13,Coast Guard,DeSales,3,0,FINAL,6492486
2025-09-13,Lake Forest,Benedictine (IL),3,1,FINAL,6492577
2025-09-13,Oglethorpe,Warren Wilson,3,0,FINAL,6492691
2025-09-13,Juniata,Transylvania,3,0,FINAL,6492827
2025-09-13,Mass. Maritime,Nichols,3,1,FINAL,6492857
2025-09-13,Rowan,Catholic,3,0,FINAL,6492894
2025-09-13,Goucher,Wilson,3,1,FINAL,6492940
2025-09-13,Carnegie Mellon,Ithaca,3,1,FINAL,6493123
2025-09-13,Belhaven,McMurry,3,0,FINAL,6493204
2025-09-13,UW-River Falls,Wartburg,3,2,FINAL,6493448
2025-09-13,Manhattanville,Wm. Paterson,0,3,FINAL,6493491
2025-09-13,Maranatha Baptist,Central (IA),0,3,FINAL,6493523
2025-09-13,Ohio Northern,Ohio Wesleyan,2,3,FINAL,6493573
2025-09-13,SUNY Delhi,Utica,0,3,FINAL,6493633
2025-09-13,Rosemont,Valley Forge,0,3,FINAL,6493913
2025-09-13,Stevens,Tufts,0,3,FINAL,6491699
2025-09-13,Greenville,Hendrix,1,3,FINAL,6491966
2025-09-13,Mount Aloysius,N.C. Wesleyan,3,0,FINAL,6488348
2025-09-13,Union (NY),Williams,0,3,FINAL,6488629
2025-09-13,Franklin & Marshall,Wash. & Lee,0,3,FINAL,6488687
2025-09-13,La Verne,UChicago,3,1,FINAL,6488765
2025-09-13,Hartwick,SUNY New Paltz,2,3,FINAL,6488814
2025-09-13,Chatham,La Roche,3,2,FINAL,6489176
2025-09-13,Lynchburg,Pfeiffer,3,0,FINAL,6489433
2025-09-13,St. Norbert,Wis.-Superior,1,3,FINAL,6489594
2025-09-13,Hamilton,St. John Fisher,1,3,FINAL,6489658
2025-09-13,Smith,UMass Dartmouth,3,2,FINAL,6489681
2025-09-13,Augustana (IL),Hamline,1,3,FINAL,6490002
2025-09-13,Cedar Crest,William Peace,0,3,FINAL,6490253
2025-09-13,Cedar Crest,Randolph-Macon,0,3,FINAL,6490256
2025-09-13,Edgewood,St. Olaf,3,0,FINAL,6490351
2025-09-13,CWRU,Marietta,0,3,FINAL,6490445
2025-09-13,Salem St.,Rhode Island Col.,0,3,FINAL,6490648
2025-09-13,DePauw,Otterbein,1,3,FINAL,6490818
2025-09-13,Mary Washington,Marymount (VA),3,0,FINAL,6491376
2025-09-13,Curry,Saint Joseph (CT),0,3,FINAL,6491526
2025-09-13,Macalester,Simpson,0,3,FINAL,6491684
2025-09-13,Coe,Saint Benedict,3,0,FINAL,6491750
2025-09-13,Babson,Bowdoin,1,3,FINAL,6492317
2025-09-13,Bethany (WV),SUNY Oneonta,2,3,FINAL,6492402
2025-09-13,VTSU Lyndon,Anna Maria,0,3,FINAL,6492592
2025-09-13,Trinity (CT),Springfield,2,3,FINAL,6492847
2025-09-13,Albion,Blackburn,3,0,FINAL,6492884
2025-09-13,John Carroll,Wash. & Jeff.,3,0,FINAL,6493027
2025-09-13,Emerson,Rivier,1,3,FINAL,6493259
2025-09-13,Bethel (MN),Illinois Tech,3,0,FINAL,6493551
2025-09-13,Bethany Lutheran,Caltech,3,0,FINAL,6493568
2025-09-13,Wis.-La Crosse,Martin Luther,3,1,FINAL,6493866
2025-09-13,Cornell College,Gustavus Adolphus,1,3,FINAL,6493872
2025-09-13,Hunter,St. Lawrence,1,3,FINAL,6493977
2025-09-13,Alverno,LeTourneau,0,3,FINAL,6491886
2025-09-13,Calvin,Lawrence,3,0,FINAL,6489755
2025-09-13,Swarthmore,Wesleyan (CT),1,3,FINAL,6492247
2025-09-13,North Park,Franklin,3,1,FINAL,6493785
2025-09-13,LaGrange,Texas Lutheran,0,3,FINAL,6488450
2025-09-13,CCNY,King's (PA),0,3,FINAL,6488652
2025-09-13,Penn St.-Behrend,Waynesburg,3,0,FINAL,6489220
2025-09-13,Mount Union,Wilmington (OH),3,1,FINAL,6489229
2025-09-13,Keene St.,WPI,3,2,FINAL,6489306
2025-09-13,Wilkes,Pitt.-Bradford,3,0,FINAL,6489318
2025-09-13,Connecticut Col.,Plymouth St.,1,3,FINAL,6489349
2025-09-13,Buffalo St.,Keuka,3,0,FINAL,6489397
2025-09-13,Norwich,Husson,0,3,FINAL,6489423
2025-09-13,Grinnell,MSOE,3,0,FINAL,6489528
2025-09-13,Dubuque,Saint Mary's (MN),3,0,FINAL,6489598
2025-09-13,Denison,Heidelberg,3,2,FINAL,6489710
2025-09-13,Eastern Conn. St.,U New England,3,2,FINAL,6489887
2025-09-13,WestConn,Hartford,3,1,FINAL,6490103
2025-09-13,Sewanee,Asbury,3,0,FINAL,6490204
2025-09-13,Fredonia,Geneva,0,3,FINAL,6490368
2025-09-13,Emmanuel (MA),SUNY Poly,3,0,FINAL,6490423
2025-09-13,Brooklyn,Elizabethtown,1,3,FINAL,6490729
2025-09-13,Penn St. Harrisburg,Widener,1,3,FINAL,6490748
2025-09-13,Saint Mary's (MN),UW-River Falls,1,3,FINAL,6490803
2025-09-13,SUNY Cobleskill,Hilbert,1,3,FINAL,6490961
2025-09-13,Maine Maritime,Bridgewater St.,3,0,FINAL,6491030
2025-09-13,Bates,Wellesley,3,0,FINAL,6491194
2025-09-13,Bryn Mawr,Delaware Valley,2,3,FINAL,6491285
2025-09-13,Mount Holyoke,SUNY Delhi,3,0,FINAL,6491483
2025-09-13,MIT,Johns Hopkins,0,3,FINAL,6491559
2025-09-13,Lebanon Valley,Catholic,2,3,FINAL,6491717
2025-09-13,Clarkson,Salve Regina,2,3,FINAL,6491824
2025-09-13,Alma,Kenyon,3,1,FINAL,6492080
2025-09-13,Lesley,Rhode Island Col.,0,3,FINAL,6492152
2025-09-13,Nichols,Southern Me.,0,3,FINAL,6492466
2025-09-13,Maryville (TN),Warren Wilson,3,0,FINAL,6492552
2025-09-13,Randolph,Hood,3,1,FINAL,6492676
2025-09-13,Carthage,Colorado Col.,3,0,FINAL,6492911
2025-09-13,Wilson,Centenary (NJ),2,3,FINAL,6492941
2025-09-13,Dallas,Lyon,1,3,FINAL,6493049
2025-09-13,Valley Forge,York (NY),3,1,FINAL,6493081
2025-09-13,Elms,Gordon,0,3,FINAL,6493091
2025-09-13,Dickinson,Wm. Paterson,0,3,FINAL,6493201
2025-09-13,Huntingdon,McMurry,0,3,FINAL,6493205
2025-09-13,Wis.-Eau Claire,Lakeland,3,0,FINAL,6493301
2025-09-13,Benedictine (IL),Elmhurst,0,3,FINAL,6493471
2025-09-13,Ripon,Central (IA),1,3,FINAL,6493524
2025-09-13,Cairn,Lehman,3,0,FINAL,6493736
2025-09-13,Simmons,Regis (MA),1,3,FINAL,6493793
2025-09-13,Trinity Washington,Notre Dame (MD),0,3,FINAL,6493844
2025-09-13,SUNY Geneseo,Wheaton (MA),3,2,FINAL,6495855
2025-09-13,Minn.-Morris,Howard Payne,3,1,FINAL,6493665
2025-09-13,Middlebury,Cortland,1,3,FINAL,6488499
2025-09-13,Wooster,Westminster (PA),1,3,FINAL,6488877
2025-09-13,Mary Hardin-Baylor,Methodist,3,0,FINAL,6490501
2025-09-13,York (PA),William Smith,0,3,FINAL,6491487
2025-09-13,Wittenberg,Baldwin Wallace,3,0,FINAL,6491777
2025-09-13,WashU,Hendrix,3,0,FINAL,6488518
2025-09-13,Hanover,Otterbein,3,2,FINAL,6488606
2025-09-13,SUNY New Paltz,Williams,0,3,FINAL,6488630
2025-09-13,Wheaton (IL),Wis.-Stevens Point,1,3,FINAL,6488749
2025-09-13,Springfield,UMass Boston,3,0,FINAL,6489028
2025-09-13,Concordia-M'head,Wis.-Stout,1,3,FINAL,6489052
2025-09-13,Wis.-Oshkosh,Hope,3,0,FINAL,6489362
2025-09-13,Luther,St. Norbert,1,3,FINAL,6489600
2025-09-13,Clark (MA),St. John Fisher,0,3,FINAL,6489664
2025-09-13,Colby,UMass Dartmouth,3,0,FINAL,6489683
2025-09-13,Trinity (TX),Whitworth,2,3,FINAL,6489920
2025-09-13,Union (NY),Hartwick,3,0,FINAL,6490028
2025-09-13,Loras,St. Olaf,0,3,FINAL,6490349
2025-09-13,Marietta,Mt. St. Joseph,3,1,FINAL,6490446
2025-09-13,VTSU-Johnson,SUNY Potsdam,1,3,FINAL,6491088
2025-09-13,Greensboro,Lynchburg,2,3,FINAL,6491249
2025-09-13,Sarah Lawrence,Saint Joseph (CT),3,0,FINAL,6491525
2025-09-13,Bethany Lutheran,Simpson,3,1,FINAL,6491685
2025-09-13,Tufts,Drew,3,0,FINAL,6491733
2025-09-13,Russell Sage,Bethany (WV),3,0,FINAL,6491869
2025-09-13,Blackburn,Trine,0,3,FINAL,6492106
2025-09-13,Monmouth (IL),St. Scholastica,2,3,FINAL,6492818
2025-09-13,Macalester,Caltech,3,0,FINAL,6492972
2025-09-13,Bowdoin,Brandeis,3,0,FINAL,6492994
2025-09-13,Muskingum,John Carroll,1,3,FINAL,6493028
2025-09-13,Muhlenberg,Hunter,3,0,FINAL,6493538
2025-09-13,Penn College,N.C. Wesleyan,0,3,FINAL,6495787
2025-09-13,East Tex. Baptist,Northwestern-St. Paul,3,0,FINAL,6492528
2025-09-13,Wash. & Lee,Keystone,3,0,FINAL,6488668
2025-09-13,Chapman,Covenant,0,3,FINAL,6490521
2025-09-13,Cornell College,Saint Benedict,1,3,FINAL,6491756
2025-09-13,Marymount (VA),Va. Wesleyan,0,3,FINAL,6492134
2025-09-13,Coe,Gustavus Adolphus,1,3,FINAL,6493873
2025-09-13,Washington Col.,Trinity Washington,3,0,FINAL,6492333
2025-09-13,Wis.-Platteville,Concordia Wisconsin,2,3,FINAL,6488359
2025-09-13,St. Catherine,Wis.-Whitewater,1,3,FINAL,6488421
2025-09-13,Saint Elizabeth,King's (PA),1,3,FINAL,6488653
2025-09-13,Millsaps,Lyon,3,0,FINAL,6488831
2025-09-13,Denison,Rose-Hulman,0,3,FINAL,6488932
2025-09-13,Berea,Oglethorpe,0,3,FINAL,6489005
2025-09-13,Houghton,Waynesburg,3,0,FINAL,6489226
2025-09-13,Western New Eng.,Keene St.,0,3,FINAL,6489308
2025-09-13,Framingham St.,Husson,3,0,FINAL,6489421
2025-09-13,Augustana (IL),MSOE,3,0,FINAL,6489529
2025-09-13,Fitchburg St.,Elms,0,3,FINAL,6489616
2025-09-13,Allegheny,Fredonia,3,0,FINAL,6489733
2025-09-13,Skidmore,Wesleyan (CT),0,3,FINAL,6489839
2025-09-13,Westfield St.,U New England,3,0,FINAL,6489889
2025-09-13,Rochester (NY),SUNY Geneseo,2,3,FINAL,6490223
2025-09-13,Bard,Emmanuel (MA),0,3,FINAL,6490424
2025-09-13,Salem St.,Lesley,3,0,FINAL,6490650
2025-09-13,Rutgers-Newark,Lehman,3,0,FINAL,6490997
2025-09-13,St. Joseph's (ME),Wellesley,1,3,FINAL,6491195
2025-09-13,Penn St.-Berks,New Jersey City,1,3,FINAL,6491215
2025-09-13,Illinois Col.,Kalamazoo,3,1,FINAL,6491274
2025-09-13,NYU,Montclair St.,3,1,FINAL,6491402
2025-09-13,Ripon,Westminster (MO),1,3,FINAL,6491598
2025-09-13,Ithaca,MIT,3,1,FINAL,6491664
2025-09-13,Rowan,Lebanon Valley,3,0,FINAL,6491718
2025-09-13,Merchant Marine,WestConn,0,3,FINAL,6491795
2025-09-13,Endicott,Salve Regina,3,1,FINAL,6491812
2025-09-13,Marywood,Widener,3,0,FINAL,6492043
2025-09-13,Elmira,Pitt.-Bradford,1,3,FINAL,6492167
2025-09-13,Mitchell,Regis (MA),0,3,FINAL,6492291
2025-09-13,Wentworth,Rivier,3,0,FINAL,6492374
2025-09-13,Suffolk,Bridgewater St.,0,3,FINAL,6492434
2025-09-13,Lake Forest,Elmhurst,0,3,FINAL,6492578
2025-09-13,Rutgers-Camden,Delaware Valley,3,0,FINAL,6492891
2025-09-13,Rosemont,York (NY),0,3,FINAL,6493080
2025-09-13,Alvernia,Brooklyn,3,0,FINAL,6493137
2025-09-13,Manhattanville,Dickinson,0,3,FINAL,6493203
2025-09-13,Vassar,Utica,3,0,FINAL,6493213
2025-09-13,Coast Guard,JWU (Providence),3,0,FINAL,6493397
2025-09-13,SUNY Canton,SUNY Cobleskill,3,0,FINAL,6493408
2025-09-13,Bethel (MN),Grinnell,3,0,FINAL,6493552
2025-09-13,Earlham,Heidelberg,3,0,FINAL,6493767
2025-09-13,Goucher,Centenary (NJ),3,0,FINAL,6493820
2025-09-13,Belhaven,Centenary (LA),3,0,FINAL,6493858
2025-09-13,RIT,SUNY Brockport,1,3,FINAL,6496018
2025-09-13,St. Thomas (TX),Southwestern (TX),2,3,FINAL,6488929
2025-09-13,Berry,Emory,3,1,FINAL,6490876
2025-09-13,McDaniel,Mount Aloysius,0,3,FINAL,6488349
2025-09-13,Middlebury,Salisbury,1,3,FINAL,6488501
2025-09-13,Wis.-Oshkosh,UChicago,3,0,FINAL,6488766
2025-09-13,Trinity (CT),UMass Boston,3,0,FINAL,6489029
2025-09-13,North Central (MN),Wis.-Stout,0,3,FINAL,6489053
2025-09-13,Worcester St.,Connecticut Col.,0,3,FINAL,6489351
2025-09-13,Lawrence,Aurora,1,3,FINAL,6489674
2025-09-13,Gettysburg,York (PA),3,0,FINAL,6489807
2025-09-13,Chatham,Lycoming,3,1,FINAL,6490582
2025-09-13,Wis.-La Crosse,Wis.-Superior,3,1,FINAL,6490610
2025-09-13,VTSU-Johnson,SUNY Potsdam,1,3,FINAL,6491089
2025-09-13,Bridgewater (VA),Greensboro,3,0,FINAL,6491317
2025-09-13,Hamilton,SUNY Morrisville,3,0,FINAL,6491425
2025-09-13,Babson,Colby,2,3,FINAL,6492220
2025-09-13,Ohio Wesleyan,Transylvania,0,3,FINAL,6492828
2025-09-13,Smith,Brandeis,3,1,FINAL,6492997
2025-09-13,Juniata,Ohio Northern,3,1,FINAL,6493726
2025-09-13,Cal Lutheran,Linfield,3,0,FINAL,6493750
2025-09-13,WashU,Greenville,3,0,FINAL,6488520
2025-09-13,Wheaton (IL),Concordia Chicago,3,2,FINAL,6488751
2025-09-13,Stevens,Drew,3,0,FINAL,6491700
2025-09-13,Alverno,Hardin-Simmons,1,3,FINAL,6491754
2025-09-13,Carthage,Concordia Wisconsin,3,0,FINAL,6488361
2025-09-13,Franklin & Marshall,Keystone,3,0,FINAL,6488669
2025-09-13,Maryville (TN),Berea,3,0,FINAL,6489006
2025-09-13,Mary Washington,Va. Wesleyan,0,3,FINAL,6491377
2025-09-13,Carnegie Mellon,Johns Hopkins,3,2,FINAL,6491561
2025-09-13,Puget Sound,Redlands,3,1,FINAL,6491835
2025-09-13,North Central (IL),Rhodes,3,1,FINAL,6492083
2025-09-13,Carleton,Lakeland,0,3,FINAL,6493302
2025-09-13,Huntingdon,Centenary (LA),3,0,FINAL,6493923
2025-09-13,Swarthmore,Susquehanna,3,0,FINAL,6491145
2025-09-13,North Park,Illinois Col.,3,1,FINAL,6493970
2025-09-13,Howard Payne,Austin,3,1,FINAL,6496447
2025-09-13,Dean,Colby-Sawyer,0,3,FINAL,6489441
2025-09-13,Concordia-M'head,North Central (MN),3,0,FINAL,6492022
2025-09-13,Trinity (TX),East Tex. Baptist,1,3,FINAL,6492534
2025-09-13,Scranton,Cortland,3,1,FINAL,6490594
2025-09-13,Mary Hardin-Baylor,LeTourneau,3,0,FINAL,6491887
2025-09-13,Claremont-M-S,UC Santa Cruz,3,1,FINAL,6493319
2025-09-13,Wis.-Eau Claire,Carleton,3,0,FINAL,6493425
2025-09-13,Chapman,Linfield,0,3,FINAL,6492717
2025-09-13,Cal Lutheran,UC Santa Cruz,3,0,FINAL,6493526
2025-09-14,Yeshiva,Mt. St. Mary (NY),0,3,FINAL,6493447
2025-09-15,Moravian,Penn St.-Berks,3,0,FINAL,6490528
2025-09-15,Old Westbury,Yeshiva,3,1,FINAL,6493399
2025-09-16,Fredonia,Pitt.-Bradford,1,3,FINAL,6493730
2025-09-16,Plymouth St.,St. Joseph's (ME),3,0,FINAL,6491300
2025-09-16,Haverford,Eastern,3,0,FINAL,6491852
2025-09-16,Farmingdale St.,FDU-Florham,1,3,FINAL,6488547
2025-09-16,Elmira,Keystone,2,3,FINAL,6488670
2025-09-16,MCLA,New England Col.,3,0,FINAL,6489150
2025-09-16,Pfeiffer,Salem (NC),0,3,FINAL,6489434
2025-09-16,Rochester (NY),Nazareth,3,0,FINAL,6490226
2025-09-16,Wellesley,Gordon,1,3,FINAL,6491196
2025-09-16,Framingham St.,Suffolk,2,3,FINAL,6491565
2025-09-16,Endicott,Springfield,0,3,FINAL,6491813
2025-09-16,Bethany (WV),Wash. & Jeff.,3,0,FINAL,6492802
2025-09-16,Medgar Evers,John Jay,0,3,FINAL,6493063
2025-09-16,York (NY),Brooklyn,0,3,FINAL,6493082
2025-09-16,Mary Baldwin,Sweet Briar,3,0,FINAL,6493183
2025-09-16,Nichols,Coast Guard,0,3,FINAL,6493365
2025-09-16,Lehman,Hunter,0,3,FINAL,6493737
2025-09-16,Trinity (CT),WestConn,3,1,FINAL,6496213
2025-09-16,Roanoke,Hollins,3,0,FINAL,6489090
2025-09-16,Kalamazoo,Olivet,3,1,FINAL,6491237
2025-09-16,La Roche,Mount Aloysius,0,3,FINAL,6488351
2025-09-16,SUNY Maritime,New Jersey City,0,3,FINAL,6488476
2025-09-16,St. Mary's (IN),Franklin,3,1,FINAL,6489180
2025-09-16,Wilkes,Penn College,3,1,FINAL,6489321
2025-09-16,Dean,Emerson,1,3,FINAL,6489442
2025-09-16,Marietta,Denison,3,0,FINAL,6489713
2025-09-16,U New England,Salem St.,3,0,FINAL,6489895
2025-09-16,Cedar Crest,Marywood,1,3,FINAL,6490259
2025-09-16,Hartford,Clark (MA),1,3,FINAL,6490314
2025-09-16,Lycoming,Penn St.-Altoona,3,1,FINAL,6490586
2025-09-16,Penn St. Harrisburg,Alvernia,3,0,FINAL,6490785
2025-09-16,Gallaudet,Hood,3,0,FINAL,6490909
2025-09-16,CCNY,Baruch,0,3,FINAL,6491113
2025-09-16,Mt. St. Mary (NY),Bard,3,0,FINAL,6491272
2025-09-16,Hiram,Grove City,3,1,FINAL,6491838
2025-09-16,Sewanee,Wesleyan (GA),3,0,FINAL,6492001
2025-09-16,Mass. Maritime,Lesley,3,0,FINAL,6492153
2025-09-16,Ramapo,Centenary (NJ),3,0,FINAL,6492215
2025-09-16,Swarthmore,Wm. Paterson,2,3,FINAL,6492248
2025-09-16,Purchase,Saint Elizabeth,0,3,FINAL,6492270
2025-09-16,Lancaster Bible,York (PA),1,3,FINAL,6492334
2025-09-16,Centenary (LA),East Tex. Baptist,0,3,FINAL,6492538
2025-09-16,McDaniel,Wilson,3,0,FINAL,6492942
2025-09-16,WPI,Worcester St.,3,0,FINAL,6493094
2025-09-16,Lyon,Ozarks (AR),3,1,FINAL,6493760
2025-09-16,Earlham,Ohio Northern,3,0,FINAL,6493796
2025-09-16,Houghton,Hilbert,0,3,FINAL,6493821
2025-09-16,SUNY Delhi,SUNY Poly,0,3,FINAL,6493847
2025-09-16,Rhodes,Belhaven,3,0,FINAL,6492874
2025-09-16,Westminster (MO),Knox,3,0,FINAL,6488905
2025-09-16,Edgewood,Dubuque,3,0,FINAL,6490313
2025-09-16,Beloit,Loras,0,3,FINAL,6492506
2025-09-16,Pacific (OR),Linfield,0,3,FINAL,6493589
2025-09-17,Muhlenberg,King's (PA),3,0,FINAL,6488654
2025-09-17,Keene St.,Rivier,1,3,FINAL,6489310
2025-09-17,Connecticut Col.,Eastern Conn. St.,3,0,FINAL,6489352
2025-09-17,Fitchburg St.,Emmanuel (MA),0,3,FINAL,6489854
2025-09-17,Stevenson,Catholic,3,1,FINAL,6490840
2025-09-17,SUNY Oneonta,Hartwick,1,3,FINAL,6490847
2025-09-17,Westfield St.,Western New Eng.,3,1,FINAL,6491161
2025-09-17,Shenandoah,Va. Wesleyan,0,3,FINAL,6492118
2025-09-17,Lasell,Wentworth,3,2,FINAL,6492375
2025-09-17,Regis (MA),Salve Regina,3,0,FINAL,6493134
2025-09-17,Russell Sage,SUNY Cobleskill,3,0,FINAL,6493295
2025-09-17,Pitt.-Greensburg,Bethany (WV),0,3,FINAL,6493946
2025-09-17,N.C. Wesleyan,Meredith,0,3,FINAL,6495981
2025-09-17,Manchester,Trine,3,0,FINAL,6491096
2025-09-17,Randolph,Lynchburg,0,3,FINAL,6491250
2025-09-17,Hanover,Wilmington (OH),3,1,FINAL,6488607
2025-09-17,MUW,Millsaps,1,3,FINAL,6488833
2025-09-17,DePauw,Rose-Hulman,3,0,FINAL,6488933
2025-09-17,Thiel,Westminster (PA),3,0,FINAL,6488948
2025-09-17,Berea,Centre,0,3,FINAL,6489007
2025-09-17,Mount Holyoke,UMass Boston,1,3,FINAL,6489030
2025-09-17,Geneva,La Roche,2,3,FINAL,6489181
2025-09-17,Waynesburg,Chatham,0,3,FINAL,6489228
2025-09-17,JWU (Providence),UMass Dartmouth,3,1,FINAL,6489687
2025-09-17,Warren Wilson,Brevard,0,3,FINAL,6489816
2025-09-17,Utica,Union (NY),0,3,FINAL,6490030
2025-09-17,Asbury,Transylvania,0,3,FINAL,6490205
2025-09-17,CWRU,Oberlin,3,0,FINAL,6490487
2025-09-17,Greensboro,Methodist,3,1,FINAL,6490507
2025-09-17,DeSales,Moravian,3,2,FINAL,6490525
2025-09-17,Elizabethtown,Haverford,0,3,FINAL,6490735
2025-09-17,Neumann,Washington Col.,1,3,FINAL,6490764
2025-09-17,Susquehanna,Dickinson,0,3,FINAL,6491146
2025-09-17,Penn St.-Berks,Lebanon Valley,0,3,FINAL,6491216
2025-09-17,Bridgewater (VA),Mary Washington,3,0,FINAL,6491378
2025-09-17,Olivet,Anderson (IN),3,1,FINAL,6491629
2025-09-17,Drew,Merchant Marine,0,3,FINAL,6491796
2025-09-17,Misericordia,Widener,3,0,FINAL,6492044
2025-09-17,Salisbury,St. Mary's (MD),3,0,FINAL,6492050
2025-09-17,Delaware Valley,Cairn,0,3,FINAL,6492443
2025-09-17,Arcadia,Goucher,3,0,FINAL,6492731
2025-09-17,St. Joseph's (Brkln),Yeshiva,3,0,FINAL,6492754
2025-09-17,Eureka,Concordia Chicago,1,3,FINAL,6492793
2025-09-17,John Carroll,Heidelberg,2,3,FINAL,6493029
2025-09-17,Saint Vincent,Franciscan,3,0,FINAL,6493107
2025-09-17,Elmhurst,North Park,2,3,FINAL,6493472
2025-09-17,Muskingum,Kenyon,3,0,FINAL,6493485
2025-09-17,St. Norbert,Wis. Lutheran,3,0,FINAL,6489774
2025-09-17,Wheaton (IL),Ill. Wesleyan,0,3,FINAL,6488752
2025-09-17,Wis.-Stout,Wis.-Oshkosh,0,3,FINAL,6489054
2025-09-17,Wis.-La Crosse,Wis.-Platteville,2,3,FINAL,6490301
2025-09-17,Simpson,Grinnell,3,1,FINAL,6491686
2025-09-17,Saint Benedict,Wis.-Eau Claire,1,3,FINAL,6491761
2025-09-17,North Central (IL),Carroll (WI),3,2,FINAL,6492085
2025-09-17,Bethany Lutheran,Buena Vista,3,1,FINAL,6493490
2025-09-18,SUNY Maritime,John Jay,0,3,FINAL,6488477
2025-09-18,Coast Guard,Roger Williams,3,1,FINAL,6489602
2025-09-18,Saint Joseph (CT),Hartford,0,3,FINAL,6490332
2025-09-18,Salem St.,Gordon,0,3,FINAL,6490653
2025-09-18,Brooklyn,Old Westbury,3,0,FINAL,6491011
2025-09-18,Rhode Island Col.,Mitchell,3,0,FINAL,6492292
2025-09-18,Salem (NC),Warren Wilson,3,0,FINAL,6492695
2025-09-18,Carnegie Mellon,Hope,0,3,FINAL,6493182
2025-09-18,UMSV,Medgar Evers,3,0,FINAL,6493385
2025-09-18,Mount Aloysius,Wilson,3,0,FINAL,6488356
2025-09-18,FDU-Florham,Bard,3,1,FINAL,6488548
2025-09-18,Pratt,Farmingdale St.,0,3,FINAL,6489274
2025-09-18,Albright,Wilkes,1,3,FINAL,6489322
2025-09-18,Moravian,Immaculata,3,1,FINAL,6489908
2025-09-18,Stockton,Cedar Crest,3,0,FINAL,6490262
2025-09-18,York (PA),Penn St.-Altoona,3,0,FINAL,6490890
2025-09-18,Penn St.-Abington,Saint Elizabeth,3,0,FINAL,6492271
2025-09-18,Hood,Lancaster Bible,0,3,FINAL,6492335
2025-09-18,Suffolk,Southern Me.,3,0,FINAL,6492435
2025-09-18,Mass. Maritime,Curry,1,3,FINAL,6492858
2025-09-18,Purchase,CCNY,0,3,FINAL,6493558
2025-09-18,Albertus Magnus,Anna Maria,3,1,FINAL,6493702
2025-09-18,Rosemont,Centenary (NJ),0,3,FINAL,6493914
2025-09-18,Greenville,Concordia Wisconsin,3,1,FINAL,6488362
2025-09-18,Benedictine (IL),North Park,0,3,FINAL,6493971
2025-09-18,Maranatha Baptist,Alverno,0,3,FINAL,6495741
2025-09-19,Simpson,Webster,3,2,FINAL,6491687
2025-09-19,Muskingum,Pomona-Pitzer,1,3,FINAL,6493862
2025-09-19,Ohio Northern,Wooster,3,0,FINAL,6488878
2025-09-19,Albion,Bluffton,3,1,FINAL,6489495
2025-09-19,Aurora,Olivet,3,0,FINAL,6489676
2025-09-19,Gallaudet,Franklin & Marshall,0,3,FINAL,6490470
2025-09-19,Oswego St.,SUNY Brockport,3,0,FINAL,6491971
2025-09-19,Utica,SUNY Canton,1,3,FINAL,6493411
2025-09-19,Stevens,Sarah Lawrence,3,0,FINAL,6491701
2025-09-19,Maryville (TN),Pomona-Pitzer,0,3,FINAL,6492558
2025-09-19,Texas Lutheran,Colorado Col.,0,3,FINAL,6488451
2025-09-19,Kean,Alfred,3,0,FINAL,6488572
2025-09-19,Albion,Wooster,3,0,FINAL,6488879
2025-09-19,Norwich,New England Col.,0,3,FINAL,6489938
2025-09-19,Wis.-Superior,Concordia-M'head,3,1,FINAL,6490614
2025-09-19,Mary Washington,Whittier,0,3,FINAL,6491379
2025-09-19,Muhlenberg,William Smith,0,3,FINAL,6491488
2025-09-19,Lawrence,Olivet,3,0,FINAL,6491630
2025-09-19,Alma,Bluffton,0,3,FINAL,6492081
2025-09-19,WestConn,Keuka,3,0,FINAL,6492210
2025-09-19,Swarthmore,Smith,1,3,FINAL,6492249
2025-09-19,Hope,UC Santa Cruz,3,0,FINAL,6493248
2025-09-19,Pitt.-Bradford,Utica,3,2,FINAL,6496527
2025-09-19,Gettysburg,Oberlin,3,0,FINAL,6489810
2025-09-19,Alfred St.,SUNY Geneseo,0,3,FINAL,6490389
2025-09-19,Johns Hopkins,Nazareth,3,0,FINAL,6491564
2025-09-19,Scranton,Eastern,3,2,FINAL,6492026
2025-09-19,SUNY Oneonta,Sarah Lawrence,3,1,FINAL,6492403
2025-09-19,Maryville (TN),Muskingum,1,3,FINAL,6492560
2025-09-19,Cornell College,Heidelberg,3,2,FINAL,6493768
2025-09-19,Ill. Wesleyan,Wittenberg,3,0,FINAL,6491778
2025-09-19,Alfred,Salisbury,0,3,FINAL,6488575
2025-09-19,St. Olaf,UChicago,3,2,FINAL,6488767
2025-09-19,St. Scholastica,Wis.-Stout,1,3,FINAL,6489055
2025-09-19,Averett,Randolph-Macon,0,3,FINAL,6489125
2025-09-19,MCLA,SUNY Delhi,3,0,FINAL,6489151
2025-09-19,Wash. & Jeff.,Waynesburg,3,0,FINAL,6489231
2025-09-19,Whittier,Mount Union,3,0,FINAL,6489241
2025-09-19,Franklin,Wilmington (OH),3,0,FINAL,6489523
2025-09-19,St. John Fisher,Fredonia,3,0,FINAL,6489668
2025-09-19,Guilford,Va. Wesleyan,1,3,FINAL,6489928
2025-09-19,Franklin & Marshall,Mary Washington,3,0,FINAL,6490473
2025-09-19,Clarkson,VTSU Castleton,3,0,FINAL,6491825
2025-09-19,Lasell,Babson,0,3,FINAL,6492318
2025-09-19,Gwynedd Mercy,Wentworth,0,3,FINAL,6492377
2025-09-19,Lehman,St. Joseph's (Brkln),0,3,FINAL,6492756
2025-09-19,Carnegie Mellon,Muhlenberg,3,0,FINAL,6493184
2025-09-19,Minn.-Morris,Wartburg,0,3,FINAL,6493450
2025-09-19,Drew,Hunter,3,2,FINAL,6493824
2025-09-19,Oswego St.,Keuka,3,0,FINAL,6496456
2025-09-19,SUNY Brockport,WestConn,0,3,FINAL,6496577
2025-09-19,Knox,Augsburg,0,3,FINAL,6488906
2025-09-19,Randolph,Wash. & Lee,0,3,FINAL,6488689
2025-09-19,East. Mennonite,Hollins,3,0,FINAL,6489077
2025-09-19,Elmhurst,Aurora,2,3,FINAL,6489677
2025-09-19,Otterbein,Denison,3,0,FINAL,6489717
2025-09-19,Ithaca,NYU,3,1,FINAL,6491404
2025-09-19,Kenyon,Neb. Wesleyan,0,3,FINAL,6492921
2025-09-19,Connecticut Col.,Middlebury,1,3,FINAL,6488503
2025-09-19,Trinity (CT),Williams,0,3,FINAL,6488631
2025-09-19,Trine,Wheaton (IL),1,3,FINAL,6488753
2025-09-19,Capital,Ohio Wesleyan,2,3,FINAL,6489098
2025-09-19,Buffalo St.,Baldwin Wallace,1,3,FINAL,6489399
2025-09-19,Juniata,Chris. Newport,3,1,FINAL,6489474
2025-09-19,Allegheny,Hiram,0,3,FINAL,6489735
2025-09-19,Wesleyan (CT),Colby,3,1,FINAL,6489843
2025-09-19,Amherst,Bates,3,1,FINAL,6490178
2025-09-19,Messiah,Cortland,1,3,FINAL,6490598
2025-09-19,Ohio Northern,CWRU,1,3,FINAL,6490661
2025-09-19,Penn St.-Berks,Alvernia,0,3,FINAL,6491217
2025-09-19,Lynchburg,Bridgewater (VA),3,1,FINAL,6491251
2025-09-19,Concordia (TX),St. Thomas (TX),1,3,FINAL,6491504
2025-09-19,MIT,Bowdoin,3,0,FINAL,6491665
2025-09-19,Hamilton,Tufts,1,3,FINAL,6491734
2025-09-19,Howard Payne,Hardin-Simmons,0,3,FINAL,6491755
2025-09-19,Mary Hardin-Baylor,East Tex. Baptist,0,3,FINAL,6491910
2025-09-19,North Central (MN),Crown (MN),3,1,FINAL,6491930
2025-09-19,Alma,Millikin,1,3,FINAL,6492084
2025-09-19,Shenandoah,Roanoke,3,0,FINAL,6492119
2025-09-19,Marian (WI),Ripon,1,3,FINAL,6488727
2025-09-19,Calvin,Cornell College,3,0,FINAL,6489757
2025-09-19,Rowan,Union (NY),3,0,FINAL,6490033
2025-09-19,Transylvania,Marietta,3,0,FINAL,6490447
2025-09-19,Westminster (MO),Spalding,2,3,FINAL,6491049
2025-09-19,Stevens,Springfield,0,3,FINAL,6491702
2025-09-19,Wis.-Eau Claire,Wis.-Whitewater,3,2,FINAL,6488422
2025-09-19,Coe,Rose-Hulman,3,1,FINAL,6488936
2025-09-19,Dominican (IL),St. Mary's (IN),0,3,FINAL,6489182
2025-09-19,Mount Union,UC Santa Cruz,2,3,FINAL,6489245
2025-09-19,Kalamazoo,Wilmington (OH),3,0,FINAL,6489527
2025-09-19,Wis.-Superior,Augsburg,3,1,FINAL,6490126
2025-09-19,Dubuque,Gustavus Adolphus,0,3,FINAL,6490316
2025-09-19,Wis.-Stevens Point,UW-River Falls,3,1,FINAL,6490805
2025-09-19,Gallaudet,Hope,0,3,FINAL,6490910
2025-09-19,Kean,Hunter,3,1,FINAL,6490933
2025-09-19,Drew,Salisbury,0,3,FINAL,6492051
2025-09-19,North Central (IL),Loras,3,0,FINAL,6492086
2025-09-19,Concordia Chicago,Lake Forest,2,3,FINAL,6492579
2025-09-19,Carthage,Augustana (IL),3,0,FINAL,6492913
2025-09-19,SUNY Canton,Pitt.-Bradford,1,3,FINAL,6493413
2025-09-19,Carleton,Minn.-Morris,2,3,FINAL,6493426
2025-09-19,Wis.-Stout,Knox,3,0,FINAL,6488907
2025-09-19,Illinois Col.,Neb. Wesleyan,0,3,FINAL,6492923
2025-09-19,Whitworth,Pacific (OR),3,0,FINAL,6489923
2025-09-19,Pacific Lutheran,Lewis & Clark,3,0,FINAL,6490161
2025-09-19,Puget Sound,George Fox,3,1,FINAL,6490972
2025-09-19,Whitman,Willamette,3,2,FINAL,6491451
2025-09-20,Heidelberg,North Park,2,3,FINAL,6493769
2025-09-20,Mount Union,Mary Washington,3,1,FINAL,6489251
2025-09-20,Franklin & Marshall,Hope,1,3,FINAL,6490475
2025-09-20,Brandeis,Endicott,3,1,FINAL,6491814
2025-09-20,Brooklyn,St. Joseph's (Brkln),1,3,FINAL,6492768
2025-09-20,Oswego St.,WestConn,2,3,FINAL,6493145
2025-09-20,SUNY Canton,SUNY Brockport,1,3,FINAL,6493415
2025-09-20,Ithaca,Swarthmore,3,1,FINAL,6492250
2025-09-20,WashU,Concordia Wisconsin,3,1,FINAL,6488366
2025-09-20,Skidmore,Plattsburgh St.,3,0,FINAL,6488398
2025-09-20,Lynchburg,Wash. & Lee,3,2,FINAL,6488690
2025-09-20,Wheaton (IL),Wilmington (OH),3,0,FINAL,6488754
2025-09-20,UChicago,Macalester,1,3,FINAL,6488768
2025-09-20,Oglethorpe,Millsaps,2,3,FINAL,6488839
2025-09-20,Knox,Concordia-M'head,0,3,FINAL,6488908
2025-09-20,Ill. Wesleyan,Rose-Hulman,3,0,FINAL,6488940
2025-09-20,Westminster (PA),Geneva,3,0,FINAL,6488949
2025-09-20,Wis.-Superior,Wis.-Stout,1,3,FINAL,6489056
2025-09-20,Shenandoah,Hollins,3,1,FINAL,6489078
2025-09-20,Averett,Va. Wesleyan,1,3,FINAL,6489126
2025-09-20,Lancaster Bible,Wilkes,3,0,FINAL,6489324
2025-09-20,Wis.-Oshkosh,St. Catherine,3,0,FINAL,6489365
2025-09-20,Southern Va.,Pfeiffer,3,0,FINAL,6489440
2025-09-20,Guilford,Randolph-Macon,2,3,FINAL,6489937
2025-09-20,Ursinus,Cedar Crest,3,0,FINAL,6490265
2025-09-20,Emmanuel (MA),Albertus Magnus,3,0,FINAL,6490425
2025-09-20,Messiah,Oberlin,3,2,FINAL,6490490
2025-09-20,Arcadia,Moravian,3,2,FINAL,6490529
2025-09-20,Lycoming,Delaware Valley,3,0,FINAL,6490590
2025-09-20,CWRU,Millikin,1,3,FINAL,6490662
2025-09-20,Wilson,Elizabethtown,0,3,FINAL,6490736
2025-09-20,Widener,Neumann,3,0,FINAL,6490765
2025-09-20,Hartwick,SUNY Cobleskill,3,0,FINAL,6490849
2025-09-20,Kean,Salisbury,3,1,FINAL,6490934
2025-09-20,Elmira,Hilbert,0,3,FINAL,6490962
2025-09-20,Baldwin Wallace,Penn St.-Behrend,2,3,FINAL,6490990
2025-09-20,Webster,MUW,3,1,FINAL,6491135
2025-09-20,Nichols,Westfield St.,2,3,FINAL,6491165
2025-09-20,Penn St.-Berks,Penn St.-Abington,0,3,FINAL,6491219
2025-09-20,Mount Holyoke,Simmons,3,2,FINAL,6491464
2025-09-20,William Smith,John Carroll,3,0,FINAL,6491489
2025-09-20,Colby-Sawyer,Saint Joseph (CT),3,0,FINAL,6491527
2025-09-20,Curry,Framingham St.,0,3,FINAL,6491567
2025-09-20,Westminster (MO),Lyon,3,1,FINAL,6491599
2025-09-20,Elmhurst,Olivet,1,3,FINAL,6491631
2025-09-20,St. Lawrence,VTSU Castleton,3,1,FINAL,6492198
2025-09-20,John Jay,Ramapo,3,0,FINAL,6492219
2025-09-20,Washington Col.,Rutgers-Camden,3,2,FINAL,6492336
2025-09-20,Suffolk,Rhode Island Col.,3,2,FINAL,6492436
2025-09-20,St. Mary's (MD),Marymount (VA),1,3,FINAL,6492646
2025-09-20,Randolph,Bridgewater (VA),0,3,FINAL,6492659
2025-09-20,Wis. Lutheran,Ripon,3,1,FINAL,6492690
2025-09-20,Ohio Wesleyan,Otterbein,0,3,FINAL,6492749
2025-09-20,Franciscan,Bethany (WV),3,0,FINAL,6492804
2025-09-20,Transylvania,Pomona-Pitzer,3,0,FINAL,6492829
2025-09-20,Ohio Northern,Albion,2,3,FINAL,6492885
2025-09-20,Illinois Col.,Neb. Wesleyan,1,3,FINAL,6492927
2025-09-20,Salve Regina,Me.-Presque Isle,3,0,FINAL,6492951
2025-09-20,Southern Va.,William Peace,3,1,FINAL,6492961
2025-09-20,Monmouth (IL),Kenyon,3,2,FINAL,6492998
2025-09-20,Regis (MA),Emerson,2,3,FINAL,6493262
2025-09-20,Scranton,Rowan,3,2,FINAL,6493338
2025-09-20,Gustavus Adolphus,Wartburg,3,1,FINAL,6493451
2025-09-20,Juniata,Nazareth,3,0,FINAL,6493614
2025-09-20,Wheaton (MA),Gordon,3,0,FINAL,6495856
2025-09-20,Fredonia,SUNY Geneseo,3,2,FINAL,6495924
2025-09-20,SUNY Oneonta,Springfield,0,3,FINAL,6492405
2025-09-20,Catholic,Mount Aloysius,3,2,FINAL,6488358
2025-09-20,DePauw,Hanover,3,1,FINAL,6488608
2025-09-20,King's (PA),Keystone,3,0,FINAL,6488671
2025-09-20,Misericordia,SUNY New Paltz,3,2,FINAL,6488815
2025-09-20,Denison,Capital,3,0,FINAL,6489099
2025-09-20,Endicott,UMass Dartmouth,1,3,FINAL,6489698
2025-09-20,Methodist,Brevard,3,0,FINAL,6489820
2025-09-20,Montclair St.,Saint Elizabeth,3,1,FINAL,6490064
2025-09-20,Anderson (IN),Asbury,1,3,FINAL,6490206
2025-09-20,VTSU-Johnson,Salem St.,0,3,FINAL,6490655
2025-09-20,Penn St. Harrisburg,Pitt.-Greensburg,3,0,FINAL,6490783
2025-09-20,Carroll (WI),UW-River Falls,3,1,FINAL,6490807
2025-09-20,Gallaudet,UC Santa Cruz,3,2,FINAL,6490911
2025-09-20,Maine Maritime,VTSU Lyndon,3,0,FINAL,6491031
2025-09-20,Baruch,Purchase,3,0,FINAL,6491114
2025-09-20,Susquehanna,York (PA),3,0,FINAL,6491148
2025-09-20,Plymouth St.,Bridgewater St.,3,0,FINAL,6491301
2025-09-20,Trinity (TX),Berry,3,0,FINAL,6491337
2025-09-20,Eastern Conn. St.,JWU (Providence),2,3,FINAL,6491650
2025-09-20,Hunter,Salisbury,0,3,FINAL,6492052
2025-09-20,Franklin,Trine,2,3,FINAL,6492108
2025-09-20,Pitt.-Bradford,Keuka,3,0,FINAL,6492218
2025-09-20,Southern Me.,Mt. St. Mary (NY),2,3,FINAL,6492470
2025-09-20,Beloit,Grinnell,0,3,FINAL,6492508
2025-09-20,Maranatha Baptist,North Central (MN),1,3,FINAL,6492716
2025-09-20,McDaniel,St. Joseph's (Brkln),2,3,FINAL,6492769
2025-09-20,Earlham,Kalamazoo,3,1,FINAL,6492845
2025-09-20,St. Joseph's (L.I.),York (NY),3,0,FINAL,6493083
2025-09-20,Bethel (MN),Lakeland,3,1,FINAL,6493308
2025-09-20,Chatham,Saint Vincent,3,0,FINAL,6493542
2025-09-20,Salem (NC),N.C. Wesleyan,3,0,FINAL,6493598
2025-09-20,East. Mennonite,Roanoke,1,3,FINAL,6493624
2025-09-20,Utica,WestConn,0,3,FINAL,6493635
2025-09-20,UMSV,CCNY,3,2,FINAL,6496545
2025-09-20,Smith,NYU,0,3,FINAL,6491405
2025-09-20,Manhattanville,Plattsburgh St.,3,1,FINAL,6488399
2025-09-20,Elizabethtown,FDU-Florham,3,1,FINAL,6488550
2025-09-20,Alfred,Drew,3,0,FINAL,6488577
2025-09-20,Carleton,UChicago,0,3,FINAL,6488769
2025-09-20,St. Scholastica,Knox,3,0,FINAL,6488909
2025-09-20,Colby-Sawyer,UMass Boston,0,3,FINAL,6489031
2025-09-20,Gordon,Keene St.,3,1,FINAL,6489314
2025-09-20,Rutgers-Newark,Wilkes,1,3,FINAL,6489325
2025-09-20,Rutgers-Newark,Wilkes,1,3,FINAL,6489325
2025-09-20,Buffalo St.,Alfred St.,3,0,FINAL,6489400
2025-09-20,Pfeiffer,William Peace,3,2,FINAL,6489447
2025-09-20,Emerson,Husson,3,0,FINAL,6489520
2025-09-20,Roger Williams,Wellesley,1,3,FINAL,6489603
2025-09-20,Martin Luther,Saint Mary's (MN),0,3,FINAL,6489606
2025-09-20,Baldwin Wallace,St. John Fisher,0,3,FINAL,6489670
2025-09-20,Gettysburg,Cortland,1,3,FINAL,6489812
2025-09-20,Fitchburg St.,Simmons,0,3,FINAL,6489857
2025-09-20,Babson,U New England,3,1,FINAL,6489901
2025-09-20,Johns Hopkins,Chris. Newport,3,0,FINAL,6490187
2025-09-20,Cedar Crest,Goucher,3,0,FINAL,6490268
2025-09-20,St. Olaf,Wartburg,3,0,FINAL,6490354
2025-09-20,Moravian,Wentworth,0,3,FINAL,6490531
2025-09-20,Haverford,Stevenson,3,1,FINAL,6490841
2025-09-20,Elmira,Hilbert,1,3,FINAL,6490963
2025-09-20,Old Westbury,Ramapo,0,3,FINAL,6491013
2025-09-20,Bethany Lutheran,Luther,3,0,FINAL,6491027
2025-09-20,VTSU Castleton,SUNY Potsdam,1,3,FINAL,6491075
2025-09-20,Blackburn,MUW,1,3,FINAL,6491136
2025-09-20,Westfield St.,SUNY Delhi,3,0,FINAL,6491167
2025-09-20,Meredith,Greensboro,1,3,FINAL,6491319
2025-09-20,Cairn,Bryn Mawr,3,0,FINAL,6491357
2025-09-20,Framingham St.,Thomas (ME),3,1,FINAL,6491566
2025-09-20,Rutgers-Camden,Lebanon Valley,1,3,FINAL,6491719
2025-09-20,Wittenberg,Coe,2,3,FINAL,6491780
2025-09-20,Albertus Magnus,Lesley,3,0,FINAL,6492154
2025-09-20,Delaware Valley,Albright,3,2,FINAL,6492264
2025-09-20,Penn St.-Abington,Marywood,0,3,FINAL,6492460
2025-09-20,Hendrix,Austin,3,2,FINAL,6492530
2025-09-20,Hood,Marymount (VA),2,3,FINAL,6492647
2025-09-20,Monmouth (IL),Neb. Wesleyan,2,3,FINAL,6492929
2025-09-20,Salve Regina,Me.-Presque Isle,3,0,FINAL,6492952
2025-09-20,Muhlenberg,John Carroll,0,3,FINAL,6493030
2025-09-20,Rhode Island Col.,Worcester St.,0,3,FINAL,6493095
2025-09-20,Augustana (IL),Ripon,3,0,FINAL,6493346
2025-09-20,Kenyon,Central (IA),0,3,FINAL,6493495
2025-09-20,Concordia (TX),Colorado Col.,1,3,FINAL,6493641
2025-09-20,Neumann,RIT,3,2,FINAL,6493677
2025-09-20,Illinois Tech,Edgewood,1,3,FINAL,6493693
2025-09-20,Belhaven,LaGrange,2,3,FINAL,6493859
2025-09-20,Grove City,Thiel,1,3,FINAL,6496083
2025-09-20,Hartford,Coast Guard,0,3,FINAL,6496593
2025-09-20,Concordia-M'head,Wis.-Stout,0,3,FINAL,6493469
2025-09-20,Concordia Wisconsin,Simpson,1,3,FINAL,6488369
2025-09-20,Saint Joseph (CT),UMass Boston,0,3,FINAL,6489032
2025-09-20,Aurora,Manchester,2,3,FINAL,6489684
2025-09-20,Eastern,Union (NY),3,0,FINAL,6490036
2025-09-20,Northwestern-St. Paul,St. Catherine,3,0,FINAL,6490715
2025-09-20,Stevens,SUNY Oneonta,3,0,FINAL,6491703
2025-09-20,Transylvania,Muskingum,3,0,FINAL,6492830
2025-09-20,Clarkson,SUNY Cobleskill,3,0,FINAL,6493456
2025-09-20,Dickinson,Mount Aloysius,3,0,FINAL,6488360
2025-09-20,Trinity (CT),Middlebury,1,3,FINAL,6488505
2025-09-20,Connecticut Col.,Williams,2,3,FINAL,6488632
2025-09-20,Keystone,Immaculata,0,3,FINAL,6488672
2025-09-20,SUNY New Paltz,Wm. Paterson,0,3,FINAL,6488816
2025-09-20,Bluffton,Capital,3,1,FINAL,6489100
2025-09-20,Grinnell,St. Mary's (IN),2,3,FINAL,6489183
2025-09-20,Franklin & Marshall,Mount Union,3,0,FINAL,6489254
2025-09-20,MSOE,Rockford,3,0,FINAL,6489531
2025-09-20,Brandeis,UMass Dartmouth,2,3,FINAL,6489703
2025-09-20,Calvin,Heidelberg,3,0,FINAL,6489758
2025-09-20,Brevard,Mary Baldwin,3,0,FINAL,6489819
2025-09-20,Wesleyan (CT),Bowdoin,3,0,FINAL,6489845
2025-09-20,Hamilton,Bates,1,3,FINAL,6490179
2025-09-20,Emory,Covenant,3,0,FINAL,6490524
2025-09-20,Albion,CWRU,2,3,FINAL,6490663
2025-09-20,Lakeland,UW-River Falls,0,3,FINAL,6490808
2025-09-20,Penn St.-Altoona,York (PA),3,0,FINAL,6490891
2025-09-20,Greenville,Spalding,3,0,FINAL,6491051
2025-09-20,JWU (Providence),Vassar,2,3,FINAL,6491355
2025-09-20,Mary Washington,UC Santa Cruz,3,2,FINAL,6491382
2025-09-20,Sewanee,Southwestern (TX),0,3,FINAL,6491571
2025-09-20,Mt. St. Mary (NY),Western New Eng.,0,3,FINAL,6491612
2025-09-20,MIT,Colby,1,3,FINAL,6491666
2025-09-20,Amherst,Tufts,1,3,FINAL,6491735
2025-09-20,Merchant Marine,Saint Elizabeth,3,0,FINAL,6491797
2025-09-20,Keuka,SUNY Canton,2,3,FINAL,6492221
2025-09-20,Rivier,Mitchell,3,0,FINAL,6492293
2025-09-20,Brooklyn,McDaniel,1,3,FINAL,6493144
2025-09-20,Ohio Northern,Millikin,1,3,FINAL,6493371
2025-09-20,Valley Forge,Medgar Evers,3,0,FINAL,6493386
2025-09-20,Wis.-Stevens Point,Carroll (WI),2,3,FINAL,6493492
2025-09-20,New Jersey City,Pitt.-Greensburg,3,0,FINAL,6493710
2025-09-20,SUNY Brockport,Pitt.-Bradford,3,2,FINAL,6493731
2025-09-20,VTSU-Johnson,Salem St.,0,3,FINAL,6493928
2025-09-20,North Park,Cornell College,3,0,FINAL,6493972
2025-09-20,Maine Maritime,VTSU Lyndon,3,0,FINAL,6496535
2025-09-20,Rhodes,Centre,3,1,FINAL,6491973
2025-09-20,Gustavus Adolphus,Wis.-Whitewater,0,3,FINAL,6488440
2025-09-20,Texas Lutheran,St. Thomas (TX),1,3,FINAL,6488452
2025-09-20,Wilson,FDU-Florham,0,3,FINAL,6488549
2025-09-20,Alfred,Hunter,3,0,FINAL,6488579
2025-09-20,Earlham,Wheaton (IL),1,3,FINAL,6488755
2025-09-20,Rose-Hulman,Wittenberg,0,3,FINAL,6488942
2025-09-20,Wheaton (MA),Keene St.,3,0,FINAL,6489316
2025-09-20,Regis (MA),Husson,3,0,FINAL,6489524
2025-09-20,Mount Holyoke,Fitchburg St.,3,0,FINAL,6489860
2025-09-20,Skidmore,Manhattanville,3,1,FINAL,6490078
2025-09-20,Nazareth,Chris. Newport,0,3,FINAL,6490188
2025-09-20,Dubuque,Macalester,3,1,FINAL,6490317
2025-09-20,Alfred St.,Fredonia,3,1,FINAL,6490391
2025-09-20,Emmanuel (MA),Lesley,3,0,FINAL,6490426
2025-09-20,Oberlin,Cortland,0,3,FINAL,6490494
2025-09-20,Lycoming,Albright,3,1,FINAL,6490591
2025-09-20,Wis.-Superior,St. Scholastica,3,1,FINAL,6490616
2025-09-20,Kean,Drew,3,1,FINAL,6490935
2025-09-20,Penn St.-Behrend,SUNY Geneseo,3,0,FINAL,6490991
2025-09-20,Lancaster Bible,Rutgers-Newark,3,0,FINAL,6490998
2025-09-20,John Jay,Old Westbury,3,0,FINAL,6491014
2025-09-20,St. Lawrence,SUNY Potsdam,3,1,FINAL,6491076
2025-09-20,Lawrence,Manchester,3,0,FINAL,6491097
2025-09-20,Penn St.-Berks,Marywood,0,3,FINAL,6491218
2025-09-20,NYU,Swarthmore,3,1,FINAL,6491406
2025-09-20,Penn College,SUNY Morrisville,0,3,FINAL,6491427
2025-09-20,Carnegie Mellon,William Smith,0,3,FINAL,6491490
2025-09-20,Westminster (MO),Eureka,3,0,FINAL,6491600
2025-09-20,Washington Col.,Lebanon Valley,3,0,FINAL,6491720
2025-09-20,LaGrange,LeTourneau,0,3,FINAL,6491890
2025-09-20,Ursinus,Goucher,3,0,FINAL,6491949
2025-09-20,Widener,RIT,3,0,FINAL,6492032
2025-09-20,Arcadia,Wentworth,0,3,FINAL,6492379
2025-09-20,Suffolk,Worcester St.,2,3,FINAL,6492437
2025-09-20,Webster,Blackburn,2,3,FINAL,6492622
2025-09-20,Wis. Lutheran,Augustana (IL),0,3,FINAL,6492692
2025-09-20,Eureka,Lyon,0,3,FINAL,6492794
2025-09-20,Curry,Thomas (ME),3,1,FINAL,6493037
2025-09-20,Schreiner,McMurry,3,0,FINAL,6493207
2025-09-20,Nichols,SUNY Delhi,3,0,FINAL,6493366
2025-09-20,Hope,Whittier,3,0,FINAL,6493755
2025-09-20,St. Mary's (MD),Hood,3,1,FINAL,6493763
2025-09-20,Illinois Col.,Central (IA),1,3,FINAL,6495811
2025-09-20,Hartwick,Clarkson,2,3,FINAL,6490851
2025-09-20,Edgewood,North Central (IL),3,0,FINAL,6492089
2025-09-20,Sarah Lawrence,Springfield,0,3,FINAL,6492848
2025-09-20,Beloit,St. Mary's (IN),0,3,FINAL,6489184
2025-09-20,Wis.-Oshkosh,Northwestern-St. Paul,2,3,FINAL,6489367
2025-09-20,Denison,Bluffton,3,1,FINAL,6489502
2025-09-20,King's (PA),Immaculata,3,0,FINAL,6489911
2025-09-20,Montclair St.,Merchant Marine,3,1,FINAL,6490065
2025-09-20,Methodist,Mary Baldwin,3,0,FINAL,6490683
2025-09-20,Penn St. Harrisburg,New Jersey City,3,0,FINAL,6490784
2025-09-20,Susquehanna,Penn St.-Altoona,3,0,FINAL,6490892
2025-09-20,Gallaudet,Whittier,3,1,FINAL,6490912
2025-09-20,Eastern Conn. St.,Vassar,3,0,FINAL,6491356
2025-09-20,Southern Me.,Western New Eng.,0,3,FINAL,6491610
2025-09-20,WashU,Simpson,3,2,FINAL,6491688
2025-09-20,Eastern,Rowan,3,2,FINAL,6491853
2025-09-20,Franklin,Kalamazoo,3,1,FINAL,6492846
2025-09-20,Catholic,Dickinson,1,3,FINAL,6492896
2025-09-20,Oswego St.,Utica,3,1,FINAL,6493147
2025-09-20,Wis.-Stevens Point,Bethel (MN),1,3,FINAL,6493493
2025-09-20,Misericordia,Wm. Paterson,0,3,FINAL,6493594
2025-09-20,St. Olaf,Wis.-Whitewater,3,0,FINAL,6488441
2025-09-20,Millsaps,Sewanee,1,3,FINAL,6488840
2025-09-20,Buffalo St.,St. John Fisher,0,3,FINAL,6489401
2025-09-20,Bethany Lutheran,Saint Mary's (MN),3,0,FINAL,6489608
2025-09-20,Messiah,Gettysburg,1,3,FINAL,6489814
2025-09-20,Carleton,Dubuque,0,3,FINAL,6490318
2025-09-20,Martin Luther,Luther,0,3,FINAL,6491443
2025-09-20,Juniata,Johns Hopkins,1,3,FINAL,6491569
2025-09-20,Belhaven,LeTourneau,0,3,FINAL,6491891
2025-09-20,Ill. Wesleyan,Coe,3,1,FINAL,6493657
2025-09-20,Ithaca,Smith,3,0,FINAL,6493128
2025-09-20,Rhodes,Berry,0,3,FINAL,6491338
2025-09-20,Crown (MN),Maranatha Baptist,3,0,FINAL,6491934
2025-09-20,Illinois Tech,North Central (IL),1,3,FINAL,6492092
2025-09-20,Scranton,Union (NY),3,1,FINAL,6490037
2025-09-20,Elmhurst,Lawrence,2,3,FINAL,6493473
2025-09-20,Dean,St. Joseph's (ME),0,3,FINAL,6489444
2025-09-20,Ozarks (AR),Dallas,3,2,FINAL,6493050
2025-09-20,Trinity (TX),Centre,3,0,FINAL,6491975
2025-09-20,Oglethorpe,Southwestern (TX),0,3,FINAL,6492024
2025-09-20,Whitworth,Willamette,3,1,FINAL,6489925
2025-09-20,Puget Sound,Lewis & Clark,3,0,FINAL,6490162
2025-09-20,Pacific Lutheran,George Fox,3,1,FINAL,6490974
2025-09-20,Whitman,Pacific (OR),3,1,FINAL,6492839
2025-09-21,Millsaps,Southwestern (TX),1,3,FINAL,6488841
2025-09-21,Berry,Centre,3,0,FINAL,6491339
2025-09-21,Oglethorpe,Sewanee,0,3,FINAL,6492002
2025-09-21,Hendrix,Dallas,3,0,FINAL,6492531
2025-09-21,Trinity (TX),Rhodes,3,0,FINAL,6492875
2025-09-21,Ozarks (AR),Austin,0,3,FINAL,6493836
2025-09-23,Manhattanville,Farmingdale St.,3,1,FINAL,6489275
2025-09-23,Meredith,Pfeiffer,3,0,FINAL,6489451
2025-09-23,N.C. Wesleyan,Methodist,0,3,FINAL,6490530
2025-09-23,Framingham St.,Worcester St.,3,2,FINAL,6491568
2025-09-23,WPI,MIT,1,3,FINAL,6491667
2025-09-23,Southern Me.,New England Col.,3,2,FINAL,6492410
2025-09-23,Bridgewater St.,Mass. Maritime,3,0,FINAL,6492860
2025-09-23,Medgar Evers,York (NY),1,3,FINAL,6493084
2025-09-23,Chatham,Franciscan,3,1,FINAL,6493108
2025-09-23,Brooklyn,Hunter,3,2,FINAL,6493146
2025-09-23,St. Lawrence,SUNY Canton,3,1,FINAL,6493417
2025-09-23,SUNY Geneseo,RIT,3,0,FINAL,6496019
2025-09-23,UMSV,Baruch,3,2,FINAL,6496617
2025-09-23,Averett,Roanoke,0,3,FINAL,6489127
2025-09-23,Trine,Bluffton,3,1,FINAL,6489509
2025-09-23,Mary Washington,East. Mennonite,3,0,FINAL,6491385
2025-09-23,Randolph,St. Mary's (MD),3,2,FINAL,6492678
2025-09-23,Penn St. Harrisburg,Mount Aloysius,0,3,FINAL,6488363
2025-09-23,SUNY Maritime,Lehman,3,0,FINAL,6488478
2025-09-23,Skidmore,Middlebury,1,3,FINAL,6488508
2025-09-23,Pitt.-Bradford,Alfred,0,3,FINAL,6488580
2025-09-23,Asbury,Hanover,3,2,FINAL,6488609
2025-09-23,Baldwin Wallace,Wooster,3,0,FINAL,6488880
2025-09-23,Penn St.-Abington,Wilkes,3,0,FINAL,6489327
2025-09-23,Wm. Paterson,Montclair St.,3,0,FINAL,6490067
2025-09-23,Lycoming,Houghton,3,0,FINAL,6490595
2025-09-23,Stockton,Rowan,0,3,FINAL,6490700
2025-09-23,Elizabethtown,Swarthmore,0,3,FINAL,6490738
2025-09-23,Hilbert,Fredonia,3,0,FINAL,6490964
2025-09-23,New Jersey City,Rutgers-Newark,3,1,FINAL,6490999
2025-09-23,Wellesley,Springfield,2,3,FINAL,6491197
2025-09-23,Kalamazoo,Anderson (IN),0,3,FINAL,6491240
2025-09-23,Bard,Saint Elizabeth,1,3,FINAL,6491275
2025-09-23,Mount Holyoke,Emerson,1,3,FINAL,6491466
2025-09-23,LeTourneau,Centenary (LA),3,0,FINAL,6491893
2025-09-23,Ramapo,Rutgers-Camden,3,2,FINAL,6492224
2025-09-23,Wheaton (MA),Babson,1,3,FINAL,6492319
2025-09-23,Otterbein,Kenyon,3,0,FINAL,6492750
2025-09-23,Pratt,Sarah Lawrence,1,3,FINAL,6493015
2025-09-23,John Jay,CCNY,3,0,FINAL,6493064
2025-09-23,SUNY Poly,Oswego St.,1,3,FINAL,6493127
2025-09-23,Clark (MA),Salve Regina,1,3,FINAL,6493143
2025-09-23,Coast Guard,Smith,1,3,FINAL,6493189
2025-09-23,Wartburg,Luther,3,0,FINAL,6493452
2025-09-23,Simmons,Lasell,0,3,FINAL,6493940
2025-09-23,Valley Forge,Centenary (NJ),0,3,FINAL,6496080
2025-09-23,Marian (WI),St. Norbert,0,3,FINAL,6488728
2025-09-23,Wheaton (IL),Augustana (IL),3,0,FINAL,6488762
2025-09-23,Rockford,Knox,2,3,FINAL,6488910
2025-09-23,Wis.-Platteville,Beloit,3,0,FINAL,6490302
2025-09-23,UW-River Falls,St. Catherine,3,2,FINAL,6490722
2025-09-23,Minn.-Morris,Crown (MN),3,1,FINAL,6491936
2025-09-23,Martin Luther,Bethany Lutheran,0,3,FINAL,6493867
2025-09-23,Whitworth,Whitman,3,0,FINAL,6489931
2025-09-23,Puget Sound,Pacific Lutheran,3,0,FINAL,6491543
2025-09-24,Colby-Sawyer,Keene St.,1,3,FINAL,6489319
2025-09-24,Wentworth,Western New Eng.,3,0,FINAL,6491617
2025-09-24,WestConn,Mt. St. Mary (NY),3,0,FINAL,6493658
2025-09-24,Plymouth St.,VTSU Lyndon,3,0,FINAL,6491302
2025-09-24,Norwich,Plattsburgh St.,0,3,FINAL,6488400
2025-09-24,MCLA,Anna Maria,3,0,FINAL,6489152
2025-09-24,Bethany (WV),Waynesburg,3,0,FINAL,6489233
2025-09-24,Nazareth,Buffalo St.,0,3,FINAL,6489402
2025-09-24,Husson,St. Joseph's (ME),0,3,FINAL,6489473
2025-09-24,Allegheny,Grove City,2,3,FINAL,6489736
2025-09-24,Brevard,Greensboro,0,3,FINAL,6489822
2025-09-24,Fitchburg St.,Westfield St.,1,3,FINAL,6489862
2025-09-24,Brandeis,Tufts,1,3,FINAL,6491736
2025-09-24,VTSU Castleton,VTSU-Johnson,3,0,FINAL,6492199
2025-09-24,Marymount (VA),McDaniel,3,1,FINAL,6492648
2025-09-24,Agnes Scott,Wesleyan (GA),0,3,FINAL,6492737
2025-09-24,Salem (NC),Southern Va.,3,1,FINAL,6493600
2025-09-24,Maryville (TN),Covenant,3,2,FINAL,6490526
2025-09-24,Shenandoah,Randolph-Macon,3,1,FINAL,6492121
2025-09-24,Schreiner,Texas Lutheran,3,2,FINAL,6488453
2025-09-24,FDU-Florham,Lebanon Valley,1,3,FINAL,6488551
2025-09-24,Williams,Vassar,3,0,FINAL,6488633
2025-09-24,King's (PA),Delaware Valley,3,0,FINAL,6488655
2025-09-24,Bridgewater (VA),Wash. & Lee,3,0,FINAL,6488692
2025-09-24,Rose-Hulman,Blackburn,3,0,FINAL,6488944
2025-09-24,Westminster (PA),Hiram,2,3,FINAL,6488952
2025-09-24,Rivier,UMass Boston,1,3,FINAL,6489033
2025-09-24,Earlham,Capital,3,0,FINAL,6489114
2025-09-24,St. Mary's (IN),Olivet,3,1,FINAL,6489185
2025-09-24,Mount Union,John Carroll,1,3,FINAL,6489257
2025-09-24,Curry,Roger Williams,0,3,FINAL,6489604
2025-09-24,Albertus Magnus,Elms,3,1,FINAL,6489626
2025-09-24,Muskingum,Denison,3,1,FINAL,6489720
2025-09-24,Catholic,Gettysburg,1,3,FINAL,6489815
2025-09-24,Gordon,U New England,3,1,FINAL,6489904
2025-09-24,Immaculata,Cedar Crest,3,0,FINAL,6489936
2025-09-24,SUNY Delhi,Union (NY),0,3,FINAL,6490039
2025-09-24,Nichols,Hartford,3,0,FINAL,6490105
2025-09-24,SUNY Morrisville,Rochester (NY),2,3,FINAL,6490230
2025-09-24,Dubuque,Coe,3,0,FINAL,6490319
2025-09-24,Thiel,Geneva,3,0,FINAL,6490388
2025-09-24,Alfred St.,Elmira,3,0,FINAL,6490394
2025-09-24,Emmanuel (MA),Salem St.,3,0,FINAL,6490427
2025-09-24,Bryn Mawr,Neumann,0,3,FINAL,6490766
2025-09-24,Hood,Stevenson,0,3,FINAL,6490842
2025-09-24,Buena Vista,Simpson,1,3,FINAL,6491689
2025-09-24,Misericordia,Stevens,3,0,FINAL,6491704
2025-09-24,Regis (MA),Endicott,1,3,FINAL,6491815
2025-09-24,Widener,Eastern,3,1,FINAL,6491854
2025-09-24,Webster,Greenville,0,3,FINAL,6491968
2025-09-24,Alvernia,Albright,0,3,FINAL,6492265
2025-09-24,Mitchell,Purchase,3,0,FINAL,6492294
2025-09-24,Dickinson,Lancaster Bible,3,2,FINAL,6492337
2025-09-24,Suffolk,JWU (Providence),3,1,FINAL,6492438
2025-09-24,DeSales,Arcadia,3,0,FINAL,6492487
2025-09-24,Alverno,Wis. Lutheran,0,3,FINAL,6492693
2025-09-24,Messiah,York (PA),3,1,FINAL,6492778
2025-09-24,Central (IA),Neb. Wesleyan,3,2,FINAL,6492930
2025-09-24,Saint Vincent,Wash. & Jeff.,0,3,FINAL,6493543
2025-09-24,Gallaudet,Goucher,3,0,FINAL,6493671
2025-09-24,LaGrange,Huntingdon,3,1,FINAL,6495911
2025-09-24,Marywood,SUNY Oneonta,3,2,FINAL,6492406
2025-09-24,Wis.-Stout,Lawrence,3,1,FINAL,6489057
2025-09-24,Aurora,Illinois Tech,3,0,FINAL,6489690
2025-09-24,Augsburg,St. Scholastica,3,1,FINAL,6490127
2025-09-24,St. Olaf,Carleton,3,0,FINAL,6490357
2025-09-24,North Central (IL),Carthage,3,1,FINAL,6492095
2025-09-24,Rockford,Concordia Chicago,3,2,FINAL,6492306
2025-09-24,Carroll (WI),Millikin,0,3,FINAL,6493372
2025-09-24,Ill. Wesleyan,Elmhurst,3,0,FINAL,6493474
2025-09-24,Loras,Cornell College,1,3,FINAL,6496068
2025-09-24,Wis.-Eau Claire,Wis.-La Crosse,3,1,FINAL,6499642
2025-09-25,Mount Aloysius,Carnegie Mellon,0,3,FINAL,6488364
2025-09-25,York (NY),SUNY Maritime,0,3,FINAL,6488479
2025-09-25,Baruch,Lehman,3,0,FINAL,6491115
2025-09-25,Sarah Lawrence,John Jay,1,3,FINAL,6493065
2025-09-25,Brooklyn,St. Joseph's (L.I.),3,1,FINAL,6493151
2025-09-25,Lasell,Clark (MA),3,0,FINAL,6493941
2025-09-25,Alfred,Penn St.-Behrend,3,1,FINAL,6488581
2025-09-25,Keystone,Elizabethtown,0,3,FINAL,6488674
2025-09-25,Franklin & Marshall,Juniata,0,3,FINAL,6490477
2025-09-25,Chatham,Penn St.-Altoona,1,3,FINAL,6490903
2025-09-25,Centenary (NJ),Penn St.-Berks,3,1,FINAL,6491221
2025-09-25,Rivier,Framingham St.,3,0,FINAL,6491570
2025-09-25,Ursinus,Rutgers-Camden,1,3,FINAL,6491950
2025-09-25,Drew,Ramapo,3,0,FINAL,6492229
2025-09-25,New Jersey City,Saint Elizabeth,3,2,FINAL,6492274
2025-09-25,St. Mary's (MD),Washington Col.,1,3,FINAL,6492338
2025-09-25,Cairn,Gwynedd Mercy,3,0,FINAL,6492444
2025-09-25,CCNY,Pratt,3,1,FINAL,6493016
2025-09-25,Franciscan,Pitt.-Greensburg,3,0,FINAL,6493110
2025-09-25,Wm. Paterson,Muhlenberg,3,1,FINAL,6493539
2025-09-25,Valley Forge,Trinity Washington,1,3,FINAL,6493951
2025-09-25,Concordia Wisconsin,Benedictine (IL),3,0,FINAL,6488370
2025-09-25,MSOE,Dominican (IL),3,1,FINAL,6489534
2025-09-25,Hamline,Macalester,3,0,FINAL,6490005
2025-09-25,Austin,Dallas,3,0,FINAL,6493051
2025-09-25,Lakeland,Edgewood,0,3,FINAL,6493309
2025-09-26,SUNY New Paltz,Kean,0,3,FINAL,6488817
2025-09-26,Bluffton,Adrian,3,1,FINAL,6489516
2025-09-26,Wis. Lutheran,Wis.-La Crosse,2,3,FINAL,6492694
2025-09-26,Wheaton (IL),Beloit,3,0,FINAL,6488770
2025-09-26,Scranton,Suffolk,3,0,FINAL,6492441
2025-09-26,Otterbein,Transylvania,3,0,FINAL,6492751
2025-09-26,Heidelberg,Hanover,0,3,FINAL,6488610
2025-09-26,Anderson (IN),Calvin,0,3,FINAL,6489759
2025-09-26,Olivet,Baldwin Wallace,0,3,FINAL,6491632
2025-09-26,Wis.-La Crosse,Lake Forest,3,1,FINAL,6492581
2025-09-26,UMSV,St. John Fisher,0,3,FINAL,6489673
2025-09-26,McMurry,Texas Lutheran,0,3,FINAL,6488454
2025-09-26,King's (PA),Penn College,3,0,FINAL,6488656
2025-09-26,Farmingdale St.,Emmanuel (MA),1,3,FINAL,6489276
2025-09-26,Keene St.,Eastern Conn. St.,2,3,FINAL,6489320
2025-09-26,Trinity (CT),Connecticut Col.,3,0,FINAL,6489355
2025-09-26,Ithaca,Skidmore,3,0,FINAL,6490079
2025-09-26,Augsburg,Carthage,0,3,FINAL,6490128
2025-09-26,Tufts,Bates,3,1,FINAL,6490180
2025-09-26,Cortland,Misericordia,3,0,FINAL,6490599
2025-09-26,SUNY Morrisville,Hartwick,1,3,FINAL,6490852
2025-09-26,Lehman,Old Westbury,0,3,FINAL,6491048
2025-09-26,Spalding,Lyon,1,3,FINAL,6491053
2025-09-26,Catholic,Lynchburg,1,3,FINAL,6491253
2025-09-26,Mt. St. Mary (NY),Vassar,0,3,FINAL,6491359
2025-09-26,Anna Maria,Worcester St.,0,3,FINAL,6493096
2025-09-26,Sweet Briar,Pitt.-Bradford,0,3,FINAL,6493732
2025-09-26,Beloit,Illinois Tech,0,3,FINAL,6493881
2025-09-26,Swarthmore,Stockton,3,1,FINAL,6490702
2025-09-26,Wilmington (OH),Berea,3,0,FINAL,6489008
2025-09-26,Albion,Capital,3,0,FINAL,6489101
2025-09-26,Bluffton,Olivet,3,0,FINAL,6489518
2025-09-26,Calvin,Concordia Chicago,3,0,FINAL,6489762
2025-09-26,Nichols,Fitchburg St.,3,0,FINAL,6489863
2025-09-26,Chris. Newport,Haverford,3,0,FINAL,6490189
2025-09-26,Hope,Marietta,3,1,FINAL,6490448
2025-09-26,Westminster (MO),MUW,3,0,FINAL,6491138
2025-09-26,William Smith,Clarkson,3,0,FINAL,6491491
2025-09-26,Wesleyan (CT),Johns Hopkins,1,3,FINAL,6491574
2025-09-26,Hardin-Simmons,East Tex. Baptist,0,3,FINAL,6491757
2025-09-26,Howard Payne,Mary Hardin-Baylor,3,2,FINAL,6491913
2025-09-26,Dickinson,Salisbury,2,3,FINAL,6492053
2025-09-26,Alma,Anderson (IN),0,3,FINAL,6492088
2025-09-26,Thomas (ME),Lesley,3,0,FINAL,6492113
2025-09-26,Hood,Shenandoah,1,3,FINAL,6492122
2025-09-26,Colby,Bowdoin,3,2,FINAL,6492222
2025-09-26,Schreiner,Concordia (TX),3,0,FINAL,6492364
2025-09-26,Wis. Lutheran,Lake Forest,3,1,FINAL,6492582
2025-09-26,Mt. St. Joseph,Otterbein,1,3,FINAL,6492752
2025-09-26,Ohio Northern,Transylvania,1,3,FINAL,6492835
2025-09-26,Wash. & Jeff.,Thiel,3,1,FINAL,6493232
2025-09-26,Baldwin Wallace,Adrian,3,0,FINAL,6493243
2025-09-26,Hamilton,Amherst,0,3,FINAL,6493773
2025-09-26,RIT,St. Lawrence,1,3,FINAL,6496020
2025-09-26,SUNY New Paltz,UMSV,3,0,FINAL,6488819
2025-09-26,Wis.-Whitewater,UW-River Falls,3,0,FINAL,6488423
2025-09-26,Wheaton (IL),Illinois Tech,3,1,FINAL,6488771
2025-09-26,Illinois Col.,Rose-Hulman,1,3,FINAL,6488951
2025-09-26,Wis.-Platteville,Wis.-Stout,3,1,FINAL,6489058
2025-09-26,Wis.-Oshkosh,Wis.-Stevens Point,3,0,FINAL,6489370
2025-09-26,Carleton,Saint Mary's (MN),2,3,FINAL,6489610
2025-09-26,Bethel (MN),St. Olaf,1,3,FINAL,6490359
2025-09-26,Northwestern-St. Paul,Wis.-Superior,3,1,FINAL,6490620
2025-09-26,Concordia-M'head,St. Catherine,0,3,FINAL,6490725
2025-09-26,Augustana (IL),Luther,3,1,FINAL,6491444
2025-09-26,Gustavus Adolphus,Saint Benedict,3,1,FINAL,6491763
2025-09-26,Martin Luther,Crown (MN),3,0,FINAL,6491937
2025-09-26,Central (IA),Grinnell,3,0,FINAL,6492978
2025-09-26,Bethany Lutheran,Minn.-Morris,3,1,FINAL,6493666
2025-09-26,North Park,Carroll (WI),3,1,FINAL,6493909
2025-09-26,Wartburg,Carthage,3,2,FINAL,6492915
2025-09-26,Linfield,Whitworth,2,3,FINAL,6489934
2025-09-26,Pacific (OR),Lewis & Clark,3,0,FINAL,6490171
2025-09-26,Willamette,Puget Sound,0,3,FINAL,6491452
2025-09-26,Chapman,Redlands,3,2,FINAL,6492178
2025-09-26,Whittier,La Verne,2,3,FINAL,6492633
2025-09-26,Claremont-M-S,Cal Lutheran,3,2,FINAL,6493320
2025-09-26,Pomona-Pitzer,Caltech,3,0,FINAL,6493580
2025-09-27,Manchester,St. Mary's (IN),3,0,FINAL,6489187
2025-09-27,SUNY Poly,Hilbert,3,1,FINAL,6490966
2025-09-27,Emmanuel (MA),Pratt,3,0,FINAL,6493018
2025-09-27,Blackburn,Westminster (MO),1,3,FINAL,6491601
2025-09-27,Adrian,Hanover,1,3,FINAL,6488611
2025-09-27,Alma,Capital,2,3,FINAL,6489102
2025-09-27,Bluffton,Heidelberg,3,2,FINAL,6489521
2025-09-27,St. Joseph's (L.I.),Emmanuel (MA),2,3,FINAL,6490428
2025-09-27,Spalding,Lyon,0,3,FINAL,6491055
2025-09-27,Lancaster Bible,Penn St.-Berks,3,0,FINAL,6491222
2025-09-27,Regis (MA),Saint Joseph (CT),3,1,FINAL,6491528
2025-09-27,Swarthmore,Suffolk,3,0,FINAL,6492251
2025-09-27,Anderson (IN),Concordia Chicago,3,0,FINAL,6493436
2025-09-27,Goucher,McDaniel,0,3,FINAL,6493803
2025-09-27,Wartburg,Augsburg,3,1,FINAL,6490129
2025-09-27,Ill. Wesleyan,Marietta,3,0,FINAL,6490449
2025-09-27,Rhodes,Sewanee,1,3,FINAL,6492003
2025-09-27,Trinity (TX),Oglethorpe,3,0,FINAL,6493347
2025-09-27,WashU,NYU,3,2,FINAL,6488525
2025-09-27,Penn St.-Abington,Keystone,3,0,FINAL,6488676
2025-09-27,Mary Washington,Wash. & Lee,1,3,FINAL,6488694
2025-09-27,SUNY New Paltz,St. John Fisher,0,3,FINAL,6488820
2025-09-27,Bethany (WV),Westminster (PA),0,3,FINAL,6488954
2025-09-27,Waynesburg,Grove City,1,3,FINAL,6489235
2025-09-27,Rivier,Dean,3,0,FINAL,6489449
2025-09-27,Husson,Lesley,3,0,FINAL,6489475
2025-09-27,Union (NY),Manhattanville,3,1,FINAL,6490040
2025-09-27,Cortland,SUNY Cobleskill,3,0,FINAL,6490602
2025-09-27,CWRU,Brandeis,3,2,FINAL,6490664
2025-09-27,Salem St.,Framingham St.,1,3,FINAL,6490667
2025-09-27,Emory,Carnegie Mellon,3,1,FINAL,6490877
2025-09-27,Greenville,MUW,3,0,FINAL,6491141
2025-09-27,Eastern,Susquehanna,3,0,FINAL,6491151
2025-09-27,Westfield St.,Bridgewater St.,2,3,FINAL,6491184
2025-09-27,Gwynedd Mercy,Ursinus,0,3,FINAL,6491951
2025-09-27,Haverford,Va. Wesleyan,1,3,FINAL,6492135
2025-09-27,Ramapo,CCNY,3,0,FINAL,6492232
2025-09-27,New England Col.,St. Joseph's (ME),0,3,FINAL,6492413
2025-09-27,Cairn,Penn College,3,0,FINAL,6492446
2025-09-27,SUNY Delhi,Marywood,0,3,FINAL,6492461
2025-09-27,Randolph,Pitt.-Bradford,3,1,FINAL,6492680
2025-09-27,Penn St.-Abington,Delaware Valley,3,1,FINAL,6493626
2025-09-27,Houghton,Fredonia,2,3,FINAL,6532625
2025-09-27,Wis.-Whitewater,Illinois Col.,3,0,FINAL,6488424
2025-09-27,Kenyon,Wooster,3,0,FINAL,6488881
2025-09-27,Rose-Hulman,UW-River Falls,1,3,FINAL,6488953
2025-09-27,Calvin,Capital,3,0,FINAL,6489103
2025-09-27,MCLA,Mass. Maritime,3,1,FINAL,6489153
2025-09-27,Wilkes,Penn St.-Altoona,0,3,FINAL,6489330
2025-09-27,Pfeiffer,N.C. Wesleyan,3,0,FINAL,6489454
2025-09-27,Elms,Colby-Sawyer,1,3,FINAL,6489628
2025-09-27,Augustana (IL),Aurora,3,2,FINAL,6489694
2025-09-27,UMass Dartmouth,Southern Me.,3,0,FINAL,6489760
2025-09-27,Benedictine (IL),St. Norbert,1,3,FINAL,6489775
2025-09-27,Saint Joseph (CT),Norwich,3,1,FINAL,6489944
2025-09-27,Immaculata,Susquehanna,1,3,FINAL,6489946
2025-09-27,Asbury,Wesleyan (GA),3,0,FINAL,6490208
2025-09-27,Dickinson,Moravian,3,0,FINAL,6490533
2025-09-27,Saint Elizabeth,Neumann,3,1,FINAL,6490767
2025-09-27,Vassar,Russell Sage,3,1,FINAL,6491360
2025-09-27,Luther,Monmouth (IL),3,2,FINAL,6491445
2025-09-27,Endicott,Johns Hopkins,1,3,FINAL,6491577
2025-09-27,Coast Guard,MIT,0,3,FINAL,6491668
2025-09-27,Messiah,Lebanon Valley,3,0,FINAL,6491721
2025-09-27,Alma,Concordia Chicago,0,3,FINAL,6492091
2025-09-27,WestConn,VTSU Castleton,3,0,FINAL,6492200
2025-09-27,Drew,DeSales,1,3,FINAL,6492488
2025-09-27,Maryville (TN),Belhaven,3,0,FINAL,6492561
2025-09-27,East. Mennonite,Marymount (VA),0,3,FINAL,6492649
2025-09-27,Agnes Scott,Huntingdon,0,3,FINAL,6492738
2025-09-27,John Carroll,Ohio Wesleyan,3,1,FINAL,6493031
2025-09-27,Emerson,Clark (MA),3,1,FINAL,6493265
2025-09-27,SUNY Poly,SUNY Canton,1,3,FINAL,6493418
2025-09-27,McDaniel,Trinity Washington,3,0,FINAL,6493804
2025-09-27,Baldwin Wallace,Hanover,2,3,FINAL,6488612
2025-09-27,Stockton,Scranton,3,1,FINAL,6490706
2025-09-27,Adrian,Heidelberg,1,3,FINAL,6499893
2025-09-27,Delaware Valley,Keystone,3,0,FINAL,6488678
2025-09-27,Wis.-Platteville,Marian (WI),3,0,FINAL,6488730
2025-09-27,UChicago,Rochester (NY),3,0,FINAL,6488773
2025-09-27,Centre,Millsaps,3,1,FINAL,6488842
2025-09-27,Roger Williams,UMass Boston,3,1,FINAL,6489034
2025-09-27,MSOE,Wis.-Stout,0,3,FINAL,6489059
2025-09-27,Grove City,La Roche,3,1,FINAL,6489191
2025-09-27,Denison,Wittenberg,0,3,FINAL,6489723
2025-09-27,Oberlin,DePauw,0,3,FINAL,6490498
2025-09-27,CWRU,Carnegie Mellon,1,3,FINAL,6490665
2025-09-27,Penn St. Harrisburg,Notre Dame (MD),3,0,FINAL,6490786
2025-09-27,Emory,Brandeis,3,0,FINAL,6490878
2025-09-27,Wilson,Gallaudet,0,3,FINAL,6490913
2025-09-27,CCNY,Old Westbury,3,1,FINAL,6491016
2025-09-27,Eureka,MUW,0,3,FINAL,6491142
2025-09-27,Wellesley,Wheaton (MA),3,1,FINAL,6491198
2025-09-27,Lynchburg,Pitt.-Bradford,3,0,FINAL,6491254
2025-09-27,Greensboro,Mary Baldwin,3,0,FINAL,6491320
2025-09-27,Berry,Southwestern (TX),3,0,FINAL,6491340
2025-09-27,Mount Holyoke,Salve Regina,3,1,FINAL,6491468
2025-09-27,Hiram,Saint Vincent,3,0,FINAL,6491839
2025-09-27,Arcadia,Ursinus,3,1,FINAL,6491952
2025-09-27,Trine,Earlham,1,3,FINAL,6492109
2025-09-27,Mitchell,Lasell,0,3,FINAL,6492295
2025-09-27,Smith,Babson,2,3,FINAL,6492320
2025-09-27,Marywood,Elmira,3,0,FINAL,6492463
2025-09-27,Centenary (LA),Hendrix,0,3,FINAL,6492532
2025-09-27,Webster,Lyon,3,2,FINAL,6492623
2025-09-27,Springfield,WPI,3,0,FINAL,6492849
2025-09-27,Albion,Dominican (IL),3,0,FINAL,6492886
2025-09-27,Carthage,Cornell College,2,3,FINAL,6492917
2025-09-27,St. Joseph's (L.I.),Pratt,3,0,FINAL,6493017
2025-09-27,Lakeland,Ripon,3,1,FINAL,6493310
2025-09-27,Manhattanville,Nazareth,3,0,FINAL,6493512
2025-09-27,SUNY Cobleskill,Muhlenberg,0,3,FINAL,6493540
2025-09-27,Loras,Edgewood,0,3,FINAL,6493694
2025-09-27,Albertus Magnus,St. Joseph's (ME),0,3,FINAL,6496032
2025-09-27,Valley Forge,St. Mary's (MD),0,3,FINAL,6499886
2025-09-27,Kean,Merchant Marine,3,0,FINAL,6490936
2025-09-27,Wash. & Lee,Gettysburg,3,0,FINAL,6488697
2025-09-27,Franciscan,Allegheny,1,3,FINAL,6489737
2025-09-27,Hope,Ill. Wesleyan,3,1,FINAL,6493257
2025-09-27,Wis.-Whitewater,Rose-Hulman,3,0,FINAL,6488425
2025-09-27,Williams,Middlebury,2,3,FINAL,6488509
2025-09-27,Alfred,Hunter,0,3,FINAL,6488582
2025-09-27,Buffalo St.,Ohio Wesleyan,2,3,FINAL,6489404
2025-09-27,Aurora,Luther,3,1,FINAL,6489699
2025-09-27,Carroll (WI),St. Norbert,0,3,FINAL,6489778
2025-09-27,Regis (MA),Norwich,3,0,FINAL,6489941
2025-09-27,DeSales,Montclair St.,1,3,FINAL,6490068
2025-09-27,RIT,Skidmore,0,3,FINAL,6490080
2025-09-27,Eastern Conn. St.,Hartford,3,1,FINAL,6490106
2025-09-27,Chris. Newport,Va. Wesleyan,0,3,FINAL,6490190
2025-09-27,Moravian,Pitt.-Greensburg,3,0,FINAL,6490535
2025-09-27,Covenant,Huntingdon,3,0,FINAL,6490539
2025-09-27,North Central (MN),Wis.-Superior,0,3,FINAL,6490623
2025-09-27,Illinois Col.,UW-River Falls,0,3,FINAL,6490810
2025-09-27,Bard,Penn St.-Altoona,0,3,FINAL,6490893
2025-09-27,Spalding,Webster,2,3,FINAL,6491056
2025-09-27,William Smith,St. Lawrence,3,0,FINAL,6491492
2025-09-27,Lebanon Valley,Salisbury,1,3,FINAL,6491722
2025-09-27,Hardin-Simmons,Mary Hardin-Baylor,3,1,FINAL,6491758
2025-09-27,Ithaca,Clarkson,3,1,FINAL,6491826
2025-09-27,Trinity (CT),Southern Me.,3,1,FINAL,6491875
2025-09-27,LeTourneau,Ozarks (AR),3,0,FINAL,6491895
2025-09-27,Bethany Lutheran,Crown (MN),3,0,FINAL,6491938
2025-09-27,McMurry,Concordia (TX),3,2,FINAL,6492365
2025-09-27,Howard Payne,East Tex. Baptist,0,3,FINAL,6492544
2025-09-27,Augustana (IL),Monmouth (IL),3,0,FINAL,6492999
2025-09-27,Hilbert,SUNY Canton,3,0,FINAL,6493419
2025-09-27,Martin Luther,Minn.-Morris,1,3,FINAL,6493667
2025-09-27,Goucher,Trinity Washington,3,0,FINAL,6493813
2025-09-27,Piedmont,Belhaven,1,3,FINAL,6493860
2025-09-27,Wesleyan (GA),LaGrange,0,3,FINAL,6495912
2025-09-27,Bowdoin,Clark (MA),3,0,FINAL,6499880
2025-09-27,Bluffton,Baldwin Wallace,0,3,FINAL,6489526
2025-09-27,Stevenson,Sweet Briar,3,0,FINAL,6490843
2025-09-27,Johns Hopkins,Tufts,1,3,FINAL,6491579
2025-09-27,WashU,Rochester (NY),3,0,FINAL,6488526
2025-09-27,UChicago,NYU,1,3,FINAL,6488776
2025-09-27,Gallaudet,Hollins,3,0,FINAL,6489079
2025-09-27,Waynesburg,La Roche,3,2,FINAL,6489192
2025-09-27,Mount Union,Saint Vincent,3,2,FINAL,6489258
2025-09-27,Eastern,Immaculata,3,0,FINAL,6489958
2025-09-27,Union (NY),Nazareth,3,0,FINAL,6490041
2025-09-27,Cedar Crest,Washington Col.,0,3,FINAL,6490271
2025-09-27,Cortland,Muhlenberg,3,1,FINAL,6490600
2025-09-27,Stockton,Suffolk,3,0,FINAL,6490707
2025-09-27,Ramapo,Old Westbury,3,0,FINAL,6491017
2025-09-27,Kalamazoo,Dominican (IL),3,0,FINAL,6491289
2025-09-27,Colorado Col.,St. Thomas (TX),3,0,FINAL,6491505
2025-09-27,Greenville,Eureka,3,0,FINAL,6491972
2025-09-27,SUNY Delhi,Elmira,3,1,FINAL,6492168
2025-09-27,New England Col.,Albertus Magnus,3,0,FINAL,6492414
2025-09-27,Gwynedd Mercy,Arcadia,1,3,FINAL,6492426
2025-09-27,Edgewood,Wis.-La Crosse,0,3,FINAL,6493695
2025-09-27,Marian (WI),Wis.-Stout,2,3,FINAL,6488729
2025-09-27,Wis.-Platteville,MSOE,3,0,FINAL,6489536
2025-09-27,Kean,St. John Fisher,0,3,FINAL,6489680
2025-09-27,Augsburg,Cornell College,1,3,FINAL,6490130
2025-09-27,Plymouth St.,Rhode Island Col.,3,1,FINAL,6491303
2025-09-27,North Central (IL),St. Mary's (IN),3,2,FINAL,6492101
2025-09-27,Elmhurst,Ripon,3,1,FINAL,6493475
2025-09-27,Plattsburgh St.,VTSU-Johnson,3,0,FINAL,6488401
2025-09-27,Maine Maritime,Middlebury,0,3,FINAL,6488510
2025-09-27,Centenary (NJ),Alfred,0,3,FINAL,6488583
2025-09-27,Wilkes,Bard,3,1,FINAL,6489331
2025-09-27,John Carroll,Buffalo St.,3,0,FINAL,6489406
2025-09-27,UMass Dartmouth,Trinity (CT),3,2,FINAL,6489761
2025-09-27,Mary Washington,Gettysburg,0,3,FINAL,6489817
2025-09-27,Drew,Montclair St.,1,3,FINAL,6490069
2025-09-27,Asbury,LaGrange,3,2,FINAL,6490211
2025-09-27,Agnes Scott,Covenant,0,3,FINAL,6490548
2025-09-27,Trinity (TX),Sewanee,3,0,FINAL,6492005
2025-09-27,Messiah,Salisbury,0,3,FINAL,6492054
2025-09-27,Maryville (TN),Piedmont,3,0,FINAL,6492562
2025-09-27,Dickinson,Pitt.-Greensburg,3,0,FINAL,6493206
2025-09-27,Emerson,Bowdoin,0,3,FINAL,6493268
2025-09-27,Millikin,Franklin,3,0,FINAL,6493373
2025-09-27,Southern Va.,Meredith,3,1,FINAL,6493777
2025-09-27,Benedictine (IL),Carroll (WI),2,3,FINAL,6493908
2025-09-27,Centenary (NJ),Hunter,3,2,FINAL,6493978
2025-09-27,Wilson,Hollins,0,3,FINAL,6489080
2025-09-27,Hiram,Mount Union,3,2,FINAL,6489260
2025-09-27,Wesleyan (CT),Endicott,3,0,FINAL,6489847
2025-09-27,Rhodes,Southwestern (TX),0,3,FINAL,6492025
2025-09-27,Loras,Wis.-La Crosse,1,3,FINAL,6496069
2025-09-27,U New England,Bates,3,2,FINAL,6489910
2025-09-27,Swarthmore,Scranton,0,3,FINAL,6492252
2025-09-27,SUNY New Paltz,Merchant Marine,3,0,FINAL,6488822
2025-09-27,Williams,Maine Maritime,3,0,FINAL,6488634
2025-09-27,St. Catherine,Gustavus Adolphus,1,3,FINAL,6490728
2025-09-27,Manchester,North Central (IL),3,2,FINAL,6491099
2025-09-27,North Central (MN),Northwestern-St. Paul,0,3,FINAL,6491865
2025-09-27,St. Scholastica,Macalester,3,0,FINAL,6492613
2025-09-27,Lakeland,Elmhurst,2,3,FINAL,6493311
2025-09-27,Berry,Millsaps,3,0,FINAL,6488843
2025-09-27,Centre,Oglethorpe,3,0,FINAL,6491979
2025-09-27,Occidental,Chapman,3,2,FINAL,6489885
2025-09-27,Geneva,Chatham,0,3,FINAL,6490390
2025-09-27,Redlands,Whittier,1,3,FINAL,6492179
2025-09-27,Saint Benedict,Hamline,3,1,FINAL,6490007
2025-09-27,Lewis & Clark,George Fox,1,3,FINAL,6490163
2025-09-27,Willamette,Pacific Lutheran,1,3,FINAL,6491453
2025-09-27,La Verne,Pomona-Pitzer,3,1,FINAL,6492634
2025-09-27,Linfield,Whitman,3,1,FINAL,6492840
2025-09-27,Caltech,Claremont-M-S,0,3,FINAL,6493321
2025-09-28,NYU,Rochester (NY),3,0,FINAL,6490232
2025-09-28,Carnegie Mellon,Brandeis,3,0,FINAL,6493000
2025-09-28,Millsaps,Trinity (TX),1,3,FINAL,6488844
2025-09-28,Centre,Southwestern (TX),0,3,FINAL,6491981
2025-09-28,WashU,UChicago,2,3,FINAL,6488527
2025-09-28,Emory,CWRU,3,0,FINAL,6490666
2025-09-28,Berry,Sewanee,3,0,FINAL,6491343
2025-09-28,Rhodes,Oglethorpe,3,0,FINAL,6492876
2025-09-28,Centenary (LA),Ozarks (AR),3,1,FINAL,6493837
2025-09-28,LeTourneau,Hendrix,2,3,FINAL,6491896
2025-09-28,Ohio Northern,Mt. St. Joseph,3,2,FINAL,6493937
2025-09-29,Lehman,Medgar Evers,3,0,FINAL,6493387
2025-09-29,Farmingdale St.,St. Joseph's (L.I.),0,3,FINAL,6493717
2025-09-29,St. Joseph's (Brkln),CCNY,3,0,FINAL,6492761
2025-09-30,Rosemont,Cedar Crest,0,3,FINAL,6490274
2025-09-30,UMSV,John Jay,0,3,FINAL,6493066
2025-09-30,Carthage,Wis.-Oshkosh,0,3,FINAL,6489340
2025-09-30,Hollins,Sweet Briar,3,0,FINAL,6495699
2025-09-30,Plattsburgh St.,SUNY Potsdam,3,0,FINAL,6488402
2025-09-30,Sarah Lawrence,SUNY Maritime,3,0,FINAL,6488480
2025-09-30,Edgewood,Wis.-Oshkosh,0,3,FINAL,6489341
2025-09-30,Brevard,Pfeiffer,0,3,FINAL,6489460
2025-09-30,Covenant,Asbury,0,3,FINAL,6490216
2025-09-30,Methodist,Meredith,1,3,FINAL,6490534
2025-09-30,Franklin,DePauw,3,1,FINAL,6490820
2025-09-30,Baruch,Centenary (NJ),3,1,FINAL,6491116
2025-09-30,MIT,Wheaton (MA),3,0,FINAL,6491669
2025-09-30,Wentworth,Endicott,2,3,FINAL,6491816
2025-09-30,St. Joseph's (ME),Southern Me.,3,0,FINAL,6492471
2025-09-30,Albertus Magnus,VTSU Lyndon,3,0,FINAL,6492595
2025-09-30,York (NY),Purchase,0,3,FINAL,6493085
2025-09-30,Gordon,Thomas (ME),3,0,FINAL,6493966
2025-09-30,Clark (MA),Coast Guard,0,3,FINAL,6495973
2025-09-30,Hope,Calvin,3,0,FINAL,6489767
2025-09-30,Adrian,Olivet,0,3,FINAL,6491633
2025-09-30,Arcadia,FDU-Florham,3,0,FINAL,6488552
2025-09-30,DeSales,King's (PA),3,1,FINAL,6488657
2025-09-30,Keystone,Cairn,0,3,FINAL,6488680
2025-09-30,Knox,Blackburn,0,3,FINAL,6488912
2025-09-30,Spalding,Berea,3,2,FINAL,6489009
2025-09-30,St. Mary's (IN),Alma,0,3,FINAL,6489188
2025-09-30,Simmons,Keene St.,1,3,FINAL,6489323
2025-09-30,Wilkes,Marywood,0,3,FINAL,6489332
2025-09-30,Suffolk,Roger Williams,0,3,FINAL,6489607
2025-09-30,U New England,Curry,3,0,FINAL,6489912
2025-09-30,Rowan,Immaculata,3,1,FINAL,6489999
2025-09-30,Montclair St.,Stockton,3,1,FINAL,6490071
2025-09-30,Hartford,JWU (Providence),1,3,FINAL,6490107
2025-09-30,Heidelberg,Oberlin,3,1,FINAL,6490502
2025-09-30,Lancaster Bible,Penn St. Harrisburg,2,3,FINAL,6490787
2025-09-30,Messiah,Stevenson,1,3,FINAL,6490845
2025-09-30,Penn St.-Berks,Penn St.-Altoona,0,3,FINAL,6490894
2025-09-30,Gallaudet,Penn St.-Abington,3,0,FINAL,6490914
2025-09-30,Kean,Wm. Paterson,3,1,FINAL,6490937
2025-09-30,Rutgers-Newark,Rutgers-Camden,3,2,FINAL,6491000
2025-09-30,Luther,Coe,1,3,FINAL,6491021
2025-09-30,Manchester,Ohio Northern,3,0,FINAL,6491100
2025-09-30,Babson,Wellesley,3,1,FINAL,6491199
2025-09-30,Kalamazoo,Albion,0,3,FINAL,6491291
2025-09-30,WPI,Mount Holyoke,3,0,FINAL,6491469
2025-09-30,Western New Eng.,Nichols,3,2,FINAL,6491618
2025-09-30,Lebanon Valley,Stevens,1,3,FINAL,6491705
2025-09-30,Wittenberg,Earlham,3,1,FINAL,6491781
2025-09-30,Merchant Marine,Mt. St. Mary (NY),3,0,FINAL,6491798
2025-09-30,Eastern,Albright,3,0,FINAL,6491855
2025-09-30,Ursinus,Swarthmore,0,3,FINAL,6491953
2025-09-30,Widener,Alvernia,3,1,FINAL,6492033
2025-09-30,Ramapo,New Jersey City,3,0,FINAL,6492234
2025-09-30,Bridgewater (VA),East. Mennonite,3,0,FINAL,6492660
2025-09-30,York (PA),Hood,2,3,FINAL,6492780
2025-09-30,Dominican (IL),Eureka,1,3,FINAL,6492795
2025-09-30,Mass. Maritime,Rhode Island Col.,0,3,FINAL,6492861
2025-09-30,Neb. Wesleyan,Buena Vista,3,0,FINAL,6492931
2025-09-30,Notre Dame (MD),Wilson,3,0,FINAL,6492944
2025-09-30,Brooklyn,Pratt,3,0,FINAL,6493019
2025-09-30,Salve Regina,Emerson,1,3,FINAL,6493148
2025-09-30,Smith,Springfield,0,3,FINAL,6493190
2025-09-30,Howard Payne,McMurry,1,3,FINAL,6493209
2025-09-30,Wartburg,Loras,3,1,FINAL,6493454
2025-09-30,Delaware Valley,Misericordia,0,3,FINAL,6493595
2025-09-30,Colby-Sawyer,Anna Maria,3,0,FINAL,6493703
2025-09-30,Carroll (WI),MSOE,3,1,FINAL,6489538
2025-09-30,Wis.-Stevens Point,Wis.-Platteville,3,2,FINAL,6490303
2025-09-30,Wis.-Superior,St. Scholastica,3,0,FINAL,6490625
2025-09-30,Greenville,Illinois Col.,3,0,FINAL,6491976
2025-09-30,Beloit,Alverno,0,3,FINAL,6492509
2025-09-30,Carthage,Edgewood,3,1,FINAL,6492918
2025-09-30,Dubuque,Augustana (IL),3,0,FINAL,6490320
2025-09-30,Whittier,Occidental,3,0,FINAL,6489939
2025-09-30,Linfield,Willamette,2,3,FINAL,6491454
2025-09-30,Pomona-Pitzer,Redlands,1,3,FINAL,6492180
2025-09-30,Claremont-M-S,La Verne,0,3,FINAL,6492635
2025-09-30,Cal Lutheran,Caltech,3,1,FINAL,6493581
2025-10-01,Allegheny,Westminster (PA),3,0,FINAL,6488956
2025-10-01,UMass Boston,New England Col.,3,0,FINAL,6489035
2025-10-01,Worcester St.,MCLA,1,3,FINAL,6489154
2025-10-01,Hilbert,La Roche,3,2,FINAL,6489196
2025-10-01,Framingham St.,Fitchburg St.,3,0,FINAL,6489864
2025-10-01,Mary Washington,Chris. Newport,0,3,FINAL,6490191
2025-10-01,Piedmont,Wesleyan (GA),3,1,FINAL,6490244
2025-10-01,Russell Sage,Hartwick,1,3,FINAL,6490854
2025-10-01,Va. Wesleyan,Lynchburg,3,2,FINAL,6491255
2025-10-01,William Peace,N.C. Wesleyan,2,3,FINAL,6492962
2025-10-01,RIT,Ithaca,0,3,FINAL,6493136
2025-10-01,Mary Baldwin,Southern Va.,0,3,FINAL,6493778
2025-10-01,Randolph,Guilford,2,3,FINAL,6489949
2025-10-01,William Smith,Rochester (NY),3,0,FINAL,6490235
2025-10-01,Concordia Wisconsin,Illinois Tech,3,0,FINAL,6488373
2025-10-01,Middlebury,Union (NY),3,0,FINAL,6488511
2025-10-01,Houghton,Alfred,3,2,FINAL,6488584
2025-10-01,Keystone,Lycoming,0,3,FINAL,6488682
2025-10-01,Kenyon,Wilmington (OH),3,1,FINAL,6489533
2025-10-01,Elms,Regis (MA),0,3,FINAL,6489632
2025-10-01,Susquehanna,Gettysburg,0,3,FINAL,6489818
2025-10-01,Grove City,Geneva,2,3,FINAL,6490392
2025-10-01,Elizabethtown,Franklin & Marshall,0,3,FINAL,6490480
2025-10-01,Bryn Mawr,Moravian,0,3,FINAL,6490536
2025-10-01,Westfield St.,Salem St.,3,0,FINAL,6490658
2025-10-01,Belhaven,MUW,3,1,FINAL,6491147
2025-10-01,Bard,Vassar,0,3,FINAL,6491277
2025-10-01,Rivier,Plymouth St.,0,3,FINAL,6491304
2025-10-01,Greensboro,Salem (NC),3,0,FINAL,6491321
2025-10-01,Western New Eng.,Colby-Sawyer,1,3,FINAL,6491619
2025-10-01,Simpson,Central (IA),3,2,FINAL,6491690
2025-10-01,Thiel,Hiram,3,0,FINAL,6491840
2025-10-01,Southwestern (TX),Schreiner,0,3,FINAL,6492027
2025-10-01,Mitchell,Lesley,3,0,FINAL,6492157
2025-10-01,Washington Col.,Goucher,3,0,FINAL,6492341
2025-10-01,Saint Vincent,Bethany (WV),3,0,FINAL,6492805
2025-10-01,Wash. & Jeff.,Chatham,3,1,FINAL,6493233
2025-10-01,Elmhurst,Millikin,3,0,FINAL,6493375
2025-10-01,SUNY Poly,Utica,0,3,FINAL,6493622
2025-10-01,St. Joseph's (L.I.),WestConn,0,3,FINAL,6493659
2025-10-01,North Park,Ill. Wesleyan,0,3,FINAL,6493682
2025-10-01,Ohio Wesleyan,Muskingum,2,3,FINAL,6495729
2025-10-01,Wis.-Whitewater,Wis.-La Crosse,3,1,FINAL,6488426
2025-10-01,Wis.-Stout,Wis.-Eau Claire,0,3,FINAL,6489060
2025-10-01,Westminster (MO),Webster,3,0,FINAL,6491605
2025-10-01,Gustavus Adolphus,Northwestern-St. Paul,1,3,FINAL,6493249
2025-10-01,Bethel (MN),Carleton,3,0,FINAL,6493427
2025-10-02,FDU-Florham,John Jay,2,3,FINAL,6488553
2025-10-02,Waynesburg,Franciscan,1,3,FINAL,6489236
2025-10-02,Old Westbury,Farmingdale St.,0,3,FINAL,6489279
2025-10-02,Sarah Lawrence,UMSV,3,0,FINAL,6493263
2025-10-02,Anna Maria,Bridgewater St.,0,3,FINAL,6493704
2025-10-02,McDaniel,St. Mary's (MD),3,2,FINAL,6493805
2025-10-02,Saint Elizabeth,Marymount (VA),0,3,FINAL,6492277
2025-10-02,Marian (WI),Wis. Lutheran,1,3,FINAL,6488731
2025-10-02,Connecticut Col.,Wesleyan (CT),1,3,FINAL,6489358
2025-10-02,Widener,Immaculata,3,0,FINAL,6490000
2025-10-02,New Jersey City,Montclair St.,0,3,FINAL,6490083
2025-10-02,Salem (NC),Methodist,3,1,FINAL,6490532
2025-10-02,Stockton,Rutgers-Newark,3,0,FINAL,6490710
2025-10-02,Rutgers-Camden,Kean,0,3,FINAL,6490938
2025-10-02,Penn College,Penn St.-Berks,1,3,FINAL,6491223
2025-10-02,Rowan,Ramapo,3,0,FINAL,6492236
2025-10-02,Albright,Gwynedd Mercy,2,3,FINAL,6492266
2025-10-02,Lancaster Bible,Cairn,3,1,FINAL,6492339
2025-10-02,DeSales,Dickinson,1,3,FINAL,6492489
2025-10-02,Curry,Albertus Magnus,3,1,FINAL,6493038
2025-10-02,WPI,Smith,1,3,FINAL,6493150
2025-10-02,JWU (Providence),Rhode Island Col.,3,0,FINAL,6493273
2025-10-02,Rosemont,Delaware Valley,0,3,FINAL,6493627
2025-10-02,Dominican (IL),Benedictine (IL),1,3,FINAL,6500447
2025-10-02,Alverno,MSOE,0,3,FINAL,6489544
2025-10-02,Rockford,Aurora,0,3,FINAL,6489702
2025-10-02,St. Norbert,Lakeland,3,2,FINAL,6489781
2025-10-02,Wis.-Platteville,Coe,1,3,FINAL,6490304
2025-10-02,Concordia Chicago,Edgewood,1,3,FINAL,6493437
2025-10-02,Chapman,Whittier,0,3,FINAL,6492719
2025-10-03,SUNY Poly,Hartwick,1,3,FINAL,6490856
2025-10-03,Huntingdon,Mary Hardin-Baylor,0,3,FINAL,6491915
2025-10-03,Huntingdon,Mary Hardin-Baylor,0,3,FINAL,6491919
2025-10-03,Berry,Covenant,3,0,FINAL,6490554
2025-10-03,Carthage,Augsburg,3,0,FINAL,6490131
2025-10-03,Emory,Oglethorpe,3,0,FINAL,6490879
2025-10-03,Brandeis,Lasell,3,2,FINAL,6493001
2025-10-03,East Tex. Baptist,Covenant,3,0,FINAL,6490558
2025-10-03,Hanover,John Carroll,1,3,FINAL,6488613
2025-10-03,Me.-Presque Isle,Husson,2,3,FINAL,6489477
2025-10-03,Augsburg,WashU,0,3,FINAL,6488528
2025-10-03,Oswego St.,SUNY New Paltz,3,0,FINAL,6488823
2025-10-03,Bridgewater (VA),Averett,3,0,FINAL,6489130
2025-10-03,Cortland,Buffalo St.,3,1,FINAL,6489408
2025-10-03,Dean,Simmons,0,3,FINAL,6489458
2025-10-03,Roger Williams,Endicott,3,1,FINAL,6489609
2025-10-03,Norwich,Elms,2,3,FINAL,6489637
2025-10-03,St. John Fisher,SUNY Brockport,3,0,FINAL,6489682
2025-10-03,Keene St.,UMass Dartmouth,1,3,FINAL,6489763
2025-10-03,Trinity (CT),Wesleyan (CT),0,3,FINAL,6489886
2025-10-03,New England Col.,Emmanuel (MA),1,3,FINAL,6490429
2025-10-03,Catholic,Moravian,3,0,FINAL,6490538
2025-10-03,York (NY),Old Westbury,1,3,FINAL,6491018
2025-10-03,Clarkson,SUNY Potsdam,3,0,FINAL,6491077
2025-10-03,SUNY Morrisville,Fredonia,3,1,FINAL,6491428
2025-10-03,Eastern,Misericordia,3,2,FINAL,6491856
2025-10-03,SUNY Canton,SUNY Oneonta,0,3,FINAL,6492408
2025-10-03,Wis.-Stevens Point,Carthage,1,3,FINAL,6492919
2025-10-03,SUNY Cobleskill,Thomas (ME),1,3,FINAL,6493297
2025-10-03,Nazareth,SUNY Geneseo,0,3,FINAL,6493615
2025-10-03,Drew,Juniata,0,3,FINAL,6493727
2025-10-03,Wash. & Lee,Guilford,3,0,FINAL,6488703
2025-10-03,Hollins,Randolph-Macon,1,3,FINAL,6489082
2025-10-03,Calvin,Trine,3,0,FINAL,6489769
2025-10-03,Alma,Adrian,3,1,FINAL,6492094
2025-10-03,Randolph,Shenandoah,0,3,FINAL,6492124
2025-10-03,Roanoke,Va. Wesleyan,0,3,FINAL,6492136
2025-10-03,Hood,Mount Aloysius,0,3,FINAL,6488365
2025-10-03,Bates,Middlebury,0,3,FINAL,6488512
2025-10-03,Alfred,Elmira,3,0,FINAL,6488585
2025-10-03,Tufts,Williams,2,3,FINAL,6488635
2025-10-03,Wooster,Oberlin,3,1,FINAL,6488882
2025-10-03,St. Mary's (IN),Hope,0,3,FINAL,6489189
2025-10-03,Mount Union,Otterbein,0,3,FINAL,6489261
2025-10-03,Goucher,Wilkes,1,3,FINAL,6489334
2025-10-03,Dubuque,Wartburg,3,0,FINAL,6490321
2025-10-03,Concordia-M'head,St. Olaf,1,3,FINAL,6490361
2025-10-03,Marietta,Ohio Northern,3,0,FINAL,6490450
2025-10-03,Scranton,Lycoming,3,0,FINAL,6490604
2025-10-03,Arcadia,Neumann,2,3,FINAL,6490768
2025-10-03,Berry,East Tex. Baptist,1,3,FINAL,6491344
2025-10-03,Messiah,Mary Washington,3,0,FINAL,6491389
2025-10-03,Johns Hopkins,York (PA),3,0,FINAL,6491582
2025-10-03,Hardin-Simmons,Howard Payne,3,0,FINAL,6491759
2025-10-03,SUNY Delhi,Lesley,3,0,FINAL,6492158
2025-10-03,Colby,Hamilton,3,0,FINAL,6492223
2025-10-03,Houghton,Keuka,3,0,FINAL,6492225
2025-10-03,Utica,Russell Sage,2,3,FINAL,6493636
2025-10-03,Valley Forge,Penn College,0,3,FINAL,6495790
2025-10-03,Bowdoin,Amherst,3,0,FINAL,6496181
2025-10-03,Texas Lutheran,Centenary (LA),3,0,FINAL,6488455
2025-10-03,Gustavus Adolphus,WashU,3,2,FINAL,6488529
2025-10-03,UW-River Falls,Wis.-Oshkosh,0,3,FINAL,6489374
2025-10-03,Hamline,St. Catherine,3,1,FINAL,6490010
2025-10-03,Wis.-Superior,Bethany Lutheran,3,2,FINAL,6490629
2025-10-03,St. Thomas (TX),Dallas,3,1,FINAL,6491506
2025-10-03,Macalester,Saint Benedict,2,3,FINAL,6491767
2025-10-03,Minn.-Morris,North Central (MN),3,0,FINAL,6491867
2025-10-03,Ripon,Beloit,3,0,FINAL,6492510
2025-10-03,Lake Forest,Grinnell,0,3,FINAL,6492583
2025-10-03,St. Scholastica,Carleton,3,0,FINAL,6492819
2025-10-03,Augustana (IL),Carroll (WI),0,3,FINAL,6493349
2025-10-03,Wis.-Stevens Point,Millikin,3,0,FINAL,6493376
2025-10-03,Lawrence,Cornell College,1,3,FINAL,6493744
2025-10-03,Knox,Illinois Col.,0,3,FINAL,6488913
2025-10-03,Lewis & Clark,Whitworth,0,3,FINAL,6489940
2025-10-03,Occidental,Pomona-Pitzer,1,3,FINAL,6489945
2025-10-03,George Fox,Whitman,0,3,FINAL,6490975
2025-10-03,Pacific Lutheran,Linfield,3,1,FINAL,6491544
2025-10-03,Redlands,Claremont-M-S,3,2,FINAL,6492181
2025-10-03,La Verne,Cal Lutheran,3,2,FINAL,6492636
2025-10-03,Puget Sound,Pacific (OR),3,0,FINAL,6493590
2025-10-04,Hollins,Va. Wesleyan,1,3,FINAL,6489083
2025-10-04,Geneva,Franciscan,2,3,FINAL,6490393
2025-10-04,Spalding,Blackburn,2,3,FINAL,6491059
2025-10-04,Ozarks (AR),Concordia (TX),0,3,FINAL,6492367
2025-10-04,McMurry,Hendrix,0,3,FINAL,6492533
2025-10-04,Wis.-Eau Claire,Carthage,3,2,FINAL,6492920
2025-10-04,N.C. Wesleyan,Southern Va.,0,3,FINAL,6493779
2025-10-04,Albertus Magnus,SUNY Maritime,3,0,FINAL,6488481
2025-10-04,Wash. & Lee,Averett,3,0,FINAL,6488704
2025-10-04,Rose-Hulman,Transylvania,2,3,FINAL,6488955
2025-10-04,Rhode Island Col.,UMass Boston,1,3,FINAL,6489036
2025-10-04,John Jay,Rutgers-Newark,3,1,FINAL,6491001
2025-10-04,Anna Maria,Westfield St.,0,3,FINAL,6491173
2025-10-04,Lynchburg,Shenandoah,3,1,FINAL,6491256
2025-10-04,Berry,Oglethorpe,3,0,FINAL,6491345
2025-10-04,NYU,William Smith,3,0,FINAL,6491407
2025-10-04,Saint Joseph (CT),St. Joseph's (ME),0,3,FINAL,6491529
2025-10-04,Lyon,Greenville,2,3,FINAL,6491977
2025-10-04,Rosemont,Cairn,0,3,FINAL,6492448
2025-10-04,Rowan,DeSales,3,0,FINAL,6492490
2025-10-04,Emerson,Springfield,1,3,FINAL,6492850
2025-10-04,Alvernia,Rutgers-Camden,2,3,FINAL,6492892
2025-10-04,Roanoke,Randolph-Macon,3,2,FINAL,6493115
2025-10-04,Clark (MA),WPI,0,3,FINAL,6493149
2025-10-04,Gustavus Adolphus,Millikin,3,2,FINAL,6493377
2025-10-04,Colby-Sawyer,Rivier,1,3,FINAL,6493400
2025-10-04,Purchase,UMSV,0,3,FINAL,6493560
2025-10-04,Hartwick,Utica,3,0,FINAL,6493637
2025-10-04,SUNY Delhi,Thomas (ME),3,1,FINAL,6493886
2025-10-04,King's (PA),Widener,2,3,FINAL,6488658
2025-10-04,Catholic,Wilkes,3,0,FINAL,6489336
2025-10-04,Pfeiffer,Greensboro,0,3,FINAL,6489484
2025-10-04,Ohio Wesleyan,Denison,3,1,FINAL,6489728
2025-10-04,N.C. Wesleyan,Brevard,1,3,FINAL,6489828
2025-10-04,Southern Va.,Brevard,3,0,FINAL,6489840
2025-10-04,Bridgewater (VA),Guilford,1,3,FINAL,6489957
2025-10-04,Montclair St.,Hunter,3,0,FINAL,6490087
2025-10-04,Piedmont,Covenant,1,3,FINAL,6490250
2025-10-04,Penn St.-Abington,Cedar Crest,3,0,FINAL,6490275
2025-10-04,Goucher,Moravian,0,3,FINAL,6490540
2025-10-04,Drew,Lycoming,3,0,FINAL,6490607
2025-10-04,Stevenson,Mary Washington,0,3,FINAL,6490846
2025-10-04,WestConn,Plymouth St.,1,3,FINAL,6491305
2025-10-04,Lebanon Valley,Eastern,3,2,FINAL,6491723
2025-10-04,Russell Sage,SUNY Poly,3,0,FINAL,6491874
2025-10-04,Huntingdon,Maryville (TN),3,1,FINAL,6492563
2025-10-04,Blackburn,Eureka,3,0,FINAL,6492796
2025-10-04,Wheaton (MA),Smith,1,3,FINAL,6493194
2025-10-04,St. Joseph's (L.I.),Mt. St. Mary (NY),3,2,FINAL,6493449
2025-10-04,Mary Baldwin,Salem (NC),0,3,FINAL,6493601
2025-10-04,Scranton,Juniata,2,3,FINAL,6493728
2025-10-04,Penn St.-Behrend,RIT,3,1,FINAL,6496021
2025-10-04,Dallas,Colorado Col.,0,3,FINAL,6493052
2025-10-04,Edgewood,Concordia Wisconsin,3,1,FINAL,6488378
2025-10-04,Medgar Evers,SUNY Maritime,0,3,FINAL,6488483
2025-10-04,Wis.-Eau Claire,WashU,1,3,FINAL,6488530
2025-10-04,Keuka,Alfred,0,3,FINAL,6488586
2025-10-04,Keystone,Gallaudet,0,3,FINAL,6488683
2025-10-04,SUNY Canton,SUNY New Paltz,0,3,FINAL,6488824
2025-10-04,Berea,Earlham,1,3,FINAL,6489010
2025-10-04,Capital,Baldwin Wallace,0,3,FINAL,6489104
2025-10-04,Hiram,Waynesburg,3,0,FINAL,6489238
2025-10-04,WPI,Connecticut Col.,2,3,FINAL,6489361
2025-10-04,SUNY Morrisville,Buffalo St.,0,3,FINAL,6489409
2025-10-04,Wilmington (OH),Heidelberg,0,3,FINAL,6489535
2025-10-04,MSOE,Benedictine (IL),1,3,FINAL,6489542
2025-10-04,SUNY Geneseo,St. John Fisher,0,3,FINAL,6489686
2025-10-04,Lakeland,Aurora,0,3,FINAL,6489705
2025-10-04,Chatham,Allegheny,3,1,FINAL,6489740
2025-10-04,St. Norbert,Concordia Chicago,3,0,FINAL,6489782
2025-10-04,Gettysburg,Washington Col.,3,0,FINAL,6489821
2025-10-04,Nichols,U New England,1,3,FINAL,6489916
2025-10-04,Rutgers-Camden,Immaculata,3,2,FINAL,6490003
2025-10-04,Skidmore,Union (NY),1,3,FINAL,6490043
2025-10-04,Hartford,Suffolk,1,3,FINAL,6490108
2025-10-04,Hartwick,Alfred St.,3,0,FINAL,6490400
2025-10-04,Franklin & Marshall,Haverford,3,1,FINAL,6490482
2025-10-04,Methodist,William Peace,3,1,FINAL,6490537
2025-10-04,Cortland,Fredonia,3,0,FINAL,6490603
2025-10-04,Penn St. Harrisburg,St. Mary's (MD),3,0,FINAL,6490788
2025-10-04,Regis (MA),Rutgers-Newark,3,0,FINAL,6491002
2025-10-04,Greenville,MUW,3,1,FINAL,6491150
2025-10-04,Olivet,Kalamazoo,3,1,FINAL,6491276
2025-10-04,Johns Hopkins,Bryn Mawr,3,0,FINAL,6491361
2025-10-04,Clarkson,Vassar,1,3,FINAL,6491362
2025-10-04,MIT,Mount Holyoke,3,0,FINAL,6491470
2025-10-04,St. Joseph's (ME),Framingham St.,1,3,FINAL,6491572
2025-10-04,VTSU Castleton,Eastern Conn. St.,2,3,FINAL,6491651
2025-10-04,Wittenberg,Kenyon,3,0,FINAL,6491782
2025-10-04,Crown (MN),North Central (MN),3,0,FINAL,6491868
2025-10-04,Dickinson,Ursinus,3,1,FINAL,6491954
2025-10-04,Centre,Sewanee,3,1,FINAL,6491982
2025-10-04,SUNY Cobleskill,Lesley,3,0,FINAL,6492159
2025-10-04,Elmira,Houghton,0,3,FINAL,6492169
2025-10-04,Muhlenberg,Swarthmore,1,3,FINAL,6492253
2025-10-04,Wis. Lutheran,Rockford,3,0,FINAL,6492307
2025-10-04,Gordon,Wentworth,1,3,FINAL,6492380
2025-10-04,Oswego St.,SUNY Oneonta,3,1,FINAL,6492409
2025-10-04,Brooklyn,DeSales,0,3,FINAL,6492491
2025-10-04,VTSU Lyndon,VTSU-Johnson,0,3,FINAL,6492597
2025-10-04,Grove City,Bethany (WV),3,1,FINAL,6492806
2025-10-04,Wis.-Stevens Point,Gustavus Adolphus,3,2,FINAL,6493496
2025-10-04,UC Santa Cruz,Whittier,0,3,FINAL,6493527
2025-10-04,Alverno,Dominican (IL),1,3,FINAL,6495742
2025-10-04,Averett,Chris. Newport,0,3,FINAL,6489131
2025-10-04,Manhattanville,William Smith,0,3,FINAL,6491493
2025-10-04,Babson,Coast Guard,3,0,FINAL,6492321
2025-10-04,Springfield,Southern Me.,3,0,FINAL,6492473
2025-10-04,Oglethorpe,East Tex. Baptist,1,3,FINAL,6492551
2025-10-04,Rivier,Mass. Maritime,3,0,FINAL,6492862
2025-10-04,Tufts,Middlebury,3,0,FINAL,6488514
2025-10-04,Hanover,Manchester,2,3,FINAL,6488614
2025-10-04,Bates,Williams,1,3,FINAL,6488636
2025-10-04,Marian (WI),Illinois Tech,2,3,FINAL,6488732
2025-10-04,Franklin,Bluffton,3,0,FINAL,6489532
2025-10-04,CWRU,Denison,3,1,FINAL,6489731
2025-10-04,St. Olaf,Neb. Wesleyan,3,0,FINAL,6490362
2025-10-04,LaGrange,Covenant,2,3,FINAL,6490559
2025-10-04,CCNY,Lycoming,0,3,FINAL,6490611
2025-10-04,Wis.-Superior,Martin Luther,3,0,FINAL,6490630
2025-10-04,UW-River Falls,Saint Benedict,0,3,FINAL,6490813
2025-10-04,Spalding,Eureka,3,1,FINAL,6491060
2025-10-04,Widener,Susquehanna,3,1,FINAL,6491157
2025-10-04,Wellesley,Salve Regina,3,1,FINAL,6491200
2025-10-04,Wm. Paterson,Mary Washington,3,0,FINAL,6491390
2025-10-04,JWU (Providence),Western New Eng.,3,1,FINAL,6491620
2025-10-04,Hunter,Stevens,0,3,FINAL,6491706
2025-10-04,Endicott,Curry,3,0,FINAL,6491817
2025-10-04,SUNY Brockport,Nazareth,3,1,FINAL,6491978
2025-10-04,Colby,Amherst,3,0,FINAL,6492226
2025-10-04,Lake Forest,Beloit,3,2,FINAL,6492512
2025-10-04,Wesleyan (GA),Maryville (TN),0,3,FINAL,6492564
2025-10-04,Juniata,Marymount (VA),3,0,FINAL,6492650
2025-10-04,Lawrence,Grinnell,1,3,FINAL,6492979
2025-10-04,Trinity (CT),Brandeis,3,2,FINAL,6493003
2025-10-04,Trinity Washington,East. Mennonite,0,3,FINAL,6493355
2025-10-04,Mary Baldwin,Meredith,0,3,FINAL,6493602
2025-10-04,Bowdoin,Hamilton,3,1,FINAL,6493774
2025-10-04,RIT,Carnegie Mellon,0,3,FINAL,6493818
2025-10-04,Mt. St. Joseph,Anderson (IN),3,0,FINAL,6493921
2025-10-04,Ripon,Cornell College,0,3,FINAL,6495715
2025-10-04,Salisbury,Wilkes,3,0,FINAL,6489339
2025-10-04,Texas Lutheran,Ozarks (AR),3,0,FINAL,6488456
2025-10-04,Clark (MA),Connecticut Col.,2,3,FINAL,6489364
2025-10-04,Fitchburg St.,Eastern Conn. St.,1,3,FINAL,6489865
2025-10-04,Alvernia,Immaculata,3,1,FINAL,6490009
2025-10-04,Utica,Alfred St.,1,3,FINAL,6490402
2025-10-04,Elizabethtown,Penn St.-Altoona,3,0,FINAL,6490741
2025-10-04,Penn St. Harrisburg,McDaniel,3,0,FINAL,6490789
2025-10-04,Lyon,MUW,3,1,FINAL,6491152
2025-10-04,Worcester St.,Mount Holyoke,0,3,FINAL,6491471
2025-10-04,St. Thomas (TX),Hendrix,3,1,FINAL,6491507
2025-10-04,Saint Joseph (CT),Framingham St.,0,3,FINAL,6491530
2025-10-04,John Jay,Regis (MA),2,3,FINAL,6493067
2025-10-04,Rowan,Brooklyn,3,0,FINAL,6493155
2025-10-04,Albertus Magnus,Medgar Evers,3,0,FINAL,6493388
2025-10-04,Houghton,Pitt.-Bradford,3,2,FINAL,6493733
2025-10-04,Schreiner,Centenary (LA),3,0,FINAL,6493899
2025-10-04,Emerson,Southern Me.,3,0,FINAL,6492474
2025-10-04,Colby-Sawyer,Mass. Maritime,3,0,FINAL,6492863
2025-10-04,King's (PA),Susquehanna,1,3,FINAL,6488659
2025-10-04,Wash. & Lee,Chris. Newport,1,3,FINAL,6488705
2025-10-04,Macalester,Wis.-Oshkosh,0,3,FINAL,6489377
2025-10-04,St. Scholastica,Saint Mary's (MN),3,2,FINAL,6489614
2025-10-04,Montclair St.,Stevens,3,2,FINAL,6490089
2025-10-04,Piedmont,LaGrange,0,3,FINAL,6490247
2025-10-04,Ohio Wesleyan,CWRU,0,3,FINAL,6490668
2025-10-04,DePauw,John Carroll,1,3,FINAL,6490822
2025-10-04,Stevenson,Wm. Paterson,1,3,FINAL,6490848
2025-10-04,SUNY Potsdam,Vassar,2,3,FINAL,6491078
2025-10-04,NYU,Manhattanville,3,0,FINAL,6491408
2025-10-04,Wittenberg,Muskingum,0,3,FINAL,6491784
2025-10-04,Catholic,Salisbury,0,3,FINAL,6492055
2025-10-04,Scranton,Marymount (VA),3,0,FINAL,6492651
2025-10-04,Wis.-La Crosse,Neb. Wesleyan,3,1,FINAL,6492932
2025-10-04,Saint Vincent,Thiel,0,3,FINAL,6493544
2025-10-04,Penn St.-Behrend,Carnegie Mellon,0,3,FINAL,6493819
2025-10-04,Drew,CCNY,3,0,FINAL,6493828
2025-10-04,Salem (NC),Meredith,0,3,FINAL,6495982
2025-10-04,Minn.-Morris,Northwestern-St. Paul,0,3,FINAL,6493251
2025-10-04,UC Santa Cruz,Whittier,3,2,FINAL,6493528
2025-10-04,Wis.-Whitewater,UChicago,3,0,FINAL,6488427
2025-10-04,VTSU Castleton,Fitchburg St.,3,1,FINAL,6489866
2025-10-04,MIT,Worcester St.,3,0,FINAL,6491670
2025-10-04,Elmira,Pitt.-Bradford,0,3,FINAL,6492170
2025-10-04,Westminster (PA),Wash. & Jeff.,3,0,FINAL,6488957
2025-10-04,Schreiner,LeTourneau,3,0,FINAL,6491898
2025-10-04,Austin,Colorado Col.,3,1,FINAL,6493643
2025-10-04,Huntingdon,Wesleyan (GA),3,0,FINAL,6500172
2025-10-04,Saint Benedict,Wis.-Oshkosh,0,3,FINAL,6489380
2025-10-04,St. Olaf,Wis.-La Crosse,3,1,FINAL,6490364
2025-10-04,Claremont-M-S,Occidental,3,0,FINAL,6489950
2025-10-04,Wilson,Penn St.-Berks,2,3,FINAL,6491224
2025-10-04,Simpson,Neb. Wesleyan,3,2,FINAL,6491691
2025-10-04,Caltech,La Verne,0,3,FINAL,6492637
2025-10-04,Pomona-Pitzer,Chapman,2,3,FINAL,6492722
2025-10-04,Elmhurst,Monmouth (IL),1,3,FINAL,6493002
2025-10-04,UW-River Falls,Macalester,3,0,FINAL,6490821
2025-10-04,Centenary (LA),Concordia (TX),0,3,FINAL,6492368
2025-10-04,McMurry,Dallas,3,0,FINAL,6493053
2025-10-04,George Fox,Whitworth,1,3,FINAL,6489942
2025-10-04,Lewis & Clark,Whitman,0,3,FINAL,6490164
2025-10-04,Pacific Lutheran,Pacific (OR),3,0,FINAL,6491545
2025-10-04,Cal Lutheran,Redlands,3,0,FINAL,6492182
2025-10-04,Puget Sound,Linfield,3,0,FINAL,6493975
2025-10-04,Texas Lutheran,LeTourneau,3,0,FINAL,6488457
2025-10-05,St. Thomas (TX),Austin,3,0,FINAL,6491508
2025-10-05,Spalding,Sewanee,2,3,FINAL,6491061
2025-10-05,Belhaven,Asbury,0,3,FINAL,6490224
2025-10-05,Colorado Col.,Hendrix,1,3,FINAL,6492535
2025-10-05,Schreiner,Ozarks (AR),3,0,FINAL,6493838
2025-10-05,NYU,Wesleyan (CT),0,3,FINAL,6489890
2025-10-05,Agnes Scott,Asbury,0,3,FINAL,6490231
2025-10-05,Concordia (TX),LeTourneau,1,3,FINAL,6491900
2025-10-05,Austin,McMurry,3,0,FINAL,6493214
2025-10-05,Belhaven,Agnes Scott,3,0,FINAL,6492740
2025-10-06,St. Joseph's (Brkln),Merchant Marine,0,3,FINAL,6491799
2025-10-06,St. Mary's (MD),Albright,3,1,FINAL,6492267
2025-10-06,Lehman,Pratt,0,3,FINAL,6493020
2025-10-07,Marywood,Drew,3,0,FINAL,6492467
2025-10-07,MCLA,Elms,3,2,FINAL,6489155
2025-10-07,VTSU Castleton,Skidmore,1,3,FINAL,6490081
2025-10-07,Lasell,Emmanuel (MA),2,3,FINAL,6490430
2025-10-07,Lesley,Salem St.,0,3,FINAL,6490669
2025-10-07,Ithaca,Hartwick,3,0,FINAL,6490861
2025-10-07,Maine Maritime,Me.-Presque Isle,3,0,FINAL,6491035
2025-10-07,Baruch,Brooklyn,3,1,FINAL,6491117
2025-10-07,Salve Regina,MIT,0,3,FINAL,6491671
2025-10-07,New England Col.,Anna Maria,3,0,FINAL,6492415
2025-10-07,Hunter,John Jay,2,3,FINAL,6493068
2025-10-07,York (NY),Valley Forge,1,3,FINAL,6493086
2025-10-07,Franciscan,Wash. & Jeff.,1,3,FINAL,6493111
2025-10-07,East. Mennonite,Randolph-Macon,1,3,FINAL,6493119
2025-10-07,Oswego St.,Nazareth,3,0,FINAL,6493129
2025-10-07,Elmira,Alfred St.,0,3,FINAL,6493393
2025-10-07,Averett,Hollins,3,0,FINAL,6489084
2025-10-07,Husson,Bates,0,3,FINAL,6489481
2025-10-07,Mount Aloysius,Penn St.-Altoona,3,0,FINAL,6488367
2025-10-07,Wheaton (IL),Wis. Lutheran,3,0,FINAL,6488774
2025-10-07,Connecticut Col.,Saint Joseph (CT),3,0,FINAL,6489366
2025-10-07,Dean,Regis (MA),0,3,FINAL,6489459
2025-10-07,Saint Mary's (MN),Concordia-M'head,2,3,FINAL,6489615
2025-10-07,Montclair St.,Rutgers-Camden,3,1,FINAL,6490093
2025-10-07,Agnes Scott,Piedmont,0,3,FINAL,6490252
2025-10-07,Luther,Dubuque,1,3,FINAL,6490322
2025-10-07,Kean,Stockton,1,3,FINAL,6490712
2025-10-07,Penn St.-Behrend,Hilbert,3,0,FINAL,6490968
2025-10-07,Ramapo,Rutgers-Newark,3,1,FINAL,6491003
2025-10-07,Coast Guard,Wellesley,3,0,FINAL,6491201
2025-10-07,Mount Holyoke,Clark (MA),3,0,FINAL,6491473
2025-10-07,Clarkson,St. Lawrence,3,1,FINAL,6491827
2025-10-07,Howard Payne,Mary Hardin-Baylor,0,3,FINAL,6491923
2025-10-07,Albertus Magnus,Mitchell,3,2,FINAL,6492296
2025-10-07,Emerson,Babson,0,3,FINAL,6492322
2025-10-07,Springfield,Wheaton (MA),3,0,FINAL,6492851
2025-10-07,SUNY Cobleskill,Utica,0,3,FINAL,6493300
2025-10-07,Wm. Paterson,Rowan,1,3,FINAL,6493356
2025-10-07,Simmons,Rivier,0,3,FINAL,6493401
2025-10-07,Buena Vista,Wartburg,0,3,FINAL,6493460
2025-10-07,Earlham,Ohio Wesleyan,3,2,FINAL,6493574
2025-10-07,SUNY Maritime,Merchant Marine,0,3,FINAL,6488485
2025-10-07,Huntingdon,Belhaven,3,0,FINAL,6493861
2025-10-07,Colorado Col.,Wooster,3,0,FINAL,6488883
2025-10-07,Knox,Rockford,0,3,FINAL,6488914
2025-10-07,St. Scholastica,Wis.-Stout,3,0,FINAL,6489061
2025-10-07,Bethany Lutheran,Hamline,1,3,FINAL,6490014
2025-10-07,Wis.-Platteville,Edgewood,1,3,FINAL,6490305
2025-10-07,Beloit,Eureka,0,3,FINAL,6492513
2025-10-07,Alverno,Lake Forest,2,3,FINAL,6492584
2025-10-07,Occidental,Cal Lutheran,0,3,FINAL,6489971
2025-10-07,George Fox,Pacific (OR),3,1,FINAL,6490976
2025-10-07,Redlands,Caltech,3,1,FINAL,6492183
2025-10-07,Chapman,Claremont-M-S,1,3,FINAL,6492723
2025-10-07,Whittier,Pomona-Pitzer,3,0,FINAL,6493757
2025-10-08,Asbury,Maryville (TN),2,3,FINAL,6490248
2025-10-08,Plymouth St.,Keene St.,1,3,FINAL,6491306
2025-10-08,Westminster (PA),Grove City,3,0,FINAL,6488958
2025-10-08,UMass Boston,Southern Me.,3,0,FINAL,6489037
2025-10-08,Farmingdale St.,Sarah Lawrence,3,0,FINAL,6489282
2025-10-08,Buffalo St.,Fredonia,0,3,FINAL,6489411
2025-10-08,Roger Williams,JWU (Providence),3,0,FINAL,6489611
2025-10-08,Salem (NC),Brevard,3,0,FINAL,6489841
2025-10-08,Lynchburg,Guilford,3,0,FINAL,6489959
2025-10-08,Curry,Hartford,0,3,FINAL,6490109
2025-10-08,Salisbury,Chris. Newport,1,3,FINAL,6490192
2025-10-08,Mt. St. Mary (NY),Old Westbury,3,0,FINAL,6491019
2025-10-08,Southern Va.,Greensboro,1,3,FINAL,6491322
2025-10-08,Eastern Conn. St.,WestConn,3,0,FINAL,6491652
2025-10-08,Endicott,Nichols,3,0,FINAL,6491818
2025-10-08,Meredith,William Peace,2,3,FINAL,6492963
2025-10-08,Albion,Olivet,3,2,FINAL,6491634
2025-10-08,Adrian,Hope,0,3,FINAL,6493244
2025-10-08,Texas Lutheran,Southwestern (TX),2,3,FINAL,6488458
2025-10-08,Stevens,FDU-Florham,3,0,FINAL,6488554
2025-10-08,Alfred,Rochester (NY),3,0,FINAL,6488587
2025-10-08,Misericordia,King's (PA),3,0,FINAL,6488660
2025-10-08,Gettysburg,Keystone,3,0,FINAL,6488685
2025-10-08,Capital,Heidelberg,0,3,FINAL,6489105
2025-10-08,Trine,St. Mary's (IN),3,1,FINAL,6489190
2025-10-08,Oberlin,La Roche,3,0,FINAL,6489197
2025-10-08,Waynesburg,Saint Vincent,0,3,FINAL,6489239
2025-10-08,Pfeiffer,Methodist,3,0,FINAL,6489490
2025-10-08,Wilmington (OH),Muskingum,0,3,FINAL,6489537
2025-10-08,Bluffton,Wittenberg,0,3,FINAL,6489540
2025-10-08,Thiel,Allegheny,3,1,FINAL,6489742
2025-10-08,Rhode Island Col.,UMass Dartmouth,0,3,FINAL,6489764
2025-10-08,U New England,Suffolk,3,0,FINAL,6489918
2025-10-08,Penn St.-Berks,Cedar Crest,0,3,FINAL,6490276
2025-10-08,Geneva,Hiram,0,3,FINAL,6490395
2025-10-08,Otterbein,Marietta,1,3,FINAL,6490451
2025-10-08,McDaniel,Franklin & Marshall,0,3,FINAL,6490484
2025-10-08,Lycoming,Penn College,3,0,FINAL,6490613
2025-10-08,DePauw,Mt. St. Joseph,3,1,FINAL,6490824
2025-10-08,Stevenson,York (PA),3,0,FINAL,6490850
2025-10-08,Gallaudet,Rosemont,3,0,FINAL,6490915
2025-10-08,Transylvania,Spalding,3,0,FINAL,6491062
2025-10-08,Kalamazoo,Alma,3,1,FINAL,6491278
2025-10-08,Washington Col.,Bryn Mawr,3,0,FINAL,6491364
2025-10-08,Randolph-Macon,Mary Washington,3,0,FINAL,6491391
2025-10-08,Johns Hopkins,Dickinson,3,0,FINAL,6491584
2025-10-08,Western New Eng.,Gordon,0,3,FINAL,6491621
2025-10-08,Lebanon Valley,Arcadia,3,1,FINAL,6491724
2025-10-08,Alvernia,Eastern,0,3,FINAL,6491857
2025-10-08,Albright,Widener,0,3,FINAL,6492045
2025-10-08,Notre Dame (MD),Lancaster Bible,0,3,FINAL,6492340
2025-10-08,Delaware Valley,DeSales,0,3,FINAL,6492492
2025-10-08,Muhlenberg,Haverford,1,3,FINAL,6492785
2025-10-08,Bethany (WV),Chatham,0,3,FINAL,6492807
2025-10-08,Ohio Northern,Baldwin Wallace,1,3,FINAL,6493336
2025-10-08,Illinois Tech,Concordia Chicago,3,1,FINAL,6493438
2025-10-08,Manhattanville,St. Joseph's (L.I.),3,0,FINAL,6493513
2025-10-08,St. Mary's (MD),Penn St.-Abington,3,0,FINAL,6493673
2025-10-08,Hood,Messiah,0,3,FINAL,6493720
2025-10-08,Coe,Loras,3,0,FINAL,6496070
2025-10-08,Webster,WashU,0,3,FINAL,6488531
2025-10-08,Millikin,Wheaton (IL),3,2,FINAL,6488777
2025-10-08,Greenville,Rose-Hulman,1,3,FINAL,6488960
2025-10-08,Wis.-Oshkosh,Carroll (WI),3,0,FINAL,6489382
2025-10-08,Hamline,St. Olaf,0,3,FINAL,6490017
2025-10-08,Carleton,Augsburg,3,1,FINAL,6490132
2025-10-08,St. Catherine,Macalester,3,1,FINAL,6490733
2025-10-08,Westminster (MO),Blackburn,3,0,FINAL,6491606
2025-10-08,Carthage,Ill. Wesleyan,1,3,FINAL,6492922
2025-10-08,Northwestern-St. Paul,Wis.-Eau Claire,1,3,FINAL,6493253
2025-10-08,Lawrence,Ripon,3,2,FINAL,6493743
2025-10-08,North Park,North Central (IL),0,3,FINAL,6529007
2025-10-09,Millsaps,Rhodes,3,1,FINAL,6488845
2025-10-09,Fitchburg St.,Dean,3,0,FINAL,6489462
2025-10-09,Framingham St.,Emmanuel (MA),2,3,FINAL,6490431
2025-10-09,Wellesley,Brandeis,1,3,FINAL,6491202
2025-10-09,Hunter,Merchant Marine,3,2,FINAL,6491800
2025-10-09,New England Col.,VTSU Castleton,0,3,FINAL,6492201
2025-10-09,Gwynedd Mercy,Rutgers-Camden,2,3,FINAL,6492427
2025-10-09,Brooklyn,New Jersey City,0,3,FINAL,6493157
2025-10-09,East. Mennonite,Sweet Briar,3,0,FINAL,6493187
2025-10-09,Roanoke,Bridgewater (VA),0,3,FINAL,6492661
2025-10-09,Monmouth (IL),Central (IA),1,3,FINAL,6493006
2025-10-09,SUNY Maritime,Purchase,3,0,FINAL,6488488
2025-10-09,Berea,Huntingdon,3,1,FINAL,6489011
2025-10-09,Elms,Lesley,3,1,FINAL,6489639
2025-10-09,Drew,Stockton,0,3,FINAL,6490714
2025-10-09,Old Westbury,Medgar Evers,3,0,FINAL,6491020
2025-10-09,Pratt,Baruch,3,1,FINAL,6491118
2025-10-09,St. Thomas (TX),McMurry,3,0,FINAL,6491509
2025-10-09,East Tex. Baptist,Centre,3,0,FINAL,6491983
2025-10-09,Centenary (NJ),Ramapo,0,3,FINAL,6492237
2025-10-09,UMSV,St. Joseph's (Brkln),2,3,FINAL,6492762
2025-10-09,Amherst,Springfield,0,3,FINAL,6492852
2025-10-09,Emerson,St. Joseph's (ME),3,1,FINAL,6493272
2025-10-09,Simmons,Wheaton (MA),1,3,FINAL,6493789
2025-10-09,Aurora,Concordia Wisconsin,3,1,FINAL,6488379
2025-10-09,Lakeland,Marian (WI),3,0,FINAL,6488734
2025-10-09,Edgewood,MSOE,3,0,FINAL,6489546
2025-10-09,Dominican (IL),Rockford,0,3,FINAL,6492308
2025-10-09,Alverno,Benedictine (IL),0,3,FINAL,6495743
2025-10-09,Mary Baldwin,Pfeiffer,0,3,FINAL,6489491
2025-10-10,Houghton,SUNY Poly,3,0,FINAL,6500959
2025-10-10,Wis.-Platteville,Simpson,3,1,FINAL,6490309
2025-10-10,Buena Vista,Crown (MN),3,0,FINAL,6491939
2025-10-10,Me.-Presque Isle,VTSU-Johnson,3,1,FINAL,6493931
2025-10-10,North Park,Simpson,2,3,FINAL,6491692
2025-10-10,Carthage,Mount Union,3,1,FINAL,6489264
2025-10-10,Immaculata,Rutgers-Newark,3,0,FINAL,6490016
2025-10-10,Chris. Newport,Randolph-Macon,3,0,FINAL,6490193
2025-10-10,Mitchell,Eastern Conn. St.,0,3,FINAL,6491653
2025-10-10,Lawrence,Hardin-Simmons,0,3,FINAL,6491760
2025-10-10,Colorado Col.,Schreiner,2,3,FINAL,6493644
2025-10-10,Me.-Presque Isle,VTSU-Johnson,1,3,FINAL,6493932
2025-10-10,Plattsburgh St.,Oswego St.,0,3,FINAL,6488403
2025-10-10,Concordia (TX),Texas Lutheran,1,3,FINAL,6488459
2025-10-10,Farmingdale St.,King's (PA),3,0,FINAL,6488661
2025-10-10,SUNY New Paltz,SUNY Morrisville,3,1,FINAL,6488826
2025-10-10,Carnegie Mellon,Capital,3,0,FINAL,6489106
2025-10-10,Bates,Connecticut Col.,0,3,FINAL,6489369
2025-10-10,Hartwick,St. John Fisher,0,3,FINAL,6489688
2025-10-10,St. Lawrence,Skidmore,0,3,FINAL,6490082
2025-10-10,Wis.-Platteville,North Park,3,0,FINAL,6490307
2025-10-10,SUNY Oneonta,Cortland,0,3,FINAL,6490605
2025-10-10,Lycoming,Catholic,1,3,FINAL,6490618
2025-10-10,SUNY Potsdam,SUNY Canton,3,0,FINAL,6491079
2025-10-10,Mount Holyoke,Westfield St.,3,0,FINAL,6491180
2025-10-10,Vassar,Ithaca,0,3,FINAL,6491363
2025-10-10,Tufts,Trinity (CT),3,0,FINAL,6491737
2025-10-10,Endicott,Babson,1,3,FINAL,6491819
2025-10-10,Russell Sage,Nazareth,3,0,FINAL,6491881
2025-10-10,SUNY Brockport,Keuka,3,0,FINAL,6491980
2025-10-10,SUNY Geneseo,Elmira,3,0,FINAL,6492171
2025-10-10,William Peace,Salem (NC),0,3,FINAL,6492964
2025-10-10,Wm. Paterson,Illinois Col.,1,3,FINAL,6493609
2025-10-10,Worcester St.,Salem St.,3,1,FINAL,6500954
2025-10-10,Hope,Millikin,3,1,FINAL,6493266
2025-10-10,Middlebury,Bowdoin,0,3,FINAL,6488515
2025-10-10,Alfred,Utica,3,1,FINAL,6488588
2025-10-10,Williams,Colby,1,3,FINAL,6488637
2025-10-10,Kalamazoo,Wheaton (IL),1,3,FINAL,6488778
2025-10-10,Berea,Piedmont,3,0,FINAL,6489012
2025-10-10,Thiel,Waynesburg,3,0,FINAL,6489242
2025-10-10,Wilkes,Susquehanna,1,3,FINAL,6489344
2025-10-10,Allegheny,Bethany (WV),3,0,FINAL,6489744
2025-10-10,Calvin,Carthage,3,2,FINAL,6489776
2025-10-10,Hamilton,Wesleyan (CT),0,3,FINAL,6489892
2025-10-10,Immaculata,York (PA),1,3,FINAL,6490018
2025-10-10,Union (NY),RIT,3,0,FINAL,6490045
2025-10-10,Wis.-La Crosse,Dubuque,3,2,FINAL,6490323
2025-10-10,Moravian,Elizabethtown,3,0,FINAL,6490541
2025-10-10,Bard,William Smith,0,3,FINAL,6491279
2025-10-10,Loras,Luther,3,1,FINAL,6491644
2025-10-10,Dallas,LeTourneau,0,3,FINAL,6491902
2025-10-10,Widener,Arcadia,3,2,FINAL,6492034
2025-10-10,Lake Forest,Illinois Tech,1,3,FINAL,6492586
2025-10-10,Grinnell,Wartburg,1,3,FINAL,6492980
2025-10-10,Wash. & Jeff.,Grove City,1,3,FINAL,6493234
2025-10-10,Rowan,St. Mary's (MD),3,0,FINAL,6493354
2025-10-10,Juniata,Goucher,3,0,FINAL,6493672
2025-10-10,Anderson (IN),Franklin,0,3,FINAL,6493786
2025-10-10,Austin,Centenary (LA),3,0,FINAL,6493900
2025-10-10,Wis.-Whitewater,Hardin-Simmons,3,1,FINAL,6488428
2025-10-10,Carroll (WI),Lawrence,0,3,FINAL,6493745
2025-10-10,Wis.-Eau Claire,Coe,3,1,FINAL,6496086
2025-10-10,Saint Mary's (MN),Hamline,3,1,FINAL,6489618
2025-10-10,St. Olaf,Gustavus Adolphus,3,2,FINAL,6490366
2025-10-10,St. Scholastica,Saint Benedict,2,3,FINAL,6491770
2025-10-10,Martin Luther,North Central (MN),3,0,FINAL,6491870
2025-10-10,Concordia (TX),Mary Hardin-Baylor,1,3,FINAL,6491924
2025-10-10,Monmouth (IL),Cornell College,0,3,FINAL,6493004
2025-10-10,Augustana (IL),Elmhurst,3,0,FINAL,6493353
2025-10-10,Whitworth,Pacific Lutheran,3,0,FINAL,6489947
2025-10-10,Caltech,Occidental,2,3,FINAL,6489977
2025-10-10,Lewis & Clark,Linfield,2,3,FINAL,6490165
2025-10-10,Pacific (OR),Willamette,0,3,FINAL,6491455
2025-10-10,La Verne,Redlands,3,0,FINAL,6492184
2025-10-10,Cal Lutheran,Chapman,3,1,FINAL,6492724
2025-10-10,Whitman,Puget Sound,1,3,FINAL,6492841
2025-10-10,Claremont-M-S,Whittier,3,0,FINAL,6493322
2025-10-11,Webster,Greenville,1,3,FINAL,6492004
2025-10-11,Neumann,Pratt,3,0,FINAL,6490770
2025-10-11,Kean,Illinois Col.,3,2,FINAL,6490939
2025-10-11,Merchant Marine,UMSV,3,1,FINAL,6491801
2025-10-11,Ramapo,Mt. St. Mary (NY),3,1,FINAL,6492238
2025-10-11,Centenary (NJ),FDU-Florham,1,3,FINAL,6488555
2025-10-11,Stevens,Wash. & Lee,3,2,FINAL,6488706
2025-10-11,Fitchburg St.,MCLA,1,3,FINAL,6489156
2025-10-11,Saint Joseph (CT),Dean,3,1,FINAL,6489464
2025-10-11,Elms,New England Col.,2,3,FINAL,6489640
2025-10-11,Brevard,Meredith,0,3,FINAL,6489844
2025-10-11,MUW,Westminster (MO),2,3,FINAL,6491155
2025-10-11,Lyon,Westminster (MO),0,3,FINAL,6491607
2025-10-11,Blackburn,Greenville,0,3,FINAL,6492006
2025-10-11,Penn College,Lancaster Bible,0,3,FINAL,6492342
2025-10-11,Suffolk,Wentworth,0,3,FINAL,6492382
2025-10-11,Marywood,Gwynedd Mercy,3,0,FINAL,6492428
2025-10-11,Me.-Presque Isle,VTSU Lyndon,3,0,FINAL,6492599
2025-10-11,Roanoke,Randolph,2,3,FINAL,6492684
2025-10-11,Baldwin Wallace,Otterbein,2,3,FINAL,6492753
2025-10-11,Hope,Coe,3,0,FINAL,6493270
2025-10-11,Wis.-Eau Claire,Millikin,3,1,FINAL,6493378
2025-10-11,St. Joseph's (ME),Rivier,3,1,FINAL,6493402
2025-10-11,Purchase,St. Joseph's (L.I.),0,3,FINAL,6493561
2025-10-11,Rosemont,Penn St.-Abington,0,3,FINAL,6493674
2025-10-11,Mount Union,Wheaton (IL),3,1,FINAL,6488779
2025-10-11,Wis.-Whitewater,Carroll (WI),3,0,FINAL,6488429
2025-10-11,Knox,Beloit,3,1,FINAL,6488915
2025-10-11,Chatham,Westminster (PA),3,2,FINAL,6488962
2025-10-11,Wilkes,Elizabethtown,1,3,FINAL,6489346
2025-10-11,Russell Sage,St. John Fisher,0,3,FINAL,6489692
2025-10-11,UMass Dartmouth,WestConn,3,0,FINAL,6489765
2025-10-11,Asbury,Huntingdon,3,0,FINAL,6490266
2025-10-11,Wis.-Platteville,Loras,3,0,FINAL,6490311
2025-10-11,Methodist,Southern Va.,3,1,FINAL,6490542
2025-10-11,Covenant,Belhaven,3,0,FINAL,6490561
2025-10-11,Lycoming,Goucher,3,1,FINAL,6490621
2025-10-11,Gallaudet,Penn St. Harrisburg,3,1,FINAL,6490790
2025-10-11,Maine Maritime,SUNY Delhi,3,0,FINAL,6491038
2025-10-11,SUNY Potsdam,Oswego St.,1,3,FINAL,6491080
2025-10-11,Greensboro,N.C. Wesleyan,3,0,FINAL,6491323
2025-10-11,Bridgewater St.,Framingham St.,3,1,FINAL,6491573
2025-10-11,Ursinus,Johns Hopkins,0,3,FINAL,6491586
2025-10-11,Wis.-Stevens Point,Hardin-Simmons,3,2,FINAL,6491762
2025-10-11,Hiram,Franciscan,3,1,FINAL,6491841
2025-10-11,Washington Col.,Muhlenberg,3,1,FINAL,6492346
2025-10-11,Southern Me.,Rhode Island Col.,3,2,FINAL,6492475
2025-10-11,Hendrix,Ozarks (AR),3,0,FINAL,6492536
2025-10-11,LaGrange,Maryville (TN),1,3,FINAL,6492565
2025-10-11,St. Joseph's (Brkln),Manhattanville,2,3,FINAL,6492763
2025-10-11,Centenary (NJ),Marymount (VA),0,3,FINAL,6492770
2025-10-11,Mass. Maritime,Anna Maria,3,0,FINAL,6492864
2025-10-11,Pratt,Rutgers-Camden,0,3,FINAL,6492895
2025-10-11,Juniata,Catholic,3,0,FINAL,6492898
2025-10-11,Hunter,Mt. St. Mary (NY),2,3,FINAL,6493453
2025-10-11,Lasell,Colby-Sawyer,3,0,FINAL,6493942
2025-10-11,Alfred St.,Mount Aloysius,1,3,FINAL,6488368
2025-10-11,Concordia Wisconsin,MSOE,3,0,FINAL,6488380
2025-10-11,Plattsburgh St.,SUNY Canton,2,3,FINAL,6488404
2025-10-11,Alfred,SUNY Poly,3,0,FINAL,6488589
2025-10-11,Bluffton,Hanover,0,3,FINAL,6488615
2025-10-11,Keystone,St. Mary's (MD),0,3,FINAL,6488688
2025-10-11,Scranton,Wash. & Lee,1,3,FINAL,6488707
2025-10-11,SUNY New Paltz,Cortland,0,3,FINAL,6488827
2025-10-11,Millsaps,Berry,0,3,FINAL,6488846
2025-10-11,Wooster,DePauw,0,3,FINAL,6488884
2025-10-11,Berea,Rose-Hulman,0,3,FINAL,6488961
2025-10-11,UMass Boston,Keene St.,3,2,FINAL,6489038
2025-10-11,Averett,Warren Wilson,3,0,FINAL,6489132
2025-10-11,Lesley,MCLA,0,3,FINAL,6489157
2025-10-11,Hilbert,La Roche,3,2,FINAL,6489216
2025-10-11,Calvin,Mount Union,3,0,FINAL,6489267
2025-10-11,Emmanuel (MA),Dean,3,1,FINAL,6489466
2025-10-11,Husson,SUNY Cobleskill,3,2,FINAL,6489483
2025-10-11,Nichols,Roger Williams,0,3,FINAL,6489622
2025-10-11,John Carroll,Denison,3,1,FINAL,6489734
2025-10-11,Swarthmore,Gettysburg,3,1,FINAL,6489823
2025-10-11,Rivier,Norwich,3,0,FINAL,6489961
2025-10-11,Immaculata,Saint Elizabeth,3,0,FINAL,6490023
2025-10-11,Hartford,Gordon,0,3,FINAL,6490110
2025-10-11,Bates,Trinity (CT),3,1,FINAL,6490181
2025-10-11,Cedar Crest,Notre Dame (MD),1,3,FINAL,6490278
2025-10-11,Saint Vincent,Geneva,3,0,FINAL,6490397
2025-10-11,Heidelberg,Marietta,2,3,FINAL,6490452
2025-10-11,Oberlin,Wittenberg,0,3,FINAL,6490504
2025-10-11,Va. Wesleyan,Stevenson,3,0,FINAL,6490853
2025-10-11,Pitt.-Bradford,Penn St.-Altoona,3,1,FINAL,6490896
2025-10-11,Gwynedd Mercy,Rutgers-Newark,3,1,FINAL,6491005
2025-10-11,MUW,Lyon,2,3,FINAL,6491156
2025-10-11,Kalamazoo,Carthage,0,3,FINAL,6491233
2025-10-11,Plymouth St.,VTSU Castleton,3,0,FINAL,6491307
2025-10-11,Bryn Mawr,Dickinson,0,3,FINAL,6491380
2025-10-11,Mary Washington,Shenandoah,3,1,FINAL,6491392
2025-10-11,SUNY Oneonta,SUNY Morrisville,2,3,FINAL,6491429
2025-10-11,New England Col.,Western New Eng.,0,3,FINAL,6491622
2025-10-11,Southwestern (TX),Sewanee,3,0,FINAL,6492007
2025-10-11,Keuka,SUNY Geneseo,0,3,FINAL,6492227
2025-10-11,Rockford,Lakeland,0,3,FINAL,6492309
2025-10-11,Cairn,Valley Forge,3,0,FINAL,6492452
2025-10-11,Illinois Tech,Wis. Lutheran,1,3,FINAL,6492696
2025-10-11,Albion,Otterbein,3,0,FINAL,6492755
2025-10-11,Haverford,McDaniel,3,0,FINAL,6492786
2025-10-11,Rhodes,Oglethorpe,3,1,FINAL,6492877
2025-10-11,Colorado Col.,McMurry,3,1,FINAL,6493215
2025-10-11,Coe,Millikin,2,3,FINAL,6493379
2025-10-11,Concordia Chicago,Alverno,3,1,FINAL,6493439
2025-10-11,Kenyon,Ohio Wesleyan,0,3,FINAL,6493499
2025-10-11,Dominican (IL),Edgewood,1,3,FINAL,6493697
2025-10-11,Ohio Northern,Muskingum,2,3,FINAL,6495728
2025-10-11,Hope,Wis.-Eau Claire,1,3,FINAL,6493274
2025-10-11,Middlebury,Colby,1,3,FINAL,6488516
2025-10-11,Marymount (VA),FDU-Florham,0,3,FINAL,6488556
2025-10-11,Williams,Bowdoin,3,2,FINAL,6488638
2025-10-11,Tufts,Connecticut Col.,3,2,FINAL,6489373
2025-10-11,UMass Dartmouth,Simmons,3,0,FINAL,6489766
2025-10-11,Amherst,Wesleyan (CT),0,3,FINAL,6489893
2025-10-11,JWU (Providence),U New England,3,0,FINAL,6489921
2025-10-11,Union (NY),Ithaca,0,3,FINAL,6490046
2025-10-11,Elizabethtown,Montclair St.,1,3,FINAL,6490094
2025-10-11,Huntingdon,Piedmont,3,1,FINAL,6490254
2025-10-11,Wis.-Platteville,Luther,3,0,FINAL,6490315
2025-10-11,Neumann,Rutgers-Camden,3,2,FINAL,6490772
2025-10-11,Albright,Penn St. Harrisburg,0,3,FINAL,6490791
2025-10-11,Hartwick,Nazareth,3,0,FINAL,6490863
2025-10-11,Kean,Misericordia,1,3,FINAL,6490940
2025-10-11,Penn St.-Behrend,Pitt.-Greensburg,3,0,FINAL,6490992
2025-10-11,Bard,RIT,0,3,FINAL,6491280
2025-10-11,Vassar,William Smith,1,3,FINAL,6491365
2025-10-11,Carroll (WI),Hardin-Simmons,3,1,FINAL,6491764
2025-10-11,Hamilton,Clarkson,3,0,FINAL,6491828
2025-10-11,Austin,LeTourneau,1,3,FINAL,6491903
2025-10-11,Elmira,SUNY Brockport,1,3,FINAL,6491984
2025-10-11,Ramapo,Hunter,3,1,FINAL,6492239
2025-10-11,Agnes Scott,Maryville (TN),0,3,FINAL,6492566
2025-10-11,Earlham,Transylvania,3,2,FINAL,6492831
2025-10-11,Dallas,Centenary (LA),3,2,FINAL,6493054
2025-10-11,St. Lawrence,Oswego St.,3,0,FINAL,6493130
2025-10-11,Thomas (ME),Rhode Island Col.,1,3,FINAL,6493282
2025-10-11,Lawrence,Wis.-Stevens Point,1,3,FINAL,6493498
2025-10-11,Illinois Col.,Misericordia,1,3,FINAL,6493596
2025-10-11,Houghton,Utica,3,1,FINAL,6493638
2025-10-11,Wesleyan (GA),Belhaven,0,3,FINAL,6493877
2025-10-11,Messiah,Catholic,3,0,FINAL,6492899
2025-10-11,Elms,Western New Eng.,0,3,FINAL,6489643
2025-10-11,St. Joseph's (ME),Norwich,3,0,FINAL,6489967
2025-10-11,Fitchburg St.,Lesley,3,1,FINAL,6490022
2025-10-11,Saint Joseph (CT),Emmanuel (MA),0,3,FINAL,6490432
2025-10-11,Marywood,Rutgers-Newark,3,0,FINAL,6491004
2025-10-11,Stevens,Scranton,3,1,FINAL,6491707
2025-10-11,Blackburn,Webster,3,2,FINAL,6492624
2025-10-11,SUNY Delhi,St. Norbert,0,3,FINAL,6489784
2025-10-11,Wis.-Whitewater,Lawrence,3,0,FINAL,6488430
2025-10-11,Aurora,Marian (WI),3,0,FINAL,6488735
2025-10-11,Wilkes,Montclair St.,0,3,FINAL,6489348
2025-10-11,Asbury,Piedmont,3,0,FINAL,6490255
2025-10-11,Moravian,Susquehanna,1,3,FINAL,6490543
2025-10-11,Covenant,Wesleyan (GA),3,0,FINAL,6490562
2025-10-11,Gallaudet,Albright,3,0,FINAL,6490916
2025-10-11,Southern Me.,Thomas (ME),3,0,FINAL,6492476
2025-10-11,LaGrange,Agnes Scott,3,0,FINAL,6492741
2025-10-11,Minn.-Morris,St. Scholastica,3,2,FINAL,6492820
2025-10-11,Baldwin Wallace,Albion,0,3,FINAL,6492887
2025-10-11,Alfred St.,Alfred,1,3,FINAL,6493394
2025-10-11,Concordia-M'head,Bethel (MN),0,3,FINAL,6493509
2025-10-11,Calvin,Wheaton (IL),3,1,FINAL,6488790
2025-10-11,Maine Maritime,St. Norbert,3,2,FINAL,6489785
2025-10-11,Central (IA),UW-River Falls,3,0,FINAL,6490823
2025-10-11,SUNY Potsdam,St. Lawrence,1,3,FINAL,6491081
2025-10-11,Salisbury,Va. Wesleyan,3,1,FINAL,6492056
2025-10-11,Juniata,Messiah,3,0,FINAL,6493721
2025-10-11,Macalester,Saint Mary's (MN),2,3,FINAL,6489619
2025-10-11,Gustavus Adolphus,Augsburg,3,0,FINAL,6490133
2025-10-11,Saint Benedict,St. Catherine,3,0,FINAL,6490737
2025-10-11,Manchester,Mt. St. Joseph,0,3,FINAL,6491101
2025-10-11,Trinity (TX),Centre,3,0,FINAL,6491985
2025-10-11,Concordia-M'head,Northwestern-St. Paul,0,3,FINAL,6493255
2025-10-11,Occidental,La Verne,0,3,FINAL,6489982
2025-10-11,Chapman,Caltech,3,0,FINAL,6492725
2025-10-11,Pomona-Pitzer,Claremont-M-S,1,3,FINAL,6493323
2025-10-11,Whitworth,Puget Sound,1,3,FINAL,6489951
2025-10-11,Willamette,Lewis & Clark,3,0,FINAL,6490166
2025-10-11,Linfield,George Fox,3,0,FINAL,6490977
2025-10-11,Whitman,Pacific Lutheran,3,0,FINAL,6491546
2025-10-11,Whittier,Cal Lutheran,1,3,FINAL,6493751
2025-10-12,Carnegie Mellon,Rochester (NY),3,0,FINAL,6490239
2025-10-12,Brandeis,NYU,0,3,FINAL,6491409
2025-10-12,Salisbury,Stevenson,3,2,FINAL,6490855
2025-10-12,Maine Maritime,SUNY Cobleskill,3,0,FINAL,6491040
2025-10-12,Carnegie Mellon,WashU,1,3,FINAL,6488532
2025-10-12,Ohio Wesleyan,Hanover,2,3,FINAL,6488616
2025-10-12,Emory,UChicago,1,3,FINAL,6488780
2025-10-12,Husson,SUNY Delhi,3,2,FINAL,6489489
2025-10-12,CWRU,Rochester (NY),3,2,FINAL,6490236
2025-10-12,Millsaps,Oglethorpe,3,2,FINAL,6488847
2025-10-12,Rhodes,Berry,1,3,FINAL,6491347
2025-10-12,Southwestern (TX),Centre,3,1,FINAL,6491987
2025-10-12,Trinity (TX),Sewanee,3,1,FINAL,6492010
2025-10-12,SUNY Cobleskill,St. Norbert,0,3,FINAL,6489788
2025-10-12,CWRU,WashU,3,1,FINAL,6488533
2025-10-12,Brandeis,UChicago,0,3,FINAL,6488781
2025-10-12,NYU,Emory,1,3,FINAL,6490880
2025-10-12,St. Thomas (TX),Schreiner,3,2,FINAL,6491512
2025-10-12,East Tex. Baptist,Hendrix,3,0,FINAL,6492537
2025-10-12,Maine Maritime,St. Norbert,3,2,FINAL,6489789
2025-10-14,Plattsburgh St.,Colby-Sawyer,3,1,FINAL,6488405
2025-10-14,Salem (NC),Pfeiffer,3,0,FINAL,6489493
2025-10-14,Brevard,Warren Wilson,3,0,FINAL,6489846
2025-10-14,Salem St.,Fitchburg St.,3,1,FINAL,6490025
2025-10-14,Anna Maria,Hartford,0,3,FINAL,6490111
2025-10-14,Cortland,SUNY Morrisville,3,1,FINAL,6490608
2025-10-14,Sarah Lawrence,Old Westbury,3,0,FINAL,6491022
2025-10-14,MIT,Emerson,3,0,FINAL,6491672
2025-10-14,Southern Va.,Bridgewater (VA),2,3,FINAL,6493374
2025-10-14,Medgar Evers,Lehman,1,3,FINAL,6493390
2025-10-14,UMSV,Mt. St. Mary (NY),0,3,FINAL,6493455
2025-10-14,Meredith,N.C. Wesleyan,3,0,FINAL,6495983
2025-10-14,Wash. & Lee,East. Mennonite,3,0,FINAL,6488708
2025-10-14,Husson,Southern Me.,1,3,FINAL,6489492
2025-10-14,Alma,Albion,0,3,FINAL,6492096
2025-10-14,Trine,Adrian,3,1,FINAL,6492110
2025-10-14,Brooklyn,CCNY,3,1,FINAL,6493159
2025-10-14,St. Joseph's (L.I.),SUNY Maritime,3,0,FINAL,6488490
2025-10-14,FDU-Florham,Misericordia,1,3,FINAL,6488557
2025-10-14,King's (PA),Lebanon Valley,0,3,FINAL,6488664
2025-10-14,Cedar Crest,Keystone,3,1,FINAL,6488691
2025-10-14,Calvin,St. Mary's (IN),3,0,FINAL,6489194
2025-10-14,Muskingum,Mount Union,3,1,FINAL,6489269
2025-10-14,Purchase,Farmingdale St.,0,3,FINAL,6489283
2025-10-14,Wilkes,Moravian,0,3,FINAL,6489350
2025-10-14,Immaculata,Washington Col.,0,3,FINAL,6490044
2025-10-14,Rowan,Montclair St.,3,0,FINAL,6490327
2025-10-14,Emmanuel (MA),Simmons,3,0,FINAL,6490433
2025-10-14,Lycoming,Juniata,0,3,FINAL,6490624
2025-10-14,Stockton,Wm. Paterson,3,0,FINAL,6490716
2025-10-14,Susquehanna,Elizabethtown,3,0,FINAL,6490742
2025-10-14,Widener,Stevenson,0,3,FINAL,6490857
2025-10-14,Valley Forge,Gallaudet,0,3,FINAL,6490917
2025-10-14,Rutgers-Newark,Kean,0,3,FINAL,6490941
2025-10-14,Spalding,Franklin,1,3,FINAL,6491063
2025-10-14,Wellesley,Mount Holyoke,2,3,FINAL,6491203
2025-10-14,Penn St.-Berks,Notre Dame (MD),0,3,FINAL,6491225
2025-10-14,Hope,Kalamazoo,3,0,FINAL,6491236
2025-10-14,Pratt,Bard,3,2,FINAL,6491281
2025-10-14,Greensboro,William Peace,3,0,FINAL,6491325
2025-10-14,DeSales,Stevens,0,3,FINAL,6491708
2025-10-14,Manhattanville,Merchant Marine,3,0,FINAL,6491802
2025-10-14,Eastern,Hood,3,0,FINAL,6492009
2025-10-14,Messiah,Albright,3,1,FINAL,6492268
2025-10-14,Lancaster Bible,Rosemont,3,0,FINAL,6492343
2025-10-14,Babson,WPI,3,1,FINAL,6492393
2025-10-14,East Tex. Baptist,Centenary (LA),3,0,FINAL,6492553
2025-10-14,Arcadia,Delaware Valley,3,0,FINAL,6492732
2025-10-14,York (PA),Alvernia,3,1,FINAL,6492782
2025-10-14,Mass. Maritime,Worcester St.,0,3,FINAL,6492865
2025-10-14,Rutgers-Camden,New Jersey City,2,3,FINAL,6492897
2025-10-14,Goucher,Catholic,1,3,FINAL,6492900
2025-10-14,St. Mary's (MD),Wilson,3,0,FINAL,6492945
2025-10-14,Franciscan,Chatham,1,3,FINAL,6493112
2025-10-14,Wheaton (MA),Salve Regina,3,0,FINAL,6493152
2025-10-14,Smith,Clark (MA),3,0,FINAL,6493196
2025-10-14,Penn St.-Abington,Penn College,3,0,FINAL,6493675
2025-10-14,Scranton,Drew,3,0,FINAL,6493829
2025-10-14,Dominican (IL),Illinois Tech,0,3,FINAL,6493882
2025-10-14,Springfield,Coast Guard,3,1,FINAL,6495974
2025-10-14,St. Norbert,Concordia Wisconsin,2,3,FINAL,6488381
2025-10-14,Knox,Webster,0,3,FINAL,6488916
2025-10-14,Northwestern-St. Paul,Martin Luther,3,0,FINAL,6493258
2025-10-14,Redlands,Occidental,3,0,FINAL,6489989
2025-10-14,Willamette,George Fox,3,2,FINAL,6490978
2025-10-14,La Verne,Chapman,3,1,FINAL,6492638
2025-10-14,Caltech,Whittier,1,3,FINAL,6493582
2025-10-14,Linfield,Pacific (OR),3,1,FINAL,6493591
2025-10-14,Cal Lutheran,Pomona-Pitzer,3,0,FINAL,6493752
2025-10-15,Lynchburg,Averett,3,0,FINAL,6489133
2025-10-15,Nichols,UMass Boston,0,3,FINAL,6489039
2025-10-15,Mary Baldwin,Hollins,0,3,FINAL,6489085
2025-10-15,MCLA,Framingham St.,2,3,FINAL,6489158
2025-10-15,Connecticut Col.,Coast Guard,3,1,FINAL,6489375
2025-10-15,Hartwick,SUNY Delhi,3,1,FINAL,6490864
2025-10-15,SUNY Brockport,SUNY Geneseo,3,0,FINAL,6491986
2025-10-15,VTSU Castleton,Russell Sage,3,2,FINAL,6492202
2025-10-15,Suffolk,Brandeis,0,3,FINAL,6492445
2025-10-15,St. Joseph's (ME),U New England,0,3,FINAL,6492456
2025-10-15,Wesleyan (GA),Agnes Scott,3,0,FINAL,6492742
2025-10-15,Keene St.,Curry,3,0,FINAL,6493039
2025-10-15,Regis (MA),Lasell,1,3,FINAL,6493807
2025-10-15,Endicott,Tufts,2,3,FINAL,6530432
2025-10-15,Covenant,Maryville (TN),3,1,FINAL,6490564
2025-10-15,Nazareth,William Smith,0,3,FINAL,6491494
2025-10-15,Penn St. Harrisburg,Keystone,3,0,FINAL,6488693
2025-10-15,Hiram,Westminster (PA),3,2,FINAL,6488964
2025-10-15,Berea,Asbury,1,3,FINAL,6489013
2025-10-15,Marietta,Capital,3,0,FINAL,6489107
2025-10-15,La Roche,Pitt.-Greensburg,3,2,FINAL,6489222
2025-10-15,Waynesburg,Bethany (WV),0,3,FINAL,6489243
2025-10-15,Otterbein,Wilmington (OH),3,1,FINAL,6489543
2025-10-15,UMass Dartmouth,Roger Williams,3,1,FINAL,6489625
2025-10-15,Rivier,Elms,3,0,FINAL,6489651
2025-10-15,Grove City,Allegheny,1,3,FINAL,6489747
2025-10-15,Franklin & Marshall,Gettysburg,3,2,FINAL,6489825
2025-10-15,Geneva,Thiel,0,3,FINAL,6490399
2025-10-15,Alfred St.,Hilbert,2,3,FINAL,6490405
2025-10-15,Baldwin Wallace,Oberlin,3,0,FINAL,6490508
2025-10-15,John Carroll,CWRU,2,3,FINAL,6490670
2025-10-15,Pitt.-Bradford,Penn St.-Behrend,1,3,FINAL,6490993
2025-10-15,MUW,Huntingdon,2,3,FINAL,6491158
2025-10-15,Bryn Mawr,Muhlenberg,0,3,FINAL,6491381
2025-10-15,Johns Hopkins,Swarthmore,3,2,FINAL,6491587
2025-10-15,Haverford,Ursinus,3,0,FINAL,6491956
2025-10-15,Albertus Magnus,Lesley,3,0,FINAL,6492160
2025-10-15,McDaniel,Washington Col.,1,3,FINAL,6492350
2025-10-15,Marywood,Cairn,3,2,FINAL,6492453
2025-10-15,Wash. & Jeff.,Saint Vincent,3,0,FINAL,6493236
2025-10-15,Heidelberg,Ohio Northern,0,3,FINAL,6493770
2025-10-15,Anderson (IN),Earlham,1,3,FINAL,6493798
2025-10-15,Gordon,JWU (Providence),3,2,FINAL,6496024
2025-10-15,Monmouth (IL),Webster,3,1,FINAL,6492625
2025-10-15,Wis.-Platteville,Wis.-Whitewater,3,0,FINAL,6488431
2025-10-15,Wis.-Stout,Wis.-Stevens Point,3,1,FINAL,6489062
2025-10-15,Wis.-La Crosse,Wis.-Oshkosh,0,3,FINAL,6489385
2025-10-15,Augsburg,Hamline,3,2,FINAL,6490020
2025-10-15,UW-River Falls,Wis.-Eau Claire,1,3,FINAL,6490825
2025-10-15,Cornell College,Beloit,3,0,FINAL,6492514
2025-10-15,Bethel (MN),St. Scholastica,3,2,FINAL,6492821
2025-10-15,Augustana (IL),Millikin,2,3,FINAL,6493357
2025-10-15,Benedictine (IL),Concordia Chicago,3,1,FINAL,6493440
2025-10-15,Carroll (WI),Elmhurst,3,0,FINAL,6493476
2025-10-15,Ill. Wesleyan,North Central (IL),3,0,FINAL,6493683
2025-10-16,Dean,Western New Eng.,3,2,FINAL,6489469
2025-10-16,Marymount (VA),Stevenson,1,3,FINAL,6490858
2025-10-16,Thomas (ME),Maine Maritime,0,3,FINAL,6491045
2025-10-16,John Jay,Baruch,3,1,FINAL,6491119
2025-10-16,Wentworth,Plymouth St.,3,0,FINAL,6491308
2025-10-16,York (NY),Hunter,0,3,FINAL,6493088
2025-10-16,Sarah Lawrence,Purchase,3,0,FINAL,6493271
2025-10-16,Ramapo,FDU-Florham,0,3,FINAL,6488560
2025-10-16,Farmingdale St.,Merchant Marine,3,0,FINAL,6489285
2025-10-16,Emmanuel (MA),Mitchell,3,1,FINAL,6490435
2025-10-16,Methodist,Greensboro,1,3,FINAL,6490544
2025-10-16,Albright,Neumann,0,3,FINAL,6490774
2025-10-16,Old Westbury,Albertus Magnus,0,3,FINAL,6491033
2025-10-16,Westfield St.,Anna Maria,3,0,FINAL,6491181
2025-10-16,Widener,Gwynedd Mercy,3,1,FINAL,6492035
2025-10-16,Saint Elizabeth,Brooklyn,2,3,FINAL,6492278
2025-10-16,Simmons,New England Col.,3,1,FINAL,6492416
2025-10-16,Rhode Island Col.,Wheaton (MA),3,1,FINAL,6493284
2025-10-16,Mt. St. Joseph,Ohio Wesleyan,0,3,FINAL,6493575
2025-10-16,Delaware Valley,Alvernia,0,3,FINAL,6493629
2025-10-16,Notre Dame (MD),Hood,3,2,FINAL,6493854
2025-10-16,LaGrange,Belhaven,3,2,FINAL,6493878
2025-10-16,Rockford,Concordia Wisconsin,0,3,FINAL,6488382
2025-10-16,Edgewood,Marian (WI),3,0,FINAL,6488736
2025-10-16,MSOE,Lakeland,1,3,FINAL,6489549
2025-10-16,Aurora,Wis. Lutheran,3,0,FINAL,6489709
2025-10-16,St. Norbert,Alverno,3,0,FINAL,6489791
2025-10-16,St. Olaf,Macalester,3,1,FINAL,6490367
2025-10-16,Dallas,Austin,0,3,FINAL,6493055
2025-10-17,Brevard,N.C. Wesleyan,3,1,FINAL,6489848
2025-10-17,N.C. Wesleyan,Southern Va.,0,3,FINAL,6493781
2025-10-17,Brevard,Southern Va.,0,3,FINAL,6489850
2025-10-17,UC Santa Cruz,Salisbury,0,3,FINAL,6492057
2025-10-17,Ithaca,Stevens,3,1,FINAL,6491709
2025-10-17,Thomas (ME),VTSU-Johnson,3,2,FINAL,6492069
2025-10-17,Muskingum,Otterbein,1,3,FINAL,6492757
2025-10-17,Rhode Island Col.,Regis (MA),3,2,FINAL,6493269
2025-10-17,Bridgewater St.,UMass Dartmouth,0,3,FINAL,6489768
2025-10-17,Emory,Trinity (TX),0,3,FINAL,6490882
2025-10-17,Lehman,Ramapo,0,3,FINAL,6492240
2025-10-17,Webster,Lyon,3,0,FINAL,6492626
2025-10-17,SUNY Cobleskill,Me.-Presque Isle,3,1,FINAL,6492955
2025-10-17,Benedictine (IL),Augustana (IL),3,2,FINAL,6493360
2025-10-17,Cornell College,Wis.-Stevens Point,3,2,FINAL,6493500
2025-10-17,SUNY Oneonta,Plattsburgh St.,3,1,FINAL,6488406
2025-10-17,Hartwick,Alfred,3,2,FINAL,6488590
2025-10-17,SUNY New Paltz,SUNY Potsdam,3,0,FINAL,6488829
2025-10-17,Buffalo St.,Oswego St.,1,3,FINAL,6489413
2025-10-17,Keuka,St. John Fisher,0,3,FINAL,6489695
2025-10-17,Allegheny,Wash. & Jeff.,3,0,FINAL,6489748
2025-10-17,East. Mennonite,Guilford,0,3,FINAL,6489978
2025-10-17,Bowdoin,Bates,1,3,FINAL,6490182
2025-10-17,Chris. Newport,UC Santa Cruz,3,0,FINAL,6490194
2025-10-17,Elizabethtown,Juniata,0,3,FINAL,6490744
2025-10-17,Gallaudet,DeSales,3,0,FINAL,6490918
2025-10-17,St. Lawrence,Bard,3,0,FINAL,6491282
2025-10-17,RIT,Clarkson,1,3,FINAL,6491829
2025-10-17,Russell Sage,Houghton,2,3,FINAL,6491879
2025-10-17,East Tex. Baptist,Mary Hardin-Baylor,3,0,FINAL,6491926
2025-10-17,Va. Wesleyan,Bridgewater (VA),3,0,FINAL,6492137
2025-10-17,Lesley,VTSU Lyndon,2,3,FINAL,6492161
2025-10-17,Elmira,Nazareth,3,0,FINAL,6492172
2025-10-17,Hamilton,Trinity (CT),3,0,FINAL,6493412
2025-10-17,Fredonia,SUNY Canton,3,0,FINAL,6493420
2025-10-17,Ozarks (AR),Centenary (LA),3,0,FINAL,6493839
2025-10-17,Randolph-Macon,Wash. & Lee,0,3,FINAL,6488709
2025-10-17,Cortland,Ithaca,1,3,FINAL,6490609
2025-10-17,Roanoke,Lynchburg,1,3,FINAL,6491257
2025-10-17,Wis.-Whitewater,Greenville,3,0,FINAL,6488432
2025-10-17,Franklin,Hanover,0,3,FINAL,6488617
2025-10-17,Wesleyan (CT),Williams,3,0,FINAL,6488639
2025-10-17,Kenyon,Capital,3,2,FINAL,6489108
2025-10-17,Shenandoah,Averett,3,2,FINAL,6489134
2025-10-17,Mount Union,Heidelberg,2,3,FINAL,6489271
2025-10-17,Amherst,Connecticut Col.,1,3,FINAL,6489376
2025-10-17,Dubuque,Buena Vista,3,0,FINAL,6490325
2025-10-17,Susquehanna,Lycoming,3,0,FINAL,6490627
2025-10-17,Blackburn,Spalding,3,2,FINAL,6491064
2025-10-17,NYU,Hunter,3,0,FINAL,6491410
2025-10-17,Wartburg,Simpson,3,0,FINAL,6491693
2025-10-17,Colby,Tufts,3,1,FINAL,6491741
2025-10-17,Utica,SUNY Brockport,0,3,FINAL,6491989
2025-10-17,Gwynedd Mercy,Centenary (NJ),2,3,FINAL,6492429
2025-10-17,Albion,Hope,1,3,FINAL,6492888
2025-10-17,Catholic,Drew,3,0,FINAL,6492901
2025-10-17,Loras,Neb. Wesleyan,1,3,FINAL,6492933
2025-10-17,Central (IA),Coe,1,3,FINAL,6493529
2025-10-17,Goucher,Scranton,0,3,FINAL,6493678
2025-10-17,Penn St.-Berks,Messiah,0,3,FINAL,6493722
2025-10-17,SUNY Poly,SUNY Geneseo,0,3,FINAL,6493849
2025-10-17,SUNY Cobleskill,Me.-Presque Isle,3,1,FINAL,6493922
2025-10-17,Concordia (TX),McMurry,3,1,FINAL,6492369
2025-10-17,Wheaton (IL),North Park,3,2,FINAL,6488791
2025-10-17,Knox,Lawrence,0,3,FINAL,6488917
2025-10-17,St. Olaf,Wis.-Stout,3,1,FINAL,6489063
2025-10-17,Elmhurst,St. Mary's (IN),3,1,FINAL,6489198
2025-10-17,Augsburg,Concordia-M'head,3,0,FINAL,6490134
2025-10-17,Crown (MN),Wis.-Superior,1,3,FINAL,6490632
2025-10-17,St. Scholastica,St. Catherine,1,3,FINAL,6490740
2025-10-17,North Central (MN),Bethany Lutheran,0,3,FINAL,6491873
2025-10-17,Hendrix,LeTourneau,3,1,FINAL,6491905
2025-10-17,Monmouth (IL),Lake Forest,3,1,FINAL,6492587
2025-10-17,Wis.-Eau Claire,Ill. Wesleyan,3,2,FINAL,6493684
2025-10-17,Illinois Col.,Ripon,3,0,FINAL,6495716
2025-10-17,Willamette,Whitworth,3,2,FINAL,6489953
2025-10-17,Lewis & Clark,Puget Sound,0,3,FINAL,6490167
2025-10-17,George Fox,Pacific Lutheran,0,3,FINAL,6490981
2025-10-17,Chapman,Pomona-Pitzer,1,3,FINAL,6492726
2025-10-17,Pacific (OR),Whitman,0,3,FINAL,6492842
2025-10-18,Tufts,Maine Maritime,3,0,FINAL,6530386
2025-10-18,NYU,Kean,3,2,FINAL,6490942
2025-10-18,Va. Wesleyan,Wash. & Lee,3,0,FINAL,6488710
2025-10-18,Mt. St. Mary (NY),Farmingdale St.,3,2,FINAL,6489286
2025-10-18,VTSU Castleton,UMass Dartmouth,0,3,FINAL,6489770
2025-10-18,Norwich,Salem St.,0,3,FINAL,6489969
2025-10-18,Clarkson,Rochester (NY),3,2,FINAL,6490243
2025-10-18,Bethany (WV),Geneva,3,0,FINAL,6490401
2025-10-18,Colby-Sawyer,Emmanuel (MA),0,3,FINAL,6490436
2025-10-18,Cortland,Stevens,0,3,FINAL,6490612
2025-10-18,Old Westbury,St. Joseph's (Brkln),0,3,FINAL,6491034
2025-10-18,Eureka,MUW,0,3,FINAL,6491160
2025-10-18,MIT,Springfield,3,1,FINAL,6491673
2025-10-18,Lebanon Valley,York (PA),3,2,FINAL,6491725
2025-10-18,Wentworth,JWU (Providence),3,1,FINAL,6492384
2025-10-18,Nichols,Suffolk,0,3,FINAL,6492447
2025-10-18,Arcadia,Alvernia,3,0,FINAL,6492733
2025-10-18,SUNY Delhi,Me.-Presque Isle,3,0,FINAL,6492956
2025-10-18,Emerson,WPI,3,2,FINAL,6493154
2025-10-18,Salve Regina,Smith,2,3,FINAL,6493156
2025-10-18,Lasell,Rivier,3,0,FINAL,6493403
2025-10-18,Penn St.-Abington,Valley Forge,3,0,FINAL,6493676
2025-10-18,Cornell College,Ill. Wesleyan,2,3,FINAL,6493685
2025-10-18,Wheaton (MA),Coast Guard,0,3,FINAL,6495857
2025-10-18,UChicago,Denison,3,0,FINAL,6488782
2025-10-18,Centre,Millsaps,3,1,FINAL,6488848
2025-10-18,WestConn,UMass Boston,3,2,FINAL,6489040
2025-10-18,Wilkes,Rutgers-Camden,3,1,FINAL,6489353
2025-10-18,Greensboro,Pfeiffer,3,0,FINAL,6489498
2025-10-18,St. Joseph's (ME),Husson,3,0,FINAL,6489499
2025-10-18,Piedmont,Asbury,0,3,FINAL,6490258
2025-10-18,St. Mary's (MD),Cedar Crest,3,0,FINAL,6490280
2025-10-18,Dubuque,Neb. Wesleyan,3,2,FINAL,6490326
2025-10-18,Penn St.-Altoona,Alfred St.,3,2,FINAL,6490406
2025-10-18,Misericordia,Moravian,3,1,FINAL,6490545
2025-10-18,Elizabethtown,Lycoming,2,3,FINAL,6490631
2025-10-18,Cairn,Penn St. Harrisburg,0,3,FINAL,6490792
2025-10-18,Hartwick,Houghton,3,0,FINAL,6490865
2025-10-18,Elms,Simmons,0,3,FINAL,6491656
2025-10-18,Chatham,Hiram,0,3,FINAL,6491842
2025-10-18,Sewanee,Rhodes,3,0,FINAL,6492008
2025-10-18,UC Santa Cruz,Salisbury,0,3,FINAL,6492058
2025-10-18,Keene St.,Southern Me.,3,0,FINAL,6492478
2025-10-18,Marymount (VA),Marywood,3,0,FINAL,6492540
2025-10-18,Maryville (TN),LaGrange,3,0,FINAL,6492567
2025-10-18,Catholic,Scranton,1,3,FINAL,6492902
2025-10-18,Wartburg,Central (IA),0,3,FINAL,6493461
2025-10-18,Salem (NC),Mary Baldwin,3,0,FINAL,6493603
2025-10-18,Centenary (NJ),Delaware Valley,3,0,FINAL,6493631
2025-10-18,Goucher,Drew,3,2,FINAL,6493679
2025-10-18,Wesleyan (GA),Belhaven,0,3,FINAL,6493879
2025-10-18,Mary Baldwin,Meredith,0,3,FINAL,6495984
2025-10-18,Wis.-La Crosse,Greenville,1,3,FINAL,6529377
2025-10-18,Pitt.-Greensburg,Hilbert,0,3,FINAL,6530374
2025-10-18,Bowdoin,Tufts,3,1,FINAL,6530380
2025-10-18,SUNY New Paltz,Plattsburgh St.,3,0,FINAL,6488407
2025-10-18,Russell Sage,Alfred,3,1,FINAL,6488591
2025-10-18,Kean,Williams,3,2,FINAL,6488640
2025-10-18,Rosemont,Keystone,0,3,FINAL,6488695
2025-10-18,Capital,Ohio Northern,1,3,FINAL,6489109
2025-10-18,East. Mennonite,Averett,1,3,FINAL,6489135
2025-10-18,Suffolk,MCLA,3,1,FINAL,6489159
2025-10-18,La Roche,Penn St.-Behrend,3,0,FINAL,6489224
2025-10-18,Buffalo St.,SUNY Canton,3,0,FINAL,6489414
2025-10-18,New England Col.,Dean,3,0,FINAL,6489470
2025-10-18,Wilmington (OH),Baldwin Wallace,0,3,FINAL,6489545
2025-10-18,Bluffton,Berea,3,1,FINAL,6489548
2025-10-18,MSOE,Illinois Tech,0,3,FINAL,6489551
2025-10-18,Gordon,Roger Williams,2,3,FINAL,6489630
2025-10-18,Alverno,Aurora,0,3,FINAL,6489712
2025-10-18,Mass. Maritime,UMass Dartmouth,0,3,FINAL,6489771
2025-10-18,Adrian,Calvin,0,3,FINAL,6489777
2025-10-18,Gettysburg,Haverford,3,0,FINAL,6489826
2025-10-18,Shenandoah,Guilford,3,2,FINAL,6489981
2025-10-18,Pratt,Immaculata,1,3,FINAL,6490051
2025-10-18,Hartford,Endicott,0,3,FINAL,6490112
2025-10-18,RIT,Rochester (NY),1,3,FINAL,6490245
2025-10-18,Franklin & Marshall,Johns Hopkins,0,3,FINAL,6490489
2025-10-18,John Carroll,Oberlin,3,0,FINAL,6490511
2025-10-18,William Peace,Methodist,3,1,FINAL,6490546
2025-10-18,Minn.-Morris,Wis.-Superior,2,3,FINAL,6490633
2025-10-18,York (PA),Neumann,2,3,FINAL,6490776
2025-10-18,Penn St.-Berks,Gallaudet,0,3,FINAL,6490919
2025-10-18,SUNY Oneonta,SUNY Potsdam,3,0,FINAL,6491082
2025-10-18,Valley Forge,Baruch,0,3,FINAL,6491121
2025-10-18,Kalamazoo,Trine,0,3,FINAL,6491234
2025-10-18,Stevens,Bard,3,0,FINAL,6491283
2025-10-18,Berry,Trinity (TX),1,3,FINAL,6491349
2025-10-18,McDaniel,Bryn Mawr,3,0,FINAL,6491383
2025-10-18,Mount Holyoke,Babson,1,3,FINAL,6491474
2025-10-18,Grinnell,Luther,3,0,FINAL,6491510
2025-10-18,Coast Guard,Framingham St.,3,1,FINAL,6491575
2025-10-18,Alma,Olivet,0,3,FINAL,6491636
2025-10-18,Curry,Western New Eng.,0,3,FINAL,6491643
2025-10-18,Ursinus,Washington Col.,1,3,FINAL,6491957
2025-10-18,SUNY Poly,SUNY Brockport,0,3,FINAL,6491992
2025-10-18,Lesley,VTSU-Johnson,0,3,FINAL,6492162
2025-10-18,Dickinson,Swarthmore,1,3,FINAL,6492254
2025-10-18,Edgewood,Rockford,3,0,FINAL,6492310
2025-10-18,Randolph-Macon,Bridgewater (VA),0,3,FINAL,6492663
2025-10-18,Wis. Lutheran,Concordia Chicago,3,2,FINAL,6492697
2025-10-18,Monmouth (IL),Lawrence,2,3,FINAL,6493007
2025-10-18,Smith,Worcester St.,3,0,FINAL,6493098
2025-10-18,Franciscan,Thiel,3,0,FINAL,6493113
2025-10-18,Fredonia,Oswego St.,3,0,FINAL,6493131
2025-10-18,Muskingum,Carnegie Mellon,2,3,FINAL,6493198
2025-10-18,Lakeland,Dominican (IL),3,0,FINAL,6493299
2025-10-18,Albertus Magnus,Rivier,0,3,FINAL,6493404
2025-10-18,Loras,Buena Vista,3,2,FINAL,6493497
2025-10-18,Grove City,Saint Vincent,3,0,FINAL,6493545
2025-10-18,Notre Dame (MD),Penn College,3,0,FINAL,6493855
2025-10-18,Stockton,Alvernia,3,0,FINAL,6493905
2025-10-18,Wis.-Eau Claire,Cornell College,3,0,FINAL,6495901
2025-10-18,Utica,SUNY Geneseo,3,2,FINAL,6495925
2025-10-18,Susquehanna,Juniata,0,3,FINAL,6491159
2025-10-18,Marian (WI),Benedictine (IL),2,3,FINAL,6488738
2025-10-18,Knox,Ripon,1,3,FINAL,6488918
2025-10-18,Mt. St. Joseph,Rose-Hulman,3,2,FINAL,6488963
2025-10-18,Hamilton,Connecticut Col.,1,3,FINAL,6489379
2025-10-18,Mitchell,Husson,3,0,FINAL,6489497
2025-10-18,Randolph,Pfeiffer,1,3,FINAL,6489501
2025-10-18,St. John Fisher,Elmira,3,0,FINAL,6489697
2025-10-18,Vassar,Union (NY),2,3,FINAL,6490048
2025-10-18,William Smith,Skidmore,3,1,FINAL,6490084
2025-10-18,Colby,Bates,3,0,FINAL,6490183
2025-10-18,Chris. Newport,Mary Washington,3,0,FINAL,6490195
2025-10-18,Huntingdon,Asbury,0,3,FINAL,6490277
2025-10-18,Eastern,Cedar Crest,3,0,FINAL,6490281
2025-10-18,Moravian,Montclair St.,2,3,FINAL,6490358
2025-10-18,Belhaven,Covenant,1,3,FINAL,6490565
2025-10-18,Transylvania,Manchester,3,0,FINAL,6491102
2025-10-18,Clark (MA),Wellesley,0,3,FINAL,6491204
2025-10-18,Eastern Conn. St.,Plymouth St.,1,3,FINAL,6491309
2025-10-18,St. Thomas (TX),Colorado Col.,3,2,FINAL,6491513
2025-10-18,Ozarks (AR),LeTourneau,0,3,FINAL,6491906
2025-10-18,Carthage,Greenville,3,0,FINAL,6492013
2025-10-18,Thomas (ME),VTSU Lyndon,3,0,FINAL,6492068
2025-10-18,Nazareth,Keuka,3,0,FINAL,6492231
2025-10-18,Concordia (TX),Schreiner,0,3,FINAL,6492370
2025-10-18,Regis (MA),Southern Me.,3,1,FINAL,6492479
2025-10-18,Marywood,DeSales,2,3,FINAL,6492493
2025-10-18,Illinois Col.,Lake Forest,3,1,FINAL,6492589
2025-10-18,LaGrange,Agnes Scott,3,0,FINAL,6492743
2025-10-18,Howard Payne,Dallas,3,0,FINAL,6493056
2025-10-18,Ithaca,St. Lawrence,3,0,FINAL,6493140
2025-10-18,Texas Lutheran,McMurry,3,0,FINAL,6493216
2025-10-18,Northwestern-St. Paul,Bethany Lutheran,3,0,FINAL,6493261
2025-10-18,Lycoming,Rowan,0,3,FINAL,6493345
2025-10-18,Amherst,Trinity (CT),0,3,FINAL,6493414
2025-10-18,CCNY,Delaware Valley,3,2,FINAL,6493906
2025-10-18,Wesleyan (CT),Middlebury,3,0,FINAL,6488517
2025-10-18,North Park,Denison,3,0,FINAL,6489739
2025-10-18,Berea,Wooster,3,1,FINAL,6488887
2025-10-18,Nichols,MCLA,3,0,FINAL,6489160
2025-10-18,Cortland,Bard,3,0,FINAL,6490615
2025-10-18,Arcadia,Stockton,0,3,FINAL,6490720
2025-10-18,Lebanon Valley,Neumann,3,0,FINAL,6490775
2025-10-18,DePauw,Manchester,3,0,FINAL,6490828
2025-10-18,Eureka,Spalding,3,1,FINAL,6491065
2025-10-18,Penn St.-Abington,Baruch,3,0,FINAL,6491120
2025-10-18,Me.-Presque Isle,SUNY Morrisville,1,3,FINAL,6491430
2025-10-18,Beloit,Luther,0,3,FINAL,6491511
2025-10-18,Wheaton (MA),Framingham St.,3,0,FINAL,6491576
2025-10-18,Coe,Simpson,3,2,FINAL,6491694
2025-10-18,Oglethorpe,Southwestern (TX),1,3,FINAL,6492031
2025-10-18,VTSU Castleton,Mass. Maritime,3,0,FINAL,6492203
2025-10-18,Carroll (WI),Rockford,3,0,FINAL,6492311
2025-10-18,Salve Regina,Worcester St.,3,0,FINAL,6493097
2025-10-18,Ill. Wesleyan,Wis.-Stevens Point,3,0,FINAL,6493501
2025-10-18,Lasell,Albertus Magnus,3,0,FINAL,6493943
2025-10-18,Marietta,Carnegie Mellon,2,3,FINAL,6490453
2025-10-18,Wilson,Lancaster Bible,0,3,FINAL,6492344
2025-10-18,Wis.-Whitewater,Carthage,3,2,FINAL,6488433
2025-10-18,NYU,Williams,0,3,FINAL,6488641
2025-10-18,Wilkes,Hood,3,0,FINAL,6489354
2025-10-18,Piedmont,Huntingdon,0,3,FINAL,6490260
2025-10-18,Misericordia,Montclair St.,0,3,FINAL,6490365
2025-10-18,Wesleyan (GA),Covenant,0,3,FINAL,6490566
2025-10-18,Elizabethtown,Rowan,0,3,FINAL,6490749
2025-10-18,Greensboro,Randolph,3,0,FINAL,6491326
2025-10-18,Mary Washington,UC Santa Cruz,3,0,FINAL,6491394
2025-10-18,St. Mary's (MD),Eastern,0,3,FINAL,6492012
2025-10-18,St. Joseph's (ME),Mitchell,3,0,FINAL,6492297
2025-10-18,Marymount (VA),DeSales,1,3,FINAL,6492494
2025-10-18,Hendrix,Centenary (LA),3,0,FINAL,6492539
2025-10-18,Maryville (TN),Agnes Scott,3,0,FINAL,6492568
2025-10-18,Hood,Rutgers-Camden,1,3,FINAL,6492904
2025-10-18,Salem (NC),Meredith,3,0,FINAL,6493604
2025-10-18,Keene St.,Regis (MA),3,2,FINAL,6493808
2025-10-18,Centenary (NJ),CCNY,3,1,FINAL,6530360
2025-10-18,UChicago,North Park,2,3,FINAL,6488783
2025-10-18,Bluffton,Wooster,3,0,FINAL,6488888
2025-10-18,Wis.-Stevens Point,Augsburg,3,1,FINAL,6490136
2025-10-18,Transylvania,DePauw,3,1,FINAL,6490829
2025-10-18,SUNY Delhi,SUNY Morrisville,0,3,FINAL,6491431
2025-10-18,Edgewood,Carroll (WI),3,0,FINAL,6493698
2025-10-18,Bowdoin,Maine Maritime,3,0,FINAL,6530405
2025-10-18,Westminster (PA),Waynesburg,3,0,FINAL,6488966
2025-10-18,Saint Mary's (MN),Saint Benedict,1,3,FINAL,6489621
2025-10-18,Chris. Newport,Salisbury,2,3,FINAL,6490196
2025-10-18,Wittenberg,Otterbein,3,2,FINAL,6491787
2025-10-18,Northwestern-St. Paul,Crown (MN),3,0,FINAL,6491940
2025-10-18,Carleton,Concordia-M'head,3,0,FINAL,6493428
2025-10-18,Manhattanville,SUNY Maritime,3,0,FINAL,6488494
2025-10-18,Wis.-Eau Claire,Augsburg,3,0,FINAL,6490137
2025-10-18,Bethel (MN),Gustavus Adolphus,0,3,FINAL,6493553
2025-10-18,Pacific (OR),Whitworth,0,3,FINAL,6489956
2025-10-18,Lewis & Clark,Pacific Lutheran,0,3,FINAL,6490168
2025-10-18,George Fox,Puget Sound,0,3,FINAL,6490980
2025-10-18,Willamette,Whitman,3,0,FINAL,6491456
2025-10-19,Oglethorpe,Trinity (TX),0,3,FINAL,6493351
2025-10-19,Blackburn,MUW,1,3,FINAL,6491162
2025-10-19,Yeshiva,St. Joseph's (L.I.),1,3,FINAL,6493718
2025-10-19,Oglethorpe,Piedmont,3,0,FINAL,6496042
2025-10-19,Sewanee,Millsaps,3,2,FINAL,6488849
2025-10-19,Berry,Southwestern (TX),3,2,FINAL,6491350
2025-10-19,Centre,Rhodes,3,0,FINAL,6491988
2025-10-21,Norwich,Colby-Sawyer,0,3,FINAL,6489973
2025-10-21,Nazareth,St. John Fisher,0,3,FINAL,6489706
2025-10-21,Russell Sage,Skidmore,1,3,FINAL,6490085
2025-10-21,Old Westbury,Purchase,3,2,FINAL,6491036
2025-10-21,WPI,Wellesley,0,3,FINAL,6491205
2025-10-21,New England Col.,Framingham St.,1,3,FINAL,6491578
2025-10-21,Keuka,Elmira,3,0,FINAL,6492173
2025-10-21,Babson,MIT,0,3,FINAL,6492396
2025-10-21,Hunter,Medgar Evers,3,0,FINAL,6493391
2025-10-21,Wash. & Lee,Hollins,3,0,FINAL,6488711
2025-10-21,Randolph,Averett,3,1,FINAL,6489136
2025-10-21,Spalding,Covenant,0,3,FINAL,6490568
2025-10-21,Mount Aloysius,La Roche,3,0,FINAL,6488372
2025-10-21,Ohio Wesleyan,Wooster,3,0,FINAL,6488889
2025-10-21,Dean,Mitchell,2,3,FINAL,6489471
2025-10-21,Denison,DePauw,3,1,FINAL,6489741
2025-10-21,Montclair St.,Ramapo,3,0,FINAL,6490369
2025-10-21,New Jersey City,Stockton,0,3,FINAL,6490721
2025-10-21,Ursinus,Neumann,3,0,FINAL,6490777
2025-10-21,Kean,Rowan,3,0,FINAL,6490943
2025-10-21,Hilbert,Pitt.-Bradford,3,0,FINAL,6490971
2025-10-21,WestConn,Rutgers-Newark,3,0,FINAL,6491006
2025-10-21,Baruch,York (NY),3,0,FINAL,6491122
2025-10-21,Swarthmore,Bryn Mawr,3,0,FINAL,6491384
2025-10-21,Mount Holyoke,Springfield,0,3,FINAL,6491475
2025-10-21,Albertus Magnus,Saint Joseph (CT),3,1,FINAL,6491532
2025-10-21,Wittenberg,John Carroll,3,0,FINAL,6491788
2025-10-21,Saint Elizabeth,Yeshiva,3,0,FINAL,6492279
2025-10-21,Rutgers-Camden,Wm. Paterson,2,3,FINAL,6492905
2025-10-21,Illinois Col.,Grinnell,3,2,FINAL,6492982
2025-10-21,Coast Guard,Salve Regina,3,0,FINAL,6493163
2025-10-21,Smith,Emerson,3,0,FINAL,6493197
2025-10-21,Buena Vista,Concordia-M'head,0,3,FINAL,6493503
2025-10-21,Utica,SUNY Delhi,3,0,FINAL,6493639
2025-10-21,Drew,Centenary (NJ),3,0,FINAL,6493830
2025-10-21,Clark (MA),Wheaton (MA),0,3,FINAL,6495858
2025-10-21,Elmhurst,Concordia Wisconsin,1,3,FINAL,6488383
2025-10-21,WashU,Ill. Wesleyan,0,3,FINAL,6488534
2025-10-21,Wis.-Stout,Hamline,3,1,FINAL,6489064
2025-10-21,St. Scholastica,Wis.-Superior,3,0,FINAL,6490634
2025-10-21,Wis.-La Crosse,UW-River Falls,3,2,FINAL,6490826
2025-10-21,Crown (MN),Minn.-Morris,0,3,FINAL,6491941
2025-10-21,Maranatha Baptist,Beloit,0,3,FINAL,6492517
2025-10-21,Bethany Lutheran,Martin Luther,3,0,FINAL,6493868
2025-10-21,Coe,Cornell College,3,2,FINAL,6496087
2025-10-21,Whitman,Whitworth,1,3,FINAL,6489960
2025-10-21,Pacific Lutheran,Puget Sound,3,2,FINAL,6491547
2025-10-21,Redlands,Chapman,3,2,FINAL,6492185
2025-10-21,La Verne,Whittier,3,0,FINAL,6492639
2025-10-21,Cal Lutheran,Claremont-M-S,0,3,FINAL,6493324
2025-10-21,Caltech,Pomona-Pitzer,2,3,FINAL,6493583
2025-10-22,VTSU Castleton,Keene St.,0,3,FINAL,6530917
2025-10-22,SUNY Oneonta,SUNY New Paltz,3,1,FINAL,6488830
2025-10-22,William Peace,Mary Baldwin,3,0,FINAL,6492965
2025-10-22,Asbury,Covenant,3,0,FINAL,6490279
2025-10-22,Waynesburg,Wash. & Jeff.,1,3,FINAL,6489246
2025-10-22,Maine Maritime,Husson,3,0,FINAL,6489500
2025-10-22,Pfeiffer,Meredith,2,3,FINAL,6489505
2025-10-22,Roger Williams,Rivier,3,1,FINAL,6489634
2025-10-22,Hiram,Allegheny,3,2,FINAL,6489750
2025-10-22,Greensboro,Brevard,3,0,FINAL,6489852
2025-10-22,Guilford,Roanoke,3,0,FINAL,6489985
2025-10-22,Fitchburg St.,Mass. Maritime,3,2,FINAL,6490070
2025-10-22,Anna Maria,Salem St.,1,3,FINAL,6490674
2025-10-22,Randolph-Macon,Lynchburg,0,3,FINAL,6491258
2025-10-22,Eastern Conn. St.,Rhode Island Col.,3,1,FINAL,6491654
2025-10-22,Endicott,Gordon,3,1,FINAL,6491820
2025-10-22,Marymount (VA),Salisbury,0,3,FINAL,6492059
2025-10-22,East. Mennonite,Va. Wesleyan,0,3,FINAL,6492138
2025-10-22,Bethany (WV),Franciscan,0,3,FINAL,6492808
2025-10-22,Mt. St. Mary (NY),Manhattanville,0,3,FINAL,6493457
2025-10-22,Southern Va.,Salem (NC),3,0,FINAL,6493605
2025-10-22,Trinity Washington,Goucher,0,3,FINAL,6493680
2025-10-22,Wesleyan (GA),Piedmont,0,3,FINAL,6496043
2025-10-22,Calvin,Kalamazoo,3,0,FINAL,6489779
2025-10-22,Olivet,Hope,0,3,FINAL,6491637
2025-10-22,Trine,Albion,1,3,FINAL,6492111
2025-10-22,FDU-Florham,Delaware Valley,3,0,FINAL,6488562
2025-10-22,Hanover,Mt. St. Joseph,2,3,FINAL,6488618
2025-10-22,Keystone,Valley Forge,3,0,FINAL,6488696
2025-10-22,Stevens,King's (PA),3,0,FINAL,6488800
2025-10-22,Rose-Hulman,Franklin,3,1,FINAL,6488965
2025-10-22,Geneva,Westminster (PA),0,3,FINAL,6488967
2025-10-22,Berea,Transylvania,0,3,FINAL,6489015
2025-10-22,UMass Dartmouth,UMass Boston,3,2,FINAL,6489041
2025-10-22,Capital,Wilmington (OH),3,1,FINAL,6489110
2025-10-22,St. Mary's (IN),Adrian,3,2,FINAL,6489200
2025-10-22,Baldwin Wallace,Mount Union,3,0,FINAL,6489272
2025-10-22,Farmingdale St.,UMSV,3,0,FINAL,6489288
2025-10-22,Earlham,Bluffton,3,1,FINAL,6489557
2025-10-22,Gettysburg,Dickinson,3,2,FINAL,6489827
2025-10-22,U New England,Wentworth,0,3,FINAL,6489927
2025-10-22,Western New Eng.,Hartford,0,3,FINAL,6490113
2025-10-22,Cedar Crest,Penn College,2,3,FINAL,6490282
2025-10-22,Houghton,Alfred St.,0,3,FINAL,6490396
2025-10-22,Marietta,Muskingum,3,1,FINAL,6490454
2025-10-22,Muhlenberg,Franklin & Marshall,1,3,FINAL,6490492
2025-10-22,Moravian,Marywood,0,3,FINAL,6490547
2025-10-22,Methodist,N.C. Wesleyan,3,0,FINAL,6490550
2025-10-22,Penn St. Harrisburg,Wilson,3,0,FINAL,6490793
2025-10-22,Alvernia,Stevenson,0,3,FINAL,6490859
2025-10-22,Gallaudet,Notre Dame (MD),3,0,FINAL,6490920
2025-10-22,Anderson (IN),Manchester,3,1,FINAL,6491103
2025-10-22,Penn St.-Berks,Rosemont,3,0,FINAL,6491226
2025-10-22,Southern Me.,Plymouth St.,0,3,FINAL,6491311
2025-10-22,Johns Hopkins,McDaniel,3,0,FINAL,6491588
2025-10-22,Lebanon Valley,DeSales,2,3,FINAL,6491726
2025-10-22,Merchant Marine,St. Joseph's (L.I.),3,2,FINAL,6491803
2025-10-22,Messiah,Eastern,0,3,FINAL,6492016
2025-10-22,York (PA),Widener,1,3,FINAL,6492046
2025-10-22,Bridgewater (VA),Shenandoah,3,0,FINAL,6492125
2025-10-22,Albright,Hood,0,3,FINAL,6492269
2025-10-22,Lancaster Bible,Gwynedd Mercy,3,0,FINAL,6492345
2025-10-22,Washington Col.,Haverford,1,3,FINAL,6492349
2025-10-22,Suffolk,Curry,3,0,FINAL,6492449
2025-10-22,Cairn,Penn St.-Abington,3,0,FINAL,6492454
2025-10-22,Misericordia,Arcadia,3,1,FINAL,6492734
2025-10-22,Ohio Northern,Otterbein,1,3,FINAL,6492758
2025-10-22,Mary Baldwin,William Peace,0,3,FINAL,6492966
2025-10-22,Yeshiva,Sarah Lawrence,0,3,FINAL,6493280
2025-10-22,JWU (Providence),Nichols,3,0,FINAL,6493367
2025-10-22,Saint Vincent,Chatham,0,3,FINAL,6493546
2025-10-22,Regis (MA),St. Joseph's (ME),2,3,FINAL,6493809
2025-10-22,Carroll (WI),Loras,3,1,FINAL,6493910
2025-10-22,Huntingdon,LaGrange,2,3,FINAL,6495922
2025-10-22,Thiel,Grove City,0,3,FINAL,6496084
2025-10-22,Carthage,Wheaton (IL),3,1,FINAL,6488792
2025-10-22,Monmouth (IL),Knox,3,0,FINAL,6488919
2025-10-22,Wis.-Oshkosh,Wis.-Platteville,3,0,FINAL,6489388
2025-10-22,Augsburg,Saint Benedict,1,3,FINAL,6490139
2025-10-22,North Central (IL),Augustana (IL),1,3,FINAL,6492103
2025-10-22,North Park,Millikin,2,3,FINAL,6493380
2025-10-22,Gustavus Adolphus,Carleton,3,0,FINAL,6493429
2025-10-22,Wartburg,Bethel (MN),2,3,FINAL,6493462
2025-10-22,Wis.-Eau Claire,Wis.-Stevens Point,3,0,FINAL,6493502
2025-10-23,York (NY),Saint Elizabeth,0,3,FINAL,6492280
2025-10-23,Brandeis,Simmons,3,1,FINAL,6493005
2025-10-23,Worcester St.,Clark (MA),3,2,FINAL,6493099
2025-10-23,Centenary (NJ),Medgar Evers,3,0,FINAL,6493392
2025-10-23,SUNY Maritime,St. Joseph's (Brkln),1,3,FINAL,6488496
2025-10-23,Denison,Heidelberg,2,3,FINAL,6489743
2025-10-23,Rutgers-Newark,Montclair St.,0,3,FINAL,6490372
2025-10-23,Ramapo,Kean,1,3,FINAL,6490944
2025-10-23,East Tex. Baptist,St. Thomas (TX),3,0,FINAL,6491514
2025-10-23,Mary Hardin-Baylor,Hardin-Simmons,3,2,FINAL,6491765
2025-10-23,Rowan,Rutgers-Camden,3,0,FINAL,6492906
2025-10-23,Grinnell,Coe,3,2,FINAL,6492983
2025-10-23,John Jay,Brooklyn,3,1,FINAL,6493070
2025-10-23,Wm. Paterson,New Jersey City,3,0,FINAL,6493610
2025-10-23,Framingham St.,Westfield St.,0,3,FINAL,6491182
2025-10-23,Wis. Lutheran,MSOE,3,0,FINAL,6489553
2025-10-23,Concordia Chicago,Concordia Wisconsin,0,3,FINAL,6488384
2025-10-23,Marian (WI),Alverno,3,0,FINAL,6488740
2025-10-23,Aurora,Dominican (IL),3,0,FINAL,6489714
2025-10-23,Edgewood,St. Norbert,3,1,FINAL,6489794
2025-10-23,Benedictine (IL),Rockford,3,1,FINAL,6492312
2025-10-23,Lakeland,Illinois Tech,3,1,FINAL,6493313
2025-10-23,Chapman,Occidental,3,2,FINAL,6490004
2025-10-24,VTSU-Johnson,SUNY Cobleskill,2,3,FINAL,6493304
2025-10-24,UW-River Falls,St. Mary's (IN),3,0,FINAL,6489203
2025-10-24,North Central (IL),WashU,3,1,FINAL,6488535
2025-10-24,Rhodes,Millsaps,3,2,FINAL,6488850
2025-10-24,Hartford,Hamilton,0,3,FINAL,6490114
2025-10-24,N.C. Wesleyan,Pfeiffer,1,3,FINAL,6489586
2025-10-24,Augustana (IL),Colby,2,3,FINAL,6492228
2025-10-24,St. Mary's (IN),Millsaps,0,3,FINAL,6488851
2025-10-24,Scranton,Susquehanna,3,0,FINAL,6491163
2025-10-24,Wheaton (MA),Hamilton,0,3,FINAL,6493775
2025-10-24,Plattsburgh St.,Buffalo St.,2,3,FINAL,6488408
2025-10-24,Alfred,SUNY Brockport,1,3,FINAL,6488592
2025-10-24,Farmingdale St.,Baruch,1,3,FINAL,6489289
2025-10-24,Husson,Thomas (ME),3,1,FINAL,6489503
2025-10-24,Anna Maria,Fitchburg St.,0,3,FINAL,6490072
2025-10-24,Marymount (VA),Chris. Newport,0,3,FINAL,6490197
2025-10-24,Emmanuel (MA),Regis (MA),3,1,FINAL,6490437
2025-10-24,SUNY Canton,Cortland,0,3,FINAL,6490617
2025-10-24,Keuka,Hartwick,0,3,FINAL,6490868
2025-10-24,Lesley,Maine Maritime,0,3,FINAL,6491052
2025-10-24,SUNY Potsdam,Fredonia,2,3,FINAL,6491083
2025-10-24,Mary Baldwin,Greensboro,0,3,FINAL,6491327
2025-10-24,Oswego St.,SUNY Morrisville,3,2,FINAL,6491432
2025-10-24,Elmira,Russell Sage,2,3,FINAL,6492174
2025-10-24,VTSU Lyndon,SUNY Delhi,0,3,FINAL,6492603
2025-10-24,Amherst,Emerson,3,1,FINAL,6493276
2025-10-24,Oglethorpe,Belhaven,3,0,FINAL,6493352
2025-10-24,Trinity (CT),Coast Guard,1,3,FINAL,6493416
2025-10-24,Nazareth,SUNY Poly,3,2,FINAL,6493616
2025-10-24,Calvin,Alma,3,0,FINAL,6489780
2025-10-24,Sewanee,Centre,3,2,FINAL,6491990
2025-10-24,Babson,Middlebury,3,2,FINAL,6488519
2025-10-24,Springfield,Williams,2,3,FINAL,6488642
2025-10-24,Waynesburg,Geneva,0,3,FINAL,6489248
2025-10-24,Lycoming,Wilkes,2,3,FINAL,6489357
2025-10-24,St. John Fisher,Utica,3,0,FINAL,6489711
2025-10-24,Wesleyan (CT),Smith,3,0,FINAL,6489896
2025-10-24,St. Lawrence,Union (NY),0,3,FINAL,6490049
2025-10-24,Skidmore,Vassar,3,2,FINAL,6490086
2025-10-24,Hartford,Wheaton (MA),3,2,FINAL,6490115
2025-10-24,Covenant,Piedmont,3,0,FINAL,6490263
2025-10-24,Marietta,Baldwin Wallace,3,1,FINAL,6490455
2025-10-24,Kalamazoo,Oberlin,3,2,FINAL,6490513
2025-10-24,Juniata,Moravian,3,0,FINAL,6490549
2025-10-24,Drew,Elizabethtown,2,3,FINAL,6490750
2025-10-24,Rhodes,UW-River Falls,0,3,FINAL,6490827
2025-10-24,Wellesley,Bowdoin,3,2,FINAL,6491206
2025-10-24,Clarkson,Bard,3,0,FINAL,6491284
2025-10-24,Bryn Mawr,Ursinus,0,3,FINAL,6491386
2025-10-24,Greenville,Westminster (MO),1,3,FINAL,6491609
2025-10-24,Tufts,MIT,1,3,FINAL,6491674
2025-10-24,East Tex. Baptist,Hardin-Simmons,3,2,FINAL,6491766
2025-10-24,Merchant Marine,Sarah Lawrence,3,2,FINAL,6491804
2025-10-24,Mary Hardin-Baylor,Howard Payne,3,1,FINAL,6491928
2025-10-24,Southwestern (TX),Trinity (TX),3,1,FINAL,6492030
2025-10-24,Swarthmore,McDaniel,3,0,FINAL,6492255
2025-10-24,Thiel,Bethany (WV),3,1,FINAL,6492809
2025-10-24,Houghton,SUNY Geneseo,1,3,FINAL,6493892
2025-10-24,Va. Wesleyan,Susquehanna,3,0,FINAL,6491164
2025-10-24,Wis.-Whitewater,Wis.-Stout,2,3,FINAL,6488434
2025-10-24,Carroll (WI),Wheaton (IL),3,0,FINAL,6488796
2025-10-24,St. Catherine,Saint Mary's (MN),3,1,FINAL,6489623
2025-10-24,Hamline,Bethel (MN),0,3,FINAL,6490021
2025-10-24,Macalester,Augsburg,1,3,FINAL,6490140
2025-10-24,North Park,Dubuque,2,3,FINAL,6490328
2025-10-24,Saint Benedict,St. Olaf,1,3,FINAL,6490370
2025-10-24,Martin Luther,Wis.-Superior,0,3,FINAL,6490635
2025-10-24,North Central (MN),Crown (MN),3,2,FINAL,6491876
2025-10-24,LeTourneau,Colorado Col.,0,3,FINAL,6491908
2025-10-24,Rockford,Lawrence,0,3,FINAL,6492313
2025-10-24,Hendrix,Concordia (TX),3,0,FINAL,6492373
2025-10-24,Beloit,Maranatha Baptist,3,0,FINAL,6492518
2025-10-24,Concordia-M'head,St. Scholastica,1,3,FINAL,6492822
2025-10-24,Elmhurst,Carthage,3,2,FINAL,6492925
2025-10-24,Northwestern-St. Paul,Minn.-Morris,3,0,FINAL,6493264
2025-10-24,Millikin,Ill. Wesleyan,0,3,FINAL,6493381
2025-10-24,George Fox,Lewis & Clark,3,0,FINAL,6490169
2025-10-24,Pacific Lutheran,Willamette,3,0,FINAL,6491457
2025-10-24,Whittier,Redlands,3,0,FINAL,6492186
2025-10-24,Pomona-Pitzer,La Verne,1,3,FINAL,6492640
2025-10-24,Whitman,Linfield,3,2,FINAL,6492843
2025-10-24,Claremont-M-S,Caltech,3,0,FINAL,6493325
2025-10-25,Austin,Texas Lutheran,3,1,FINAL,6488460
2025-10-25,Simmons,Norwich,3,0,FINAL,6489976
2025-10-25,Neumann,Gwynedd Mercy,3,2,FINAL,6490778
2025-10-25,McMurry,Ozarks (AR),3,1,FINAL,6493840
2025-10-25,SUNY Maritime,Old Westbury,3,0,FINAL,6488498
2025-10-25,MIT,Middlebury,3,0,FINAL,6488521
2025-10-25,Stockton,FDU-Florham,3,0,FINAL,6488564
2025-10-25,Rose-Hulman,Hanover,1,3,FINAL,6488619
2025-10-25,Babson,Williams,3,1,FINAL,6488643
2025-10-25,Wash. & Lee,Shenandoah,3,0,FINAL,6488712
2025-10-25,SUNY New Paltz,Montclair St.,1,3,FINAL,6488832
2025-10-25,Augustana (IL),Wis.-Stout,0,3,FINAL,6489065
2025-10-25,Brevard,William Peace,0,3,FINAL,6489853
2025-10-25,Alfred St.,Pitt.-Greensburg,3,0,FINAL,6490408
2025-10-25,Gallaudet,St. Mary's (MD),3,1,FINAL,6490921
2025-10-25,Rutgers-Newark,Brooklyn,3,0,FINAL,6491007
2025-10-25,Mount Holyoke,Maine Maritime,1,3,FINAL,6491054
2025-10-25,St. Lawrence,Vassar,2,3,FINAL,6491366
2025-10-25,Webster,Westminster (MO),1,3,FINAL,6491611
2025-10-25,Springfield,Tufts,0,3,FINAL,6491739
2025-10-25,DeSales,Hood,3,1,FINAL,6492495
2025-10-25,Randolph,Sweet Briar,3,0,FINAL,6492689
2025-10-25,John Jay,Alvernia,3,0,FINAL,6493071
2025-10-25,Rhode Island Col.,Keene St.,3,0,FINAL,6493286
2025-10-25,Meredith,Southern Va.,1,3,FINAL,6493780
2025-10-25,VTSU-Johnson,SUNY Delhi,3,2,FINAL,6493887
2025-10-25,Grove City,Chatham,3,1,FINAL,6500365
2025-10-25,Ithaca,William Smith,3,2,FINAL,6491495
2025-10-25,Gwynedd Mercy,King's (PA),2,3,FINAL,6488802
2025-10-25,UW-River Falls,Millsaps,3,0,FINAL,6488852
2025-10-25,UMass Boston,VTSU Castleton,3,0,FINAL,6489042
2025-10-25,MCLA,Salem St.,3,1,FINAL,6489162
2025-10-25,Juniata,Wilkes,3,0,FINAL,6489360
2025-10-25,St. John Fisher,SUNY Poly,3,0,FINAL,6489715
2025-10-25,Albertus Magnus,Norwich,3,1,FINAL,6489980
2025-10-25,Agnes Scott,Asbury,0,3,FINAL,6490283
2025-10-25,Cedar Crest,Valley Forge,3,0,FINAL,6490284
2025-10-25,Lycoming,Moravian,0,3,FINAL,6490551
2025-10-25,Covenant,LaGrange,3,2,FINAL,6490571
2025-10-25,Scranton,Elizabethtown,3,0,FINAL,6490751
2025-10-25,Hilbert,Penn St.-Altoona,2,3,FINAL,6490897
2025-10-25,Drew,Susquehanna,3,2,FINAL,6491166
2025-10-25,Endicott,Suffolk,3,0,FINAL,6491821
2025-10-25,Centenary (NJ),Saint Elizabeth,3,0,FINAL,6492281
2025-10-25,Mitchell,Colby-Sawyer,1,3,FINAL,6492298
2025-10-25,Southern Me.,WestConn,0,3,FINAL,6492482
2025-10-25,Wesleyan (GA),Maryville (TN),0,3,FINAL,6492569
2025-10-25,York (PA),Arcadia,3,0,FINAL,6492735
2025-10-25,Mt. St. Mary (NY),St. Joseph's (Brkln),3,1,FINAL,6492764
2025-10-25,Marymount (VA),Pratt,3,0,FINAL,6492771
2025-10-25,Haverford,Dickinson,2,3,FINAL,6492787
2025-10-25,Bridgewater St.,Worcester St.,3,0,FINAL,6493100
2025-10-25,UMSV,Manhattanville,0,3,FINAL,6493514
2025-10-25,St. Joseph's (ME),Lasell,1,3,FINAL,6493944
2025-10-25,Dallas,Concordia (TX),0,3,FINAL,6492376
2025-10-25,Centenary (LA),Colorado Col.,0,3,FINAL,6493645
2025-10-25,Mount Aloysius,Pitt.-Bradford,3,0,FINAL,6488374
2025-10-25,Concordia Wisconsin,Lakeland,2,3,FINAL,6488385
2025-10-25,Plattsburgh St.,Fredonia,1,3,FINAL,6488409
2025-10-25,CCNY,FDU-Florham,0,3,FINAL,6488566
2025-10-25,SUNY Geneseo,Alfred,3,2,FINAL,6488593
2025-10-25,Denison,Wooster,3,0,FINAL,6488890
2025-10-25,Westminster (PA),Franciscan,3,2,FINAL,6488969
2025-10-25,Franklin,Berea,3,0,FINAL,6489016
2025-10-25,Otterbein,Capital,3,0,FINAL,6489111
2025-10-25,Ohio Northern,Mount Union,3,1,FINAL,6489278
2025-10-25,Emerson,Connecticut Col.,2,3,FINAL,6489381
2025-10-25,Colby,Wis.-Oshkosh,2,3,FINAL,6489391
2025-10-25,SUNY Potsdam,Buffalo St.,0,3,FINAL,6489416
2025-10-25,Rockford,MSOE,0,3,FINAL,6489555
2025-10-25,Bluffton,Mt. St. Joseph,1,3,FINAL,6489561
2025-10-25,Roger Williams,Wentworth,1,3,FINAL,6489638
2025-10-25,Aurora,St. Norbert,0,3,FINAL,6489721
2025-10-25,Allegheny,Saint Vincent,0,3,FINAL,6489753
2025-10-25,UMass Dartmouth,Eastern Conn. St.,3,0,FINAL,6489772
2025-10-25,Muhlenberg,Gettysburg,0,3,FINAL,6489829
2025-10-25,Brevard,William Peace,0,3,FINAL,6489855
2025-10-25,Carleton,Hamline,0,3,FINAL,6490026
2025-10-25,Immaculata,Marywood,1,3,FINAL,6490056
2025-10-25,Maine Maritime,Bates,0,3,FINAL,6490185
2025-10-25,Washington Col.,Franklin & Marshall,0,3,FINAL,6490495
2025-10-25,Methodist,Salem (NC),1,3,FINAL,6490552
2025-10-25,Oswego St.,Cortland,0,3,FINAL,6490619
2025-10-25,Penn St. Harrisburg,Rosemont,3,0,FINAL,6490794
2025-10-25,DePauw,Kenyon,3,0,FINAL,6490830
2025-10-25,Elmira,Hartwick,1,3,FINAL,6490869
2025-10-25,Mary Washington,Johns Hopkins,0,3,FINAL,6491396
2025-10-25,SUNY Canton,SUNY Morrisville,1,3,FINAL,6491433
2025-10-25,Saint Joseph (CT),Rivier,0,3,FINAL,6491533
2025-10-25,Framingham St.,Gordon,2,3,FINAL,6491580
2025-10-25,Eureka,Westminster (MO),0,3,FINAL,6491613
2025-10-25,Ohio Wesleyan,Wittenberg,0,3,FINAL,6491789
2025-10-25,Wash. & Jeff.,Hiram,0,3,FINAL,6491843
2025-10-25,Keuka,Russell Sage,2,3,FINAL,6492233
2025-10-25,Pitt.-Greensburg,SUNY Oneonta,0,3,FINAL,6492411
2025-10-25,VTSU Lyndon,SUNY Cobleskill,0,3,FINAL,6492604
2025-10-25,Dominican (IL),Wis. Lutheran,1,3,FINAL,6492698
2025-10-25,Neb. Wesleyan,Wartburg,3,2,FINAL,6492935
2025-10-25,Penn College,Wilson,1,3,FINAL,6492946
2025-10-25,Illinois Col.,Monmouth (IL),2,3,FINAL,6493008
2025-10-25,RIT,Brooklyn,3,1,FINAL,6493164
2025-10-25,Trinity (CT),Smith,3,2,FINAL,6493200
2025-10-25,Benedictine (IL),Edgewood,1,3,FINAL,6493699
2025-10-25,Chatham,Messiah,1,3,FINAL,6493723
2025-10-25,Hunter,Hood,3,2,FINAL,6493762
2025-10-25,Heidelberg,Muskingum,1,3,FINAL,6493771
2025-10-25,Illinois Tech,Alverno,3,0,FINAL,6493883
2025-10-25,St. Joseph's (L.I.),Alvernia,3,0,FINAL,6493904
2025-10-25,Clark (MA),Montclair St.,0,3,FINAL,6490377
2025-10-25,Concordia Chicago,Marian (WI),2,3,FINAL,6488741
2025-10-25,Neumann,King's (PA),1,3,FINAL,6488803
2025-10-25,Rhodes,St. Mary's (IN),2,3,FINAL,6489205
2025-10-25,Lasell,Elms,3,1,FINAL,6489653
2025-10-25,Wesleyan (CT),Coast Guard,3,0,FINAL,6489897
2025-10-25,Clarkson,Union (NY),0,3,FINAL,6490050
2025-10-25,Skidmore,Bard,3,0,FINAL,6490088
2025-10-25,LaGrange,Piedmont,3,1,FINAL,6490264
2025-10-25,Belhaven,Asbury,0,3,FINAL,6490285
2025-10-25,Bethany Lutheran,Wis.-Superior,0,3,FINAL,6490636
2025-10-25,Va. Wesleyan,Elizabethtown,3,0,FINAL,6490752
2025-10-25,Dickinson,Kean,0,3,FINAL,6490945
2025-10-25,Spalding,MUW,1,3,FINAL,6491066
2025-10-25,Earlham,Manchester,3,2,FINAL,6491104
2025-10-25,Lancaster Bible,Susquehanna,3,1,FINAL,6491168
2025-10-25,Amherst,Wellesley,3,0,FINAL,6491207
2025-10-25,Wm. Paterson,William Smith,3,1,FINAL,6491496
2025-10-25,Juniata,Lebanon Valley,3,0,FINAL,6491727
2025-10-25,North Central (MN),Minn.-Morris,0,3,FINAL,6491877
2025-10-25,Crown (MN),Northwestern-St. Paul,0,3,FINAL,6491942
2025-10-25,SUNY Brockport,Houghton,3,0,FINAL,6491994
2025-10-25,Arcadia,Salisbury,1,3,FINAL,6492060
2025-10-25,Rowan,Albright,3,0,FINAL,6492273
2025-10-25,Goucher,Saint Elizabeth,4,1,FINAL,6492282
2025-10-25,Colby-Sawyer,New England Col.,3,1,FINAL,6492417
2025-10-25,Beloit,Lawrence,0,3,FINAL,6492519
2025-10-25,East Tex. Baptist,Howard Payne,3,0,FINAL,6492554
2025-10-25,Huntingdon,Maryville (TN),2,3,FINAL,6492570
2025-10-25,Cornell College,Lake Forest,3,0,FINAL,6492590
2025-10-25,Transylvania,Anderson (IN),3,0,FINAL,6492832
2025-10-25,Pratt,Catholic,0,3,FINAL,6492903
2025-10-25,Grinnell,Ripon,3,0,FINAL,6492984
2025-10-25,WPI,WestConn,2,3,FINAL,6493160
2025-10-25,Martin Luther,Buena Vista,0,3,FINAL,6493505
2025-10-25,Simmons,Albertus Magnus,3,0,FINAL,6493790
2025-10-25,Stevenson,Lynchburg,0,3,FINAL,6490860
2025-10-25,Wis.-Whitewater,Colby,2,3,FINAL,6488435
2025-10-25,Hendrix,Texas Lutheran,3,1,FINAL,6488461
2025-10-25,Springfield,Middlebury,3,0,FINAL,6488522
2025-10-25,MIT,Williams,3,0,FINAL,6488644
2025-10-25,Hiram,Wilmington (OH),3,0,FINAL,6489547
2025-10-25,Wis.-La Crosse,Hamline,3,0,FINAL,6490031
2025-10-25,Mount Holyoke,Bates,1,3,FINAL,6490186
2025-10-25,Monmouth (IL),Wis.-Platteville,0,3,FINAL,6490324
2025-10-25,Alfred St.,SUNY Oneonta,3,2,FINAL,6490410
2025-10-25,Stockton,CCNY,3,0,FINAL,6490726
2025-10-25,Rutgers-Newark,RIT,1,3,FINAL,6491008
2025-10-25,Gordon,Plymouth St.,2,3,FINAL,6491313
2025-10-25,Babson,Tufts,2,3,FINAL,6491740
2025-10-25,LeTourneau,McMurry,2,3,FINAL,6491909
2025-10-25,DeSales,Hunter,3,0,FINAL,6492496
2025-10-25,Webster,Eureka,3,0,FINAL,6492627
2025-10-25,John Jay,St. Joseph's (L.I.),3,0,FINAL,6493072
2025-10-25,Grove City,Messiah,3,0,FINAL,6493724
2025-10-25,SUNY New Paltz,Clark (MA),3,0,FINAL,6488834
2025-10-25,St. Joseph's (ME),Elms,3,1,FINAL,6489655
2025-10-25,St. Olaf,St. Catherine,3,0,FINAL,6490371
2025-10-25,Haverford,Kean,0,3,FINAL,6490946
2025-10-25,Albion,Manchester,3,0,FINAL,6491106
2025-10-25,York (PA),Salisbury,0,3,FINAL,6492061
2025-10-25,Misericordia,Albright,3,0,FINAL,6492272
2025-10-25,Mitchell,New England Col.,2,3,FINAL,6492299
2025-10-25,Drew,Lancaster Bible,0,3,FINAL,6492347
2025-10-25,Southern Me.,WPI,0,3,FINAL,6492483
2025-10-25,Agnes Scott,Belhaven,0,3,FINAL,6492744
2025-10-25,Marymount (VA),Catholic,0,3,FINAL,6492773
2025-10-25,Misericordia,Rowan,1,3,FINAL,6493348
2025-10-25,Concordia-M'head,Gustavus Adolphus,0,3,FINAL,6493506
2025-10-25,Nazareth,Utica,1,3,FINAL,6493617
2025-10-25,Centenary (NJ),Goucher,3,0,FINAL,6493662
2025-10-25,Wesleyan (GA),Huntingdon,0,3,FINAL,6500173
2025-10-25,Centre,Piedmont,3,0,FINAL,6490267
2025-10-25,Ithaca,Wm. Paterson,3,1,FINAL,6493153
2025-10-25,Clarkson,Buffalo St.,1,3,FINAL,6489418
2025-10-25,Wash. & Jeff.,Wilmington (OH),2,3,FINAL,6489550
2025-10-25,U New England,Western New Eng.,3,0,FINAL,6489932
2025-10-25,Illinois Col.,Wis.-Platteville,0,3,FINAL,6490333
2025-10-25,Mass. Maritime,Westfield St.,1,3,FINAL,6491183
2025-10-25,Rutgers-Camden,Lynchburg,0,3,FINAL,6491261
2025-10-25,Framingham St.,Plymouth St.,1,3,FINAL,6491318
2025-10-25,Scranton,Va. Wesleyan,0,3,FINAL,6492139
2025-10-25,Carleton,Wis.-La Crosse,1,3,FINAL,6493430
2025-10-25,Schreiner,Dallas,3,0,FINAL,6493057
2025-10-25,Notre Dame (MD),Keystone,3,0,FINAL,6488698
2025-10-25,Wis.-Stevens Point,St. Catherine,3,1,FINAL,6490769
2025-10-25,Centenary (LA),St. Thomas (TX),0,3,FINAL,6491516
2025-10-25,Bethel (MN),Macalester,3,1,FINAL,6492614
2025-10-25,Earlham,Albion,2,3,FINAL,6492889
2025-10-25,Northwestern-St. Paul,North Central (MN),3,0,FINAL,6493247
2025-10-25,Covenant,Centre,2,3,FINAL,6490579
2025-10-25,Stevenson,Rutgers-Camden,3,2,FINAL,6490862
2025-10-25,Occidental,Whittier,2,3,FINAL,6490008
2025-10-25,Luther,Central (IA),0,3,FINAL,6491023
2025-10-25,Redlands,Pomona-Pitzer,3,1,FINAL,6492187
2025-10-25,St. Olaf,Wis.-Stevens Point,3,0,FINAL,6490373
2025-10-25,Austin,Concordia (TX),3,0,FINAL,6492371
2025-10-25,Ozarks (AR),Colorado Col.,0,3,FINAL,6493646
2025-10-25,Whitworth,Linfield,3,1,FINAL,6489965
2025-10-25,Puget Sound,Willamette,3,1,FINAL,6491458
2025-10-25,La Verne,Claremont-M-S,3,0,FINAL,6492641
2025-10-25,LeTourneau,St. Thomas (TX),0,3,FINAL,6491515
2025-10-25,Lewis & Clark,Pacific (OR),2,3,FINAL,6490170
2025-10-25,Caltech,Cal Lutheran,1,3,FINAL,6493584
2025-10-25,Hendrix,Schreiner,2,3,FINAL,6492541
2025-10-26,Emory,Rochester (NY),3,1,FINAL,6490249
2025-10-26,Brandeis,WashU,0,3,FINAL,6488536
2025-10-26,Brandeis,Rochester (NY),3,2,FINAL,6490251
2025-10-26,NYU,CWRU,2,3,FINAL,6490671
2025-10-26,Yeshiva,Purchase,0,3,FINAL,6493562
2025-10-26,Dallas,Texas Lutheran,0,3,FINAL,6488462
2025-10-26,UChicago,Carnegie Mellon,3,1,FINAL,6488784
2025-10-26,Centenary (LA),McMurry,0,3,FINAL,6493220
2025-10-26,Carnegie Mellon,NYU,3,0,FINAL,6491411
2025-10-26,Emory,WashU,2,3,FINAL,6488537
2025-10-26,UChicago,CWRU,3,1,FINAL,6488785
2025-10-26,Ozarks (AR),St. Thomas (TX),0,3,FINAL,6530693
2025-10-26,Austin,Schreiner,3,2,FINAL,6531023
2025-10-27,Curry,Nichols,1,3,FINAL,6493040
2025-10-28,Illinois Col.,Simpson,0,3,FINAL,6491695
2025-10-28,Lehman,Brooklyn,0,3,FINAL,6493166
2025-10-28,UMSV,SUNY Maritime,3,1,FINAL,6488500
2025-10-28,Pfeiffer,Brevard,3,1,FINAL,6489588
2025-10-28,Oglethorpe,Berry,0,3,FINAL,6491352
2025-10-28,St. Joseph's (ME),Thomas (ME),3,0,FINAL,6492065
2025-10-28,New England Col.,Keene St.,0,3,FINAL,6492418
2025-10-28,N.C. Wesleyan,William Peace,0,3,FINAL,6492967
2025-10-28,York (NY),John Jay,0,3,FINAL,6493073
2025-10-28,Oswego St.,SUNY Canton,3,0,FINAL,6493133
2025-10-28,Mary Washington,Roanoke,3,0,FINAL,6491397
2025-10-28,King's (PA),FDU-Florham,3,2,FINAL,6488568
2025-10-28,Piedmont,Agnes Scott,3,0,FINAL,6490269
2025-10-28,Cedar Crest,Cairn,0,3,FINAL,6490286
2025-10-28,Maryville (TN),Asbury,0,3,FINAL,6490287
2025-10-28,Rutgers-Camden,Stockton,0,3,FINAL,6490727
2025-10-28,Penn College,Penn St. Harrisburg,0,3,FINAL,6490795
2025-10-28,Stevenson,Eastern,1,3,FINAL,6490866
2025-10-28,Lancaster Bible,Gallaudet,1,3,FINAL,6490922
2025-10-28,Kean,New Jersey City,3,0,FINAL,6490947
2025-10-28,Rowan,Rutgers-Newark,3,0,FINAL,6491009
2025-10-28,St. Joseph's (L.I.),Old Westbury,3,0,FINAL,6491039
2025-10-28,Medgar Evers,Baruch,0,3,FINAL,6491123
2025-10-28,Wellesley,MIT,0,3,FINAL,6491208
2025-10-28,St. Mary's (MD),Penn St.-Berks,3,0,FINAL,6491227
2025-10-28,Salem (NC),Greensboro,1,3,FINAL,6491328
2025-10-28,Smith,Mount Holyoke,2,3,FINAL,6491476
2025-10-28,Mass. Maritime,Framingham St.,0,3,FINAL,6491581
2025-10-28,Stevens,Arcadia,3,0,FINAL,6491710
2025-10-28,Delaware Valley,Lebanon Valley,0,3,FINAL,6491728
2025-10-28,Widener,Messiah,2,3,FINAL,6492036
2025-10-28,Wm. Paterson,Ramapo,3,0,FINAL,6492241
2025-10-28,Albright,York (PA),1,3,FINAL,6492275
2025-10-28,Salve Regina,Babson,0,3,FINAL,6492398
2025-10-28,DeSales,Misericordia,1,3,FINAL,6492497
2025-10-28,St. Joseph's (Brkln),Sarah Lawrence,1,3,FINAL,6492765
2025-10-28,Springfield,Clark (MA),3,0,FINAL,6492854
2025-10-28,Wilson,Valley Forge,3,0,FINAL,6492947
2025-10-28,Franciscan,Saint Vincent,3,0,FINAL,6493117
2025-10-28,Coast Guard,WPI,3,0,FINAL,6493162
2025-10-28,Wheaton (MA),Emerson,2,3,FINAL,6493278
2025-10-28,Purchase,Mt. St. Mary (NY),0,3,FINAL,6493458
2025-10-28,Manhattanville,Yeshiva,3,0,FINAL,6493516
2025-10-28,Central (IA),Illinois Col.,3,1,FINAL,6493532
2025-10-28,Hood,Alvernia,3,0,FINAL,6493650
2025-10-28,Ozarks (AR),Lyon,0,3,FINAL,6493841
2025-10-28,Rosemont,Notre Dame (MD),0,3,FINAL,6493856
2025-10-28,McMurry,Howard Payne,3,0,FINAL,6500655
2025-10-28,UChicago,Carthage,3,0,FINAL,6488786
2025-10-28,Austin,Mary Hardin-Baylor,1,3,FINAL,6491929
2025-10-28,Alverno,Beloit,0,3,FINAL,6492520
2025-10-28,Pomona-Pitzer,Occidental,3,1,FINAL,6490011
2025-10-28,Claremont-M-S,Redlands,3,1,FINAL,6492188
2025-10-28,Cal Lutheran,La Verne,0,3,FINAL,6492642
2025-10-28,Whittier,Chapman,2,3,FINAL,6492727
2025-10-29,La Roche,Penn St.-Altoona,1,3,FINAL,6489227
2025-10-29,Plymouth St.,U New England,3,2,FINAL,6489948
2025-10-29,Dean,Albertus Magnus,1,3,FINAL,6489479
2025-10-29,Roger Williams,Eastern Conn. St.,3,1,FINAL,6489641
2025-10-29,Worcester St.,Fitchburg St.,3,0,FINAL,6490073
2025-10-29,Bridgewater (VA),Chris. Newport,1,3,FINAL,6490198
2025-10-29,Meredith,Methodist,2,3,FINAL,6490556
2025-10-29,Salem St.,Bridgewater St.,1,3,FINAL,6490676
2025-10-29,William Smith,RIT,3,0,FINAL,6491497
2025-10-29,Gwynedd Mercy,Marymount (VA),1,3,FINAL,6492430
2025-10-29,Wash. & Jeff.,Bethany (WV),3,0,FINAL,6492810
2025-10-29,Ithaca,Scranton,3,0,FINAL,6493158
2025-10-29,Southern Va.,Mary Baldwin,3,0,FINAL,6530324
2025-10-29,Hollins,Randolph,1,3,FINAL,6489086
2025-10-29,Lynchburg,East. Mennonite,3,0,FINAL,6491264
2025-10-29,Pitt.-Greensburg,Mount Aloysius,0,3,FINAL,6488375
2025-10-29,Texas Lutheran,Schreiner,2,3,FINAL,6488463
2025-10-29,Transylvania,Hanover,3,0,FINAL,6488620
2025-10-29,Wooster,Wittenberg,0,3,FINAL,6488891
2025-10-29,Rose-Hulman,Anderson (IN),3,1,FINAL,6488968
2025-10-29,Grove City,Westminster (PA),3,2,FINAL,6488971
2025-10-29,Mt. St. Joseph,Berea,3,0,FINAL,6489017
2025-10-29,Muskingum,Capital,3,0,FINAL,6489112
2025-10-29,Westfield St.,MCLA,3,1,FINAL,6489163
2025-10-29,Chatham,Waynesburg,3,0,FINAL,6489250
2025-10-29,Mount Union,Marietta,3,1,FINAL,6489280
2025-10-29,Wilmington (OH),Ohio Northern,0,3,FINAL,6489552
2025-10-29,Manchester,Bluffton,3,0,FINAL,6489565
2025-10-29,Saint Mary's (MN),Wartburg,1,3,FINAL,6489624
2025-10-29,Oberlin,Denison,1,3,FINAL,6489745
2025-10-29,Allegheny,Thiel,1,3,FINAL,6489754
2025-10-29,McDaniel,Gettysburg,0,3,FINAL,6489831
2025-10-29,Lesley,Norwich,0,3,FINAL,6489986
2025-10-29,Union (NY),Bard,3,0,FINAL,6490052
2025-10-29,Immaculata,Centenary (NJ),3,2,FINAL,6490095
2025-10-29,Penn St.-Behrend,Alfred St.,3,0,FINAL,6490411
2025-10-29,Hiram,Geneva,3,0,FINAL,6490413
2025-10-29,Franklin & Marshall,Ursinus,3,0,FINAL,6490497
2025-10-29,Marywood,Neumann,2,3,FINAL,6490779
2025-10-29,DePauw,Ohio Wesleyan,2,3,FINAL,6490831
2025-10-29,Bryn Mawr,Haverford,0,3,FINAL,6491387
2025-10-29,Johns Hopkins,Washington Col.,3,0,FINAL,6491589
2025-10-29,Western New Eng.,Regis (MA),2,3,FINAL,6491640
2025-10-29,Thomas (ME),Southern Me.,1,3,FINAL,6492064
2025-10-29,Va. Wesleyan,Randolph-Macon,3,0,FINAL,6492140
2025-10-29,Mitchell,Anna Maria,3,0,FINAL,6492300
2025-10-29,Suffolk,Gordon,0,3,FINAL,6492450
2025-10-29,Kenyon,John Carroll,1,3,FINAL,6493032
2025-10-29,JWU (Providence),Curry,3,0,FINAL,6493041
2025-10-29,Dickinson,Muhlenberg,3,1,FINAL,6493221
2025-10-29,SUNY Cobleskill,SUNY Delhi,2,3,FINAL,6493307
2025-10-29,Heidelberg,Baldwin Wallace,0,3,FINAL,6493337
2025-10-29,Franklin,Earlham,2,3,FINAL,6493787
2025-10-29,Illinois Tech,Benedictine (IL),3,2,FINAL,6493884
2025-10-29,Augustana (IL),North Park,3,2,FINAL,6493362
2025-10-29,Wis.-Whitewater,Wis.-Oshkosh,2,3,FINAL,6488436
2025-10-29,Elmhurst,Wheaton (IL),2,3,FINAL,6488793
2025-10-29,UW-River Falls,Wis.-Stout,3,1,FINAL,6489067
2025-10-29,Rockford,St. Norbert,1,3,FINAL,6489798
2025-10-29,Augsburg,Bethel (MN),0,3,FINAL,6490141
2025-10-29,Wis.-Eau Claire,Wis.-Platteville,3,0,FINAL,6490335
2025-10-29,Northwestern-St. Paul,Saint Benedict,3,1,FINAL,6491779
2025-10-29,Crown (MN),Bethany Lutheran,0,3,FINAL,6491943
2025-10-29,Eureka,Greenville,0,3,FINAL,6492015
2025-10-29,Millikin,North Central (IL),3,0,FINAL,6492104
2025-10-29,Saint Elizabeth,Pratt,3,1,FINAL,6492283
2025-10-29,Lake Forest,Lawrence,0,3,FINAL,6492591
2025-10-29,Wis.-Stevens Point,Wis.-La Crosse,3,0,FINAL,6493508
2025-10-29,Ill. Wesleyan,Carroll (WI),3,1,FINAL,6493686
2025-10-29,Willamette,Linfield,3,1,FINAL,6491459
2025-10-30,St. Joseph's (Brkln),Purchase,3,0,FINAL,6492766
2025-10-30,Sweet Briar,Mary Baldwin,0,3,FINAL,6493188
2025-10-30,Montclair St.,John Jay,3,0,FINAL,6490380
2025-10-30,Old Westbury,Manhattanville,0,3,FINAL,6491041
2025-10-30,Endicott,MIT,1,3,FINAL,6491675
2025-10-30,Wentworth,Clark (MA),3,0,FINAL,6492386
2025-10-30,Sarah Lawrence,St. Joseph's (L.I.),0,3,FINAL,6493285
2025-10-30,Lesley,Anna Maria,1,3,FINAL,6493707
2025-10-30,Hunter,CCNY,3,0,FINAL,6493979
2025-10-30,SUNY Maritime,Farmingdale St.,0,3,FINAL,6488502
2025-10-30,Rutgers-Camden,Keystone,3,0,FINAL,6488700
2025-10-30,Cairn,Immaculata,1,3,FINAL,6490096
2025-10-30,Emmanuel (MA),Rivier,3,1,FINAL,6490439
2025-10-30,Penn St.-Abington,Kean,2,3,FINAL,6490948
2025-10-30,Baruch,Saint Elizabeth,3,0,FINAL,6491124
2025-10-30,Messiah,Susquehanna,2,3,FINAL,6491174
2025-10-30,Simmons,Saint Joseph (CT),3,0,FINAL,6491534
2025-10-30,Wm. Paterson,Stevens,3,1,FINAL,6491711
2025-10-30,Widener,Swarthmore,0,3,FINAL,6492037
2025-10-30,DeSales,Albright,3,0,FINAL,6492276
2025-10-30,Salve Regina,Rhode Island Col.,3,0,FINAL,6493167
2025-10-30,Wheaton (MA),Nichols,3,0,FINAL,6493368
2025-10-30,Yeshiva,UMSV,0,3,FINAL,6493782
2025-10-30,New Jersey City,York (NY),3,0,FINAL,6531618
2025-10-30,Misericordia,Alvernia,3,0,FINAL,6531624
2025-10-30,Belhaven,Huntingdon,3,1,FINAL,6493880
2025-10-30,Concordia Wisconsin,Dominican (IL),3,0,FINAL,6488386
2025-10-30,MSOE,Marian (WI),3,2,FINAL,6488742
2025-10-30,Concordia Chicago,Aurora,0,3,FINAL,6489724
2025-10-30,Wis. Lutheran,Lakeland,1,3,FINAL,6492700
2025-10-30,Edgewood,Alverno,3,0,FINAL,6493701
2025-10-31,Methodist,Brevard,3,1,FINAL,6489856
2025-10-31,William Peace,Southern Va.,0,3,FINAL,6492968
2025-10-31,VTSU-Johnson,Husson,1,3,FINAL,6489506
2025-10-31,Thomas (ME),Me.-Presque Isle,3,2,FINAL,6492063
2025-10-31,Mary Baldwin,Methodist,0,3,FINAL,6531141
2025-10-31,Millsaps,Southwestern (TX),0,3,FINAL,6488854
2025-10-31,Southern Va.,Pfeiffer,3,1,FINAL,6489595
2025-10-31,Howard Payne,LeTourneau,2,3,FINAL,6491912
2025-10-31,Redlands,Cal Lutheran,1,3,FINAL,6492189
2025-10-31,Austin,UC Santa Cruz,3,2,FINAL,6493534
2025-10-31,Juniata,Millikin,2,3,FINAL,6493382
2025-10-31,SUNY Morrisville,Plattsburgh St.,1,3,FINAL,6488410
2025-10-31,Nazareth,Alfred,3,2,FINAL,6488594
2025-10-31,Fredonia,SUNY New Paltz,2,3,FINAL,6488835
2025-10-31,Buffalo St.,SUNY Oneonta,3,0,FINAL,6489419
2025-10-31,St. John Fisher,Houghton,3,0,FINAL,6489718
2025-10-31,Cortland,SUNY Potsdam,3,0,FINAL,6490622
2025-10-31,VTSU Lyndon,Maine Maritime,0,3,FINAL,6491057
2025-10-31,Keene St.,Mount Holyoke,3,0,FINAL,6491478
2025-10-31,Western New Eng.,Endicott,0,3,FINAL,6491641
2025-10-31,SUNY Brockport,Russell Sage,3,0,FINAL,6491995
2025-10-31,Thomas (ME),Me.-Presque Isle,3,0,FINAL,6492062
2025-10-31,McMurry,Colorado Col.,0,3,FINAL,6493222
2025-10-31,SUNY Geneseo,Hartwick,1,3,FINAL,6495921
2025-10-31,Albion,Calvin,1,3,FINAL,6489783
2025-10-31,Rhodes,Trinity (TX),0,3,FINAL,6492879
2025-10-31,Middlebury,Amherst,3,0,FINAL,6488523
2025-10-31,Williams,Hamilton,3,1,FINAL,6488645
2025-10-31,Scranton,Wilkes,3,0,FINAL,6489363
2025-10-31,Connecticut Col.,Bowdoin,0,3,FINAL,6489383
2025-10-31,Marietta,Wilmington (OH),3,0,FINAL,6489554
2025-10-31,William Peace,Pfeiffer,1,3,FINAL,6489591
2025-10-31,Wesleyan (CT),Tufts,2,3,FINAL,6489900
2025-10-31,Simpson,Dubuque,0,3,FINAL,6490329
2025-10-31,Moravian,Drew,3,0,FINAL,6490553
2025-10-31,Elizabethtown,Catholic,1,3,FINAL,6490753
2025-10-31,Susquehanna,Goucher,3,0,FINAL,6491170
2025-10-31,Schreiner,St. Thomas (TX),3,1,FINAL,6491517
2025-10-31,Neb. Wesleyan,Luther,3,0,FINAL,6491645
2025-10-31,SUNY Poly,Elmira,3,1,FINAL,6492175
2025-10-31,Trinity (CT),Colby,1,3,FINAL,6492230
2025-10-31,Utica,Keuka,3,0,FINAL,6492235
2025-10-31,East Tex. Baptist,Austin,3,0,FINAL,6492555
2025-10-31,Otterbein,Heidelberg,3,1,FINAL,6492759
2025-10-31,SUNY Cobleskill,St. Lawrence,3,2,FINAL,6493312
2025-10-31,Buena Vista,Coe,0,3,FINAL,6493507
2025-10-31,Central (IA),Loras,3,0,FINAL,6493533
2025-10-31,Grinnell,Knox,3,0,FINAL,6488920
2025-10-31,Ill. Wesleyan,Wis.-Oshkosh,3,0,FINAL,6489394
2025-10-31,Saint Mary's (MN),St. Olaf,1,3,FINAL,6489627
2025-10-31,Hamline,Concordia-M'head,0,3,FINAL,6490032
2025-10-31,St. Catherine,Augsburg,3,2,FINAL,6490142
2025-10-31,Wis.-Superior,North Central (MN),3,0,FINAL,6490637
2025-10-31,Beloit,Monmouth (IL),0,3,FINAL,6492521
2025-10-31,Ripon,Lake Forest,3,0,FINAL,6492593
2025-10-31,Macalester,Carleton,3,1,FINAL,6492615
2025-10-31,Gustavus Adolphus,St. Scholastica,3,1,FINAL,6492823
2025-10-31,Minn.-Morris,Martin Luther,3,0,FINAL,6493668
2025-10-31,Cornell College,Illinois Col.,3,0,FINAL,6531463
2025-10-31,Whitworth,George Fox,3,1,FINAL,6489970
2025-10-31,Occidental,Claremont-M-S,0,3,FINAL,6490013
2025-10-31,Whitman,Lewis & Clark,3,0,FINAL,6490172
2025-10-31,Pacific (OR),Pacific Lutheran,0,3,FINAL,6491548
2025-10-31,La Verne,Caltech,3,0,FINAL,6492643
2025-10-31,Linfield,Puget Sound,1,3,FINAL,6493976
2025-11-01,Hood,Penn St. Harrisburg,0,3,FINAL,6490796
2025-11-01,NYU,Randolph-Macon,3,1,FINAL,6491412
2025-11-01,FDU-Florham,Rutgers-Newark,3,0,FINAL,6488570
2025-11-01,Lehman,York (NY),3,0,FINAL,6493087
2025-11-01,Chris. Newport,Wash. & Lee,3,0,FINAL,6488713
2025-11-01,Hollins,Guilford,0,3,FINAL,6489087
2025-11-01,Lasell,Dean,3,0,FINAL,6489480
2025-11-01,Saint Joseph (CT),Elms,3,2,FINAL,6489659
2025-11-01,Union (NY),William Smith,3,1,FINAL,6490053
2025-11-01,Wentworth,Hartford,3,0,FINAL,6490116
2025-11-01,St. Joseph's (ME),Emmanuel (MA),1,3,FINAL,6490441
2025-11-01,Huntingdon,Covenant,0,3,FINAL,6490588
2025-11-01,MUW,Spalding,3,0,FINAL,6491067
2025-11-01,Greenville,Lyon,3,0,FINAL,6492017
2025-11-01,VTSU Castleton,Southern Me.,3,1,FINAL,6492204
2025-11-01,Rivier,New England Col.,3,2,FINAL,6492419
2025-11-01,Salve Regina,JWU (Providence),3,2,FINAL,6493169
2025-11-01,Wm. Paterson,Hunter,3,0,FINAL,6493611
2025-11-01,St. Joseph's (L.I.),UMSV,3,0,FINAL,6493719
2025-11-01,Albertus Magnus,Regis (MA),0,3,FINAL,6493810
2025-11-01,Wis.-Oshkosh,Juniata,3,0,FINAL,6489396
2025-11-01,Stevens,WPI,3,0,FINAL,6491712
2025-11-01,John Jay,Randolph-Macon,1,3,FINAL,6493074
2025-11-01,Hilbert,Mount Aloysius,2,3,FINAL,6488376
2025-11-01,Stockton,Keystone,3,0,FINAL,6488701
2025-11-01,UChicago,North Central (IL),0,3,FINAL,6488787
2025-11-01,Millsaps,Trinity (TX),0,3,FINAL,6488855
2025-11-01,Wilkes,Drew,0,3,FINAL,6489368
2025-11-01,Denison,Kenyon,3,0,FINAL,6489746
2025-11-01,Gordon,Fitchburg St.,3,0,FINAL,6490075
2025-11-01,LaGrange,Asbury,0,3,FINAL,6490288
2025-11-01,Central (IA),Dubuque,2,3,FINAL,6490330
2025-11-01,Elizabethtown,Goucher,3,0,FINAL,6490754
2025-11-01,Lebanon Valley,Stevenson,3,2,FINAL,6490867
2025-11-01,Old Westbury,Merchant Marine,0,3,FINAL,6491042
2025-11-01,VTSU-Johnson,Maine Maritime,0,3,FINAL,6491058
2025-11-01,Wellesley,Westfield St.,3,0,FINAL,6491185
2025-11-01,Greensboro,Meredith,3,0,FINAL,6491329
2025-11-01,Vassar,RIT,3,0,FINAL,6491367
2025-11-01,Haverford,Johns Hopkins,3,1,FINAL,6491590
2025-11-01,Sewanee,Oglethorpe,3,0,FINAL,6492011
2025-11-01,Lesley,Me.-Presque Isle,0,3,FINAL,6492163
2025-11-01,Saint Elizabeth,Gwynedd Mercy,1,3,FINAL,6492284
2025-11-01,Lancaster Bible,St. Mary's (MD),2,3,FINAL,6492348
2025-11-01,Belhaven,Maryville (TN),1,3,FINAL,6492571
2025-11-01,Neb. Wesleyan,Coe,1,3,FINAL,6492936
2025-11-01,Rutgers-Newark,Brooklyn,0,3,FINAL,6493170
2025-11-01,WestConn,Rhode Island Col.,3,0,FINAL,6493290
2025-11-01,N.C. Wesleyan,Salem (NC),0,3,FINAL,6493606
2025-11-01,Wis. Lutheran,Concordia Wisconsin,2,3,FINAL,6488387
2025-11-01,Cortland,Plattsburgh St.,3,0,FINAL,6488411
2025-11-01,Buffalo St.,SUNY New Paltz,1,3,FINAL,6488836
2025-11-01,Wooster,John Carroll,0,3,FINAL,6488892
2025-11-01,Saint Vincent,Westminster (PA),2,3,FINAL,6488973
2025-11-01,Berea,Anderson (IN),0,3,FINAL,6489018
2025-11-01,Capital,Mount Union,2,3,FINAL,6489113
2025-11-01,St. Mary's (IN),Kalamazoo,3,0,FINAL,6489209
2025-11-01,Pitt.-Bradford,La Roche,2,3,FINAL,6489230
2025-11-01,Waynesburg,Allegheny,0,3,FINAL,6489252
2025-11-01,St. Joseph's (Brkln),Farmingdale St.,1,3,FINAL,6489291
2025-11-01,Norwich,Dean,0,3,FINAL,6489482
2025-11-01,VTSU Lyndon,Husson,0,3,FINAL,6489511
2025-11-01,MSOE,Concordia Chicago,3,0,FINAL,6489558
2025-11-01,Roger Williams,U New England,3,2,FINAL,6489645
2025-11-01,Mitchell,Elms,3,1,FINAL,6489662
2025-11-01,Edgewood,Aurora,3,2,FINAL,6489725
2025-11-01,St. Norbert,Illinois Tech,3,0,FINAL,6489803
2025-11-01,Ursinus,Gettysburg,1,3,FINAL,6489832
2025-11-01,Immaculata,Marymount (VA),0,3,FINAL,6490098
2025-11-01,Franklin & Marshall,Dickinson,3,2,FINAL,6490500
2025-11-01,Ohio Wesleyan,Oberlin,3,0,FINAL,6490514
2025-11-01,Moravian,Scranton,0,3,FINAL,6490555
2025-11-01,Agnes Scott,Covenant,0,3,FINAL,6490592
2025-11-01,Centenary (NJ),Neumann,1,3,FINAL,6490780
2025-11-01,Wittenberg,DePauw,3,0,FINAL,6490832
2025-11-01,Penn St.-Altoona,Penn St.-Behrend,3,0,FINAL,6490898
2025-11-01,Webster,Spalding,3,2,FINAL,6491068
2025-11-01,SUNY Morrisville,SUNY Potsdam,3,0,FINAL,6491084
2025-11-01,Susquehanna,Catholic,2,3,FINAL,6491171
2025-11-01,Valley Forge,Penn St.-Berks,0,3,FINAL,6491228
2025-11-01,Bard,Ithaca,0,3,FINAL,6491286
2025-11-01,Bryn Mawr,Arcadia,2,3,FINAL,6491388
2025-11-01,Salisbury,Mary Washington,3,0,FINAL,6491398
2025-11-01,Babson,William Smith,3,2,FINAL,6491498
2025-11-01,Olivet,Trine,0,3,FINAL,6491639
2025-11-01,Buena Vista,Luther,3,0,FINAL,6491646
2025-11-01,Simpson,Loras,3,1,FINAL,6491696
2025-11-01,Bethany (WV),Hiram,0,3,FINAL,6491844
2025-11-01,Hope,Alma,3,0,FINAL,6492098
2025-11-01,Utica,Elmira,3,0,FINAL,6492176
2025-11-01,Washington Col.,Swarthmore,0,3,FINAL,6492256
2025-11-01,Fredonia,SUNY Oneonta,3,1,FINAL,6492412
2025-11-01,Notre Dame (MD),Cairn,3,1,FINAL,6492455
2025-11-01,Pratt,Marywood,0,3,FINAL,6492542
2025-11-01,Ozarks (AR),Hendrix,0,3,FINAL,6492546
2025-11-01,Bridgewater (VA),York (PA),3,0,FINAL,6492664
2025-11-01,Randolph,East. Mennonite,0,3,FINAL,6492687
2025-11-01,Penn St.-Abington,Wilson,3,0,FINAL,6492948
2025-11-01,JWU (Providence),Brandeis,0,3,FINAL,6493010
2025-11-01,Smith,Worcester St.,3,0,FINAL,6493101
2025-11-01,Franciscan,Grove City,3,2,FINAL,6493118
2025-11-01,Sarah Lawrence,Mt. St. Mary (NY),3,0,FINAL,6493287
2025-11-01,Lakeland,Benedictine (IL),3,0,FINAL,6493303
2025-11-01,Baldwin Wallace,Muskingum,1,3,FINAL,6493339
2025-11-01,Howard Payne,UC Santa Cruz,1,3,FINAL,6493531
2025-11-01,Muhlenberg,McDaniel,3,1,FINAL,6493541
2025-11-01,Minn.-Morris,Bethany Lutheran,1,3,FINAL,6493670
2025-11-01,Regis (MA),Colby-Sawyer,3,1,FINAL,6493811
2025-11-01,Blackburn,Lyon,3,2,FINAL,6493815
2025-11-01,SUNY Poly,Keuka,3,0,FINAL,6493850
2025-11-01,Carroll (WI),Ripon,3,1,FINAL,6493911
2025-11-01,Alverno,Rockford,0,3,FINAL,6495744
2025-11-01,SUNY Geneseo,Russell Sage,3,1,FINAL,6495920
2025-11-01,Thiel,Chatham,3,1,FINAL,6496085
2025-11-01,Penn College,Rosemont,3,0,FINAL,6531796
2025-11-01,WPI,Eastern,0,3,FINAL,6492018
2025-11-01,Texas Lutheran,Concordia (TX),3,1,FINAL,6488464
2025-11-01,Middlebury,Hamilton,3,1,FINAL,6488524
2025-11-01,FDU-Florham,Brooklyn,3,2,FINAL,6488573
2025-11-01,Alfred,St. John Fisher,1,3,FINAL,6488595
2025-11-01,Hanover,Earlham,3,1,FINAL,6488621
2025-11-01,Williams,Amherst,3,2,FINAL,6488646
2025-11-01,Marian (WI),Dominican (IL),3,0,FINAL,6488744
2025-11-01,RIT,King's (PA),3,2,FINAL,6488805
2025-11-01,Cornell College,Knox,3,1,FINAL,6488921
2025-11-01,Meredith,Averett,3,0,FINAL,6489137
2025-11-01,Connecticut Col.,Colby,1,3,FINAL,6489386
2025-11-01,Bluffton,Transylvania,1,3,FINAL,6489568
2025-11-01,Wesleyan (CT),Bates,3,2,FINAL,6489902
2025-11-01,Skidmore,Clarkson,3,1,FINAL,6490090
2025-11-01,Wesleyan (GA),Asbury,0,3,FINAL,6490289
2025-11-01,Wis.-Superior,Northwestern-St. Paul,1,3,FINAL,6490638
2025-11-01,Albright,Stockton,0,3,FINAL,6490730
2025-11-01,Centre,Berry,3,2,FINAL,6491353
2025-11-01,NYU,John Jay,3,0,FINAL,6491413
2025-11-01,LeTourneau,Austin,3,0,FINAL,6491914
2025-11-01,Crown (MN),Martin Luther,3,2,FINAL,6491944
2025-11-01,SUNY Brockport,Hartwick,1,3,FINAL,6491998
2025-11-01,St. Mary's (MD),Shenandoah,2,3,FINAL,6492126
2025-11-01,Drew,Ramapo,1,3,FINAL,6492242
2025-11-01,Goucher,DeSales,0,3,FINAL,6492498
2025-11-01,Beloit,Illinois Col.,1,3,FINAL,6492524
2025-11-01,Grinnell,Monmouth (IL),0,3,FINAL,6492985
2025-11-01,Centenary (LA),Dallas,3,1,FINAL,6493058
2025-11-01,Trinity (CT),Bowdoin,0,3,FINAL,6493421
2025-11-01,Ohio Northern,Kenyon,3,0,FINAL,6493504
2025-11-01,Roanoke,Salem (NC),1,3,FINAL,6493607
2025-11-01,Houghton,Nazareth,3,0,FINAL,6493618
2025-11-01,Schreiner,Colorado Col.,1,3,FINAL,6493647
2025-11-01,Mt. St. Joseph,Franklin,1,3,FINAL,6493788
2025-11-01,North Central (IL),Wis.-Platteville,3,1,FINAL,6490347
2025-11-01,Ill. Wesleyan,Juniata,3,1,FINAL,6493716
2025-11-01,Ripon,Wis.-Whitewater,0,3,FINAL,6488437
2025-11-01,Pitt.-Greensburg,Westminster (PA),0,3,FINAL,6488975
2025-11-01,Eastern Conn. St.,UMass Boston,2,3,FINAL,6489043
2025-11-01,Union (NY),Babson,3,0,FINAL,6490054
2025-11-01,Maryville (TN),Piedmont,3,0,FINAL,6490272
2025-11-01,CWRU,Otterbein,0,3,FINAL,6490672
2025-11-01,MUW,Webster,3,1,FINAL,6491169
2025-11-01,Mary Washington,Lynchburg,0,3,FINAL,6491268
2025-11-01,McMurry,St. Thomas (TX),1,3,FINAL,6491519
2025-11-01,Saint Joseph (CT),Mitchell,3,1,FINAL,6491536
2025-11-01,Greenville,Blackburn,3,0,FINAL,6492019
2025-11-01,Rhodes,Southwestern (TX),0,3,FINAL,6492029
2025-11-01,East Tex. Baptist,UC Santa Cruz,3,0,FINAL,6492556
2025-11-01,Huntingdon,Agnes Scott,3,0,FINAL,6492745
2025-11-01,Lesley,Me.-Presque Isle,0,3,FINAL,6492957
2025-11-01,Salve Regina,Brandeis,1,3,FINAL,6493011
2025-11-01,Worcester St.,Curry,3,1,FINAL,6493043
2025-11-01,Lasell,Norwich,3,0,FINAL,6493945
2025-11-01,St. Lawrence,Keuka,3,0,FINAL,6495727
2025-11-01,Albertus Magnus,Colby-Sawyer,0,3,FINAL,6531088
2025-11-01,Plymouth St.,UMass Dartmouth,3,1,FINAL,6489773
2025-11-01,Stevens,Eastern,3,2,FINAL,6491713
2025-11-01,Albright,Keystone,3,0,FINAL,6488702
2025-11-01,Vassar,King's (PA),3,0,FINAL,6488806
2025-11-01,Greensboro,Averett,3,0,FINAL,6489138
2025-11-01,Wilkes,Ramapo,3,1,FINAL,6489372
2025-11-01,Denison,Ohio Northern,3,2,FINAL,6489749
2025-11-01,Mary Baldwin,Brevard,1,3,FINAL,6489858
2025-11-01,Hamline,St. Scholastica,1,3,FINAL,6490035
2025-11-01,Elizabethtown,DeSales,3,2,FINAL,6490755
2025-11-01,Oswego St.,Clarkson,0,3,FINAL,6491830
2025-11-01,Lancaster Bible,Shenandoah,3,0,FINAL,6492127
2025-11-01,N.C. Wesleyan,Roanoke,3,2,FINAL,6493625
2025-11-01,LaGrange,Wesleyan (GA),3,0,FINAL,6495923
2025-11-01,Carroll (WI),Wis.-Whitewater,0,3,FINAL,6488438
2025-11-01,UChicago,Wis.-Platteville,1,3,FINAL,6488788
2025-11-01,Belhaven,Piedmont,3,0,FINAL,6490273
2025-11-01,Salisbury,Lynchburg,3,0,FINAL,6491266
2025-11-01,Smith,Curry,3,0,FINAL,6493042
2025-11-01,Ithaca,New Jersey City,3,0,FINAL,6493161
2025-11-01,Emerson,Gordon,0,3,FINAL,6493279
2025-11-01,Saint Vincent,Pitt.-Greensburg,3,0,FINAL,6493547
2025-11-01,Bard,New Jersey City,1,3,FINAL,6493692
2025-11-01,SUNY Poly,St. Lawrence,0,3,FINAL,6493851
2025-11-01,Manchester,Rose-Hulman,3,1,FINAL,6488970
2025-11-01,Skidmore,Oswego St.,3,1,FINAL,6490091
2025-11-01,St. Olaf,Augsburg,3,2,FINAL,6490144
2025-11-01,St. Catherine,Carleton,3,1,FINAL,6490771
2025-11-01,Saint Benedict,Concordia-M'head,3,2,FINAL,6491783
2025-11-01,Macalester,Gustavus Adolphus,0,3,FINAL,6492616
2025-11-01,Geneva,Wash. & Jeff.,1,3,FINAL,6490415
2025-11-01,Carthage,North Park,3,0,FINAL,6492926
2025-11-01,Pomona-Pitzer,Whittier,2,3,FINAL,6493756
2025-11-01,Saint Mary's (MN),Bethel (MN),3,2,FINAL,6489631
2025-11-01,St. Olaf,Wis.-Eau Claire,1,3,FINAL,6490374
2025-11-01,Claremont-M-S,Chapman,3,1,FINAL,6492728
2025-11-01,Whitworth,Lewis & Clark,3,0,FINAL,6489974
2025-11-01,Cal Lutheran,Occidental,3,0,FINAL,6490019
2025-11-01,Whitman,George Fox,3,1,FINAL,6490982
2025-11-01,Linfield,Pacific Lutheran,2,3,FINAL,6491549
2025-11-01,Caltech,Redlands,0,3,FINAL,6492190
2025-11-01,Pacific (OR),Puget Sound,0,3,FINAL,6493592
2025-11-02,Yeshiva,SUNY Maritime,0,3,FINAL,6488504
2025-11-02,Rutgers-Camden,Medgar Evers,3,0,FINAL,6492907
2025-11-02,Hendrix,Mary Hardin-Baylor,0,3,FINAL,6491931
2025-11-02,Centre,Oglethorpe,3,1,FINAL,6491991
2025-11-02,Sewanee,Berry,3,1,FINAL,6491354
2025-11-02,Medgar Evers,St. Joseph's (Brkln),0,3,FINAL,6492772
2025-11-02,Centenary (LA),UC Santa Cruz,0,3,FINAL,6493535
2025-11-02,LeTourneau,Dallas,3,0,FINAL,6491917
2025-11-02,Rutgers-Camden,St. Joseph's (Brkln),3,2,FINAL,6492776
2025-11-03,Bridgewater St.,MCLA,3,0,FINAL,6532067
2025-11-03,Purchase,Manhattanville,0,3,FINAL,6493519
2025-11-03,Bard,SUNY Delhi,3,2,FINAL,6491287
2025-11-04,Westminster (MO),Neb. Wesleyan,0,3,FINAL,6491614
2025-11-04,Concordia (TX),Howard Payne,1,3,FINAL,6492378
2025-11-04,Warren Wilson,Averett,1,3,FINAL,6489139
2025-11-04,Brevard,Salem (NC),2,3,FINAL,6489859
2025-11-04,Mount Holyoke,Coast Guard,0,3,FINAL,6491479
2025-11-04,Westminster (MO),Neb. Wesleyan,3,1,FINAL,6491615
2025-11-04,MIT,Smith,3,0,FINAL,6491676
2025-11-04,John Jay,Lehman,3,0,FINAL,6493075
2025-11-04,Worcester St.,Keene St.,1,3,FINAL,6493102
2025-11-04,Brooklyn,Medgar Evers,3,0,FINAL,6493171
2025-11-04,Anna Maria,Rhode Island Col.,0,3,FINAL,6493292
2025-11-04,Millsaps,MUW,3,0,FINAL,6488857
2025-11-04,Wilmington (OH),Oberlin,0,3,FINAL,6489556
2025-11-04,Methodist,Pfeiffer,3,0,FINAL,6489597
2025-11-04,Emmanuel (MA),Elms,3,1,FINAL,6489665
2025-11-04,Geneva,Allegheny,0,3,FINAL,6489756
2025-11-04,Montclair St.,Kean,0,3,FINAL,6490382
2025-11-04,Stockton,Ramapo,3,0,FINAL,6490731
2025-11-04,Penn St.-Altoona,Pitt.-Greensburg,3,0,FINAL,6490899
2025-11-04,Rutgers-Newark,Wm. Paterson,0,3,FINAL,6491010
2025-11-04,Baruch,Hunter,3,1,FINAL,6491125
2025-11-04,Emerson,Wellesley,3,2,FINAL,6491209
2025-11-04,Hardin-Simmons,McMurry,3,1,FINAL,6491769
2025-11-04,Concordia (TX),Howard Payne,3,0,FINAL,6492381
2025-11-04,Babson,Clark (MA),3,0,FINAL,6492401
2025-11-04,Salve Regina,Springfield,0,3,FINAL,6492855
2025-11-04,CCNY,York (NY),3,0,FINAL,6493089
2025-11-04,Wash. & Jeff.,Franciscan,3,1,FINAL,6493120
2025-11-04,New Jersey City,Rowan,1,3,FINAL,6493350
2025-11-04,Framingham St.,JWU (Providence),0,3,FINAL,6491583
2025-11-04,Wheaton (IL),North Central (IL),3,1,FINAL,6488794
2025-11-04,Centenary (LA),Austin,0,3,FINAL,6493901
2025-11-04,Occidental,Caltech,1,3,FINAL,6490024
2025-11-04,Pacific (OR),George Fox,1,3,FINAL,6490983
2025-11-04,Redlands,La Verne,3,2,FINAL,6492191
2025-11-04,Chapman,Cal Lutheran,0,3,FINAL,6492729
2025-11-04,Whittier,Claremont-M-S,3,0,FINAL,6493327
2025-11-05,SUNY Cobleskill,SUNY Morrisville,3,1,FINAL,6491434
2025-11-05,Plymouth St.,Colby-Sawyer,3,0,FINAL,6491315
2025-11-05,Mary Baldwin,N.C. Wesleyan,1,3,FINAL,6496000
2025-11-05,St. Thomas (TX),Texas Lutheran,3,1,FINAL,6488465
2025-11-05,Mt. St. Mary (NY),SUNY Maritime,3,0,FINAL,6488506
2025-11-05,Vassar,SUNY New Paltz,3,0,FINAL,6488837
2025-11-05,MCLA,Norwich,3,1,FINAL,6489166
2025-11-05,Endicott,U New England,3,0,FINAL,6489952
2025-11-05,Wittenberg,Marietta,3,1,FINAL,6490456
2025-11-05,Eastern Conn. St.,Salem St.,3,0,FINAL,6490678
2025-11-05,Fredonia,Hilbert,2,3,FINAL,6490973
2025-11-05,UMSV,Old Westbury,1,3,FINAL,6491044
2025-11-05,Greensboro,Southern Va.,3,0,FINAL,6491330
2025-11-05,Va. Wesleyan,Randolph,3,0,FINAL,6492141
2025-11-05,SUNY Cobleskill,VTSU Castleton,0,3,FINAL,6492205
2025-11-05,Curry,Wentworth,0,3,FINAL,6492387
2025-11-05,Marymount (VA),Bridgewater (VA),0,3,FINAL,6492666
2025-11-05,WPI,Wheaton (MA),0,3,FINAL,6493165
2025-11-05,Sarah Lawrence,Manhattanville,1,3,FINAL,6493289
2025-11-05,Mary Baldwin,N.C. Wesleyan,2,3,FINAL,6496001
2025-11-05,Wilmington (OH),Wooster,3,0,FINAL,6488893
2025-11-05,Hollins,Lynchburg,1,3,FINAL,6489089
2025-11-05,Calvin,Olivet,3,0,FINAL,6489786
2025-11-05,Trine,Alma,3,0,FINAL,6492099
2025-11-05,East. Mennonite,Shenandoah,2,3,FINAL,6492128
2025-11-05,FDU-Florham,DeSales,3,1,FINAL,6488574
2025-11-05,Berea,Hanover,0,3,FINAL,6488622
2025-11-05,Arcadia,King's (PA),3,1,FINAL,6488807
2025-11-05,Earlham,Rose-Hulman,3,2,FINAL,6488972
2025-11-05,Lasell,UMass Boston,3,0,FINAL,6489044
2025-11-05,Albion,St. Mary's (IN),3,0,FINAL,6489211
2025-11-05,Saint Vincent,Waynesburg,3,0,FINAL,6489253
2025-11-05,Farmingdale St.,Yeshiva,3,0,FINAL,6489293
2025-11-05,Anderson (IN),Bluffton,2,3,FINAL,6489571
2025-11-05,Hartford,Roger Williams,0,3,FINAL,6489648
2025-11-05,Gettysburg,Johns Hopkins,1,3,FINAL,6489833
2025-11-05,Neumann,Immaculata,2,3,FINAL,6490099
2025-11-05,Loras,Dubuque,0,3,FINAL,6490331
2025-11-05,Alfred St.,Pitt.-Bradford,2,3,FINAL,6490414
2025-11-05,Bryn Mawr,Franklin & Marshall,0,3,FINAL,6490503
2025-11-05,Stevenson,Albright,3,0,FINAL,6490870
2025-11-05,Luther,Simpson,0,3,FINAL,6491024
2025-11-05,Franklin,Manchester,1,3,FINAL,6491108
2025-11-05,Kalamazoo,Adrian,2,3,FINAL,6491232
2025-11-05,WestConn,Saint Joseph (CT),3,0,FINAL,6491538
2025-11-05,Western New Eng.,Suffolk,0,3,FINAL,6491642
2025-11-05,Delaware Valley,Stevens,0,3,FINAL,6491714
2025-11-05,Lebanon Valley,Misericordia,1,3,FINAL,6491729
2025-11-05,Purchase,Merchant Marine,1,3,FINAL,6491805
2025-11-05,Grove City,Hiram,2,3,FINAL,6491845
2025-11-05,Eastern,York (PA),3,0,FINAL,6492020
2025-11-05,Hood,Widener,3,2,FINAL,6492047
2025-11-05,Haverford,Swarthmore,3,0,FINAL,6492257
2025-11-05,Regis (MA),New England Col.,3,0,FINAL,6492420
2025-11-05,Pratt,Gwynedd Mercy,0,3,FINAL,6492432
2025-11-05,Southern Me.,Simmons,1,3,FINAL,6492484
2025-11-05,Marywood,Centenary (NJ),3,0,FINAL,6492543
2025-11-05,John Carroll,Otterbein,3,2,FINAL,6492760
2025-11-05,Chatham,Bethany (WV),3,0,FINAL,6492811
2025-11-05,Mt. St. Joseph,Transylvania,1,3,FINAL,6492833
2025-11-05,William Peace,Meredith,0,3,FINAL,6492969
2025-11-05,Dickinson,McDaniel,3,0,FINAL,6493224
2025-11-05,Nichols,Gordon,0,3,FINAL,6493369
2025-11-05,Coe,Wartburg,3,0,FINAL,6493463
2025-11-05,Central (IA),Buena Vista,3,0,FINAL,6493510
2025-11-05,Alvernia,Messiah,1,3,FINAL,6493651
2025-11-05,Penn St.-Abington,Penn College,3,0,FINAL,6531959
2025-11-05,Cedar Crest,Penn St.-Berks,3,2,FINAL,6531960
2025-11-05,St. Joseph's (L.I.),St. Joseph's (Brkln),1,3,FINAL,6532422
2025-11-05,Ursinus,Muhlenberg,3,1,FINAL,6491959
2025-11-05,Greenville,WashU,3,2,FINAL,6488538
2025-11-05,Wis.-Stout,Wis.-La Crosse,1,3,FINAL,6489066
2025-11-05,Gustavus Adolphus,Saint Mary's (MN),3,0,FINAL,6489633
2025-11-05,UW-River Falls,Hamline,3,0,FINAL,6490038
2025-11-05,Augsburg,Northwestern-St. Paul,3,1,FINAL,6490145
2025-11-05,St. Olaf,Bethany Lutheran,3,1,FINAL,6490375
2025-11-05,Saint Benedict,Bethel (MN),3,0,FINAL,6491785
2025-11-05,North Central (IL),Elmhurst,1,3,FINAL,6492105
2025-11-05,Millikin,Carthage,2,3,FINAL,6492924
2025-11-05,Grinnell,Cornell College,0,3,FINAL,6492986
2025-11-05,Ill. Wesleyan,Augustana (IL),3,0,FINAL,6493364
2025-11-06,Gwynedd Mercy,Moravian,0,3,FINAL,6490557
2025-11-06,Bridgewater St.,Mitchell,3,1,FINAL,6492301
2025-11-06,Lehman,Albertus Magnus,0,3,FINAL,6493741
2025-11-06,Westminster (PA),Thiel,3,1,FINAL,6488976
2025-11-06,Dean,Mass. Maritime,3,0,FINAL,6489485
2025-11-06,Mount Holyoke,Elms,3,1,FINAL,6489667
2025-11-06,Clark (MA),Union (NY),0,3,FINAL,6490055
2025-11-06,Gallaudet,Catholic,3,1,FINAL,6490923
2025-11-06,SUNY Potsdam,Clarkson,0,3,FINAL,6491085
2025-11-06,Rhodes,Mary Hardin-Baylor,0,3,FINAL,6491933
2025-11-06,Yeshiva,York (NY),3,1,FINAL,6493090
2025-11-06,Drew,Brooklyn,3,0,FINAL,6493173
2025-11-06,Dominican (IL),Concordia Chicago,0,3,FINAL,6493441
2025-11-06,Wm. Paterson,Scranton,2,3,FINAL,6493612
2025-11-06,Marian (WI),Concordia Wisconsin,0,3,FINAL,6488388
2025-11-06,St. Norbert,MSOE,3,0,FINAL,6489559
2025-11-06,Benedictine (IL),Aurora,0,3,FINAL,6489727
2025-11-06,Eureka,Webster,3,1,FINAL,6492629
2025-11-06,Wis. Lutheran,Edgewood,0,3,FINAL,6492701
2025-11-06,Alverno,Lakeland,0,3,FINAL,6493305
2025-11-07,Chris. Newport,Eastern,3,0,FINAL,6490199
2025-11-07,Berry,Wash. & Lee,3,1,FINAL,6488714
2025-11-07,Emory,Randolph-Macon,3,0,FINAL,6490884
2025-11-07,SUNY Canton,St. Lawrence,1,3,FINAL,6493422
2025-11-07,Sewanee,MUW,3,1,FINAL,6491172
2025-11-07,Keene St.,WestConn,0,3,FINAL,6493661
2025-11-07,Plattsburgh St.,Skidmore,0,3,FINAL,6488412
2025-11-07,Franciscan,Waynesburg,3,1,FINAL,6489255
2025-11-07,Wis.-Platteville,UW-River Falls,3,1,FINAL,6490352
2025-11-07,Sewanee,Covenant,3,2,FINAL,6490593
2025-11-07,Stockton,Salisbury,2,3,FINAL,6490732
2025-11-07,Alma,Calvin,0,3,FINAL,6489787
2025-11-07,Hope,Trine,3,2,FINAL,6492112
2025-11-07,Stevens,SUNY New Paltz,3,0,FINAL,6488838
2025-11-07,Chris. Newport,Centre,3,0,FINAL,6490200
2025-11-07,Emory,Ithaca,3,1,FINAL,6490886
2025-11-07,N.C. Wesleyan,Greensboro,0,3,FINAL,6491331
2025-11-07,Framingham St.,Anna Maria,3,0,FINAL,6491585
2025-11-07,Trinity (TX),Southwestern (TX),3,0,FINAL,6492028
2025-11-07,Colorado Col.,Concordia (TX),3,2,FINAL,6492385
2025-11-07,McMurry,Schreiner,1,3,FINAL,6493223
2025-11-07,Wis.-Stevens Point,Wis.-Whitewater,1,3,FINAL,6488439
2025-11-07,Lake Forest,UChicago,0,3,FINAL,6488789
2025-11-07,Wis.-Oshkosh,Wis.-Eau Claire,3,1,FINAL,6489398
2025-11-07,Wis.-Superior,Minn.-Morris,2,3,FINAL,6490639
2025-11-07,Bethel (MN),St. Catherine,3,0,FINAL,6490773
2025-11-07,North Central (MN),Martin Luther,2,3,FINAL,6491878
2025-11-07,Illinois Tech,Rockford,3,1,FINAL,6492316
2025-11-07,Carroll (WI),Carthage,0,3,FINAL,6492928
2025-11-07,Bethany Lutheran,Northwestern-St. Paul,1,3,FINAL,6493275
2025-11-07,Puget Sound,Whitworth,1,3,FINAL,6489979
2025-11-07,La Verne,Occidental,3,0,FINAL,6490027
2025-11-07,Lewis & Clark,Willamette,0,3,FINAL,6490173
2025-11-07,George Fox,Linfield,1,3,FINAL,6490984
2025-11-07,Pacific Lutheran,Whitman,3,0,FINAL,6491550
2025-11-07,Caltech,Chapman,0,3,FINAL,6492730
2025-11-07,Claremont-M-S,Pomona-Pitzer,3,0,FINAL,6493326
2025-11-07,Cal Lutheran,Whittier,1,3,FINAL,6493753
2025-11-08,Austin,East Tex. Baptist,0,3,FINAL,6532851
2025-11-08,Kean,Sarah Lawrence,3,1,FINAL,6490949
2025-11-08,Spalding,Westminster (MO),0,3,FINAL,6491069
2025-11-08,Centenary (LA),LeTourneau,0,3,FINAL,6491922
2025-11-08,Belhaven,Mary Hardin-Baylor,1,3,FINAL,6491935
2025-11-08,Emory,Wash. & Lee,3,0,FINAL,6488715
2025-11-08,Denison,Baldwin Wallace,0,3,FINAL,6489751
2025-11-08,Norwich,Emmanuel (MA),0,3,FINAL,6489994
2025-11-08,Fitchburg St.,Bridgewater St.,0,3,FINAL,6490077
2025-11-08,Gwynedd Mercy,Immaculata,3,0,FINAL,6490100
2025-11-08,Montclair St.,St. Joseph's (L.I.),3,0,FINAL,6490383
2025-11-08,Elizabethtown,Rutgers-Newark,3,0,FINAL,6490756
2025-11-08,Millikin,DePauw,3,1,FINAL,6490836
2025-11-08,East. Mennonite,Gallaudet,0,3,FINAL,6490924
2025-11-08,Vassar,Merchant Marine,3,1,FINAL,6491369
2025-11-08,William Smith,Brandeis,3,0,FINAL,6491499
2025-11-08,Eastern,Centre,3,2,FINAL,6491993
2025-11-08,Rowan,Widener,3,1,FINAL,6492038
2025-11-08,Wentworth,Nichols,3,0,FINAL,6492388
2025-11-08,New England Col.,Lasell,0,3,FINAL,6492421
2025-11-08,York (PA),Haverford,0,3,FINAL,6492783
2025-11-08,Lyon,Eureka,3,0,FINAL,6492799
2025-11-08,Rivier,Regis (MA),3,0,FINAL,6493405
2025-11-08,Colby-Sawyer,Simmons,1,3,FINAL,6493791
2025-11-08,Fredonia,RIT,3,1,FINAL,6493833
2025-11-08,Mt. St. Mary (NY),New Jersey City,2,3,FINAL,6495690
2025-11-08,Kenyon,Oberlin,3,0,FINAL,6531418
2025-11-08,Penn St. Harrisburg,Cedar Crest,3,0,FINAL,6531961
2025-11-08,St. Mary's (MD),Penn St.-Abington,3,0,FINAL,6531962
2025-11-08,McDaniel,Ursinus,1,3,FINAL,6491961
2025-11-08,Mary Hardin-Baylor,Millsaps,3,2,FINAL,6488858
2025-11-08,Rochester (NY),Buffalo St.,0,3,FINAL,6489420
2025-11-08,Elms,Dean,3,1,FINAL,6489486
2025-11-08,Gettysburg,Bryn Mawr,3,0,FINAL,6489834
2025-11-08,Meredith,Brevard,3,2,FINAL,6489861
2025-11-08,Swarthmore,Franklin & Marshall,1,3,FINAL,6490506
2025-11-08,Southern Va.,Methodist,3,0,FINAL,6490560
2025-11-08,Wis.-Superior,Crown (MN),3,0,FINAL,6490640
2025-11-08,Salem St.,Mass. Maritime,3,1,FINAL,6490681
2025-11-08,Marymount (VA),Neumann,3,0,FINAL,6490781
2025-11-08,Juniata,Penn St.-Altoona,3,0,FINAL,6490900
2025-11-08,SUNY Potsdam,SUNY Canton,3,2,FINAL,6491086
2025-11-08,Ramapo,Baruch,3,0,FINAL,6491126
2025-11-08,Worcester St.,Westfield St.,0,3,FINAL,6491186
2025-11-08,Wheaton (MA),Mount Holyoke,2,3,FINAL,6491480
2025-11-08,Southern Me.,Eastern Conn. St.,0,3,FINAL,6491655
2025-11-08,Clark (MA),MIT,0,3,FINAL,6491677
2025-11-08,Southwestern (TX),Hardin-Simmons,1,3,FINAL,6491772
2025-11-08,Ohio Northern,Wittenberg,1,3,FINAL,6491790
2025-11-08,Rhodes,LeTourneau,0,3,FINAL,6491920
2025-11-08,Shenandoah,Messiah,3,2,FINAL,6492130
2025-11-08,Rhode Island Col.,VTSU Castleton,3,0,FINAL,6492207
2025-11-08,Bethany (WV),Saint Vincent,1,3,FINAL,6492812
2025-11-08,Salem (NC),William Peace,3,2,FINAL,6492970
2025-11-08,Chatham,Wash. & Jeff.,0,3,FINAL,6493238
2025-11-08,CCNY,Sarah Lawrence,0,3,FINAL,6493293
2025-11-08,Oglethorpe,LaGrange,3,0,FINAL,6493358
2025-11-08,Augustana (IL),Loras,3,1,FINAL,6493361
2025-11-08,Manhattanville,Drew,3,1,FINAL,6493520
2025-11-08,Mount Aloysius,Penn St.-Behrend,2,3,FINAL,6488377
2025-11-08,Concordia Wisconsin,Alverno,3,0,FINAL,6488389
2025-11-08,Colorado Col.,Texas Lutheran,3,2,FINAL,6488466
2025-11-08,St. Joseph's (L.I.),FDU-Florham,1,3,FINAL,6488578
2025-11-08,Wooster,CWRU,0,3,FINAL,6488894
2025-11-08,Rose-Hulman,Bluffton,3,0,FINAL,6488974
2025-11-08,Manchester,Berea,3,0,FINAL,6489019
2025-11-08,UMass Boston,Plymouth St.,3,0,FINAL,6489045
2025-11-08,La Roche,Alfred St.,3,0,FINAL,6489234
2025-11-08,Aurora,MSOE,3,0,FINAL,6489560
2025-11-08,Pfeiffer,Mary Baldwin,3,1,FINAL,6489601
2025-11-08,Roger Williams,Western New Eng.,3,0,FINAL,6489650
2025-11-08,Dominican (IL),St. Norbert,0,3,FINAL,6489808
2025-11-08,Chris. Newport,Roanoke,3,0,FINAL,6490201
2025-11-08,Stevenson,Rutgers-Newark,3,0,FINAL,6491012
2025-11-08,Rowan,Susquehanna,3,0,FINAL,6491176
2025-11-08,Widener,Susquehanna,0,3,FINAL,6491177
2025-11-08,Wellesley,Smith,1,3,FINAL,6491210
2025-11-08,Mary Washington,Randolph,3,0,FINAL,6491401
2025-11-08,Lasell,Saint Joseph (CT),3,0,FINAL,6491539
2025-11-08,Johns Hopkins,Muhlenberg,3,0,FINAL,6491591
2025-11-08,Greenville,Westminster (MO),3,1,FINAL,6491616
2025-11-08,Hunter,Merchant Marine,1,3,FINAL,6491806
2025-11-08,Hiram,Thiel,3,1,FINAL,6491847
2025-11-08,Marywood,Saint Elizabeth,3,1,FINAL,6492285
2025-11-08,Dickinson,Washington Col.,3,0,FINAL,6492323
2025-11-08,Springfield,Babson,0,3,FINAL,6492404
2025-11-08,Dallas,Hendrix,0,3,FINAL,6492547
2025-11-08,Benedictine (IL),Wis. Lutheran,2,3,FINAL,6492704
2025-11-08,Misericordia,Haverford,1,3,FINAL,6492788
2025-11-08,Blackburn,Eureka,3,0,FINAL,6492800
2025-11-08,Adrian,Albion,0,3,FINAL,6492890
2025-11-08,Centenary (NJ),Pratt,3,0,FINAL,6493021
2025-11-08,RIT,John Carroll,0,3,FINAL,6493034
2025-11-08,Gordon,Curry,3,0,FINAL,6493044
2025-11-08,New Jersey City,John Jay,0,3,FINAL,6493076
2025-11-08,WPI,Salve Regina,3,0,FINAL,6493168
2025-11-08,Coast Guard,Emerson,3,2,FINAL,6493281
2025-11-08,Concordia Chicago,Lakeland,0,3,FINAL,6493306
2025-11-08,North Park,Ohio Wesleyan,0,3,FINAL,6493577
2025-11-08,SUNY Geneseo,Houghton,3,0,FINAL,6531876
2025-11-08,SUNY Brockport,Russell Sage,3,0,FINAL,6531877
2025-11-08,Hartwick,Utica,3,0,FINAL,6531878
2025-11-08,St. John Fisher,Alfred,3,0,FINAL,6531879
2025-11-08,Colby,Connecticut Col.,3,0,FINAL,6531883
2025-11-08,Notre Dame (MD),Cairn,1,3,FINAL,6531964
2025-11-08,Thomas (ME),SUNY Cobleskill,2,3,FINAL,6532063
2025-11-08,SUNY Delhi,Me.-Presque Isle,3,0,FINAL,6533345
2025-11-08,Ithaca,Wash. & Lee,3,2,FINAL,6488716
2025-11-08,Randolph-Macon,Berry,0,3,FINAL,6491358
2025-11-08,Ithaca,Randolph-Macon,3,0,FINAL,6493121
2025-11-08,St. Joseph's (ME),Simmons,3,1,FINAL,6493792
2025-11-08,McDaniel,Trinity Washington,3,0,FINAL,6493806
2025-11-08,DePauw,WashU,0,3,FINAL,6488539
2025-11-08,Belhaven,Millsaps,0,3,FINAL,6488859
2025-11-08,Lake Forest,Knox,3,0,FINAL,6488922
2025-11-08,Salem (NC),Averett,3,0,FINAL,6489140
2025-11-08,Union (NY),Buffalo St.,3,0,FINAL,6489422
2025-11-08,U New England,Hartford,3,0,FINAL,6489955
2025-11-08,Rochester (NY),Union (NY),1,3,FINAL,6490057
2025-11-08,Brandeis,Cortland,1,3,FINAL,6490626
2025-11-08,Stockton,NYU,0,3,FINAL,6490734
2025-11-08,Sweet Briar,Neumann,0,3,FINAL,6490782
2025-11-08,Kean,CCNY,3,0,FINAL,6490950
2025-11-08,Spalding,Greenville,0,3,FINAL,6491070
2025-11-08,Maryville (TN),MUW,3,2,FINAL,6491179
2025-11-08,SUNY Oneonta,Bard,3,0,FINAL,6491288
2025-11-08,JWU (Providence),Endicott,1,3,FINAL,6491822
2025-11-08,Bethany Lutheran,North Central (MN),3,0,FINAL,6491880
2025-11-08,Transylvania,Franklin,3,0,FINAL,6492834
2025-11-08,Centenary (LA),Rhodes,1,3,FINAL,6492878
2025-11-08,Ripon,Monmouth (IL),1,3,FINAL,6493009
2025-11-08,Martin Luther,Northwestern-St. Paul,0,3,FINAL,6493277
2025-11-08,Oglethorpe,Huntingdon,3,0,FINAL,6493363
2025-11-08,Cornell College,Wartburg,3,0,FINAL,6493464
2025-11-08,Pitt.-Greensburg,Pitt.-Bradford,0,3,FINAL,6493715
2025-11-08,Lawrence,Illinois Col.,3,0,FINAL,6493742
2025-11-08,Earlham,Mt. St. Joseph,3,1,FINAL,6493799
2025-11-08,Austin,Ozarks (AR),3,0,FINAL,6531822
2025-11-08,Wis.-Superior,St. Olaf,0,3,FINAL,6490376
2025-11-08,Va. Wesleyan,Franklin & Marshall,3,0,FINAL,6490510
2025-11-08,Carnegie Mellon,Penn St.-Altoona,3,0,FINAL,6490901
2025-11-08,SUNY Potsdam,St. Lawrence,2,3,FINAL,6491087
2025-11-08,Coe,Ohio Wesleyan,2,3,FINAL,6493579
2025-11-08,Concordia Wisconsin,Wis.-Stevens Point,3,0,FINAL,6488390
2025-11-08,Montclair St.,FDU-Florham,3,0,FINAL,6488576
2025-11-08,Elizabethtown,Stevenson,3,1,FINAL,6490757
2025-11-08,Vassar,Hunter,3,1,FINAL,6491370
2025-11-08,New England Col.,Saint Joseph (CT),3,0,FINAL,6491540
2025-11-08,Roanoke,Eastern,0,3,FINAL,6492021
2025-11-08,York (PA),Misericordia,0,3,FINAL,6492784
2025-11-08,Grinnell,Loras,1,3,FINAL,6492988
2025-11-08,Fredonia,John Carroll,1,3,FINAL,6493033
2025-11-08,Mt. St. Mary (NY),John Jay,1,3,FINAL,6493077
2025-11-08,Lyon,Blackburn,3,1,FINAL,6493817
2025-11-08,Colby-Sawyer,St. Joseph's (ME),0,3,FINAL,6493959
2025-11-08,Wesleyan (CT),Bates,3,1,FINAL,6531882
2025-11-08,Williams,Middlebury,3,1,FINAL,6531884
2025-11-08,Millikin,WashU,2,3,FINAL,6488540
2025-11-08,Covenant,MUW,3,0,FINAL,6490596
2025-11-08,Emory,Berry,3,1,FINAL,6490888
2025-11-08,Trinity (TX),Hardin-Simmons,3,1,FINAL,6491774
2025-11-08,East Tex. Baptist,Ozarks (AR),3,0,FINAL,6492557
2025-11-08,Marymount (VA),Sweet Briar,3,0,FINAL,6492775
2025-11-08,Augustana (IL),Grinnell,3,1,FINAL,6492987
2025-11-08,Olivet,St. Mary's (IN),2,3,FINAL,6489214
2025-11-08,William Smith,Cortland,3,1,FINAL,6490628
2025-11-08,Bridgewater (VA),Gallaudet,3,1,FINAL,6490925
2025-11-08,Swarthmore,Va. Wesleyan,1,3,FINAL,6492143
2025-11-08,Juniata,Carnegie Mellon,3,2,FINAL,6493192
2025-11-08,Westminster (PA),Allegheny,3,2,FINAL,6488977
2025-11-08,Rockford,Marian (WI),3,2,FINAL,6488745
2025-11-08,Gustavus Adolphus,Hamline,2,3,FINAL,6490042
2025-11-08,Concordia-M'head,Macalester,2,3,FINAL,6492617
2025-11-08,North Park,Coe,2,3,FINAL,6493974
2025-11-08,Hanover,Anderson (IN),3,0,FINAL,6488623
2025-11-08,Augsburg,Saint Mary's (MN),3,0,FINAL,6489635
2025-11-08,Occidental,Redlands,3,1,FINAL,6490029
2025-11-08,St. Scholastica,St. Olaf,0,3,FINAL,6490379
2025-11-08,Geneva,Grove City,0,3,FINAL,6490416
2025-11-08,Chapman,La Verne,0,3,FINAL,6492644
2025-11-08,Pomona-Pitzer,Cal Lutheran,1,3,FINAL,6493754
2025-11-08,Tufts,Bowdoin,3,0,FINAL,6531885
2025-11-08,Carleton,Saint Benedict,0,3,FINAL,6491786
2025-11-08,Pacific Lutheran,Whitworth,1,3,FINAL,6489984
2025-11-08,Linfield,Lewis & Clark,3,0,FINAL,6490174
2025-11-08,Willamette,Pacific (OR),3,1,FINAL,6491460
2025-11-08,Puget Sound,Whitman,3,1,FINAL,6492844
2025-11-08,Whittier,Caltech,3,1,FINAL,6493585
2025-11-09,Austin,Hendrix,3,2,FINAL,6492549
2025-11-09,Maine Maritime,SUNY Cobleskill,3,0,FINAL,6532061
2025-11-09,Husson,SUNY Delhi,1,3,FINAL,6532062
2025-11-09,Dallas,Ozarks (AR),1,3,FINAL,6493059
2025-11-09,St. Thomas (TX),Concordia (TX),1,3,FINAL,6491522
2025-11-10,North Central (MN),Crown (MN),3,2,FINAL,6531777
2025-11-11,MCLA,Worcester St.,0,3,FINAL,6532857
2025-11-11,Greensboro,Brevard,3,0,FINAL,6532805
2025-11-11,Plymouth St.,Keene St.,3,1,FINAL,6532950
2025-11-11,SUNY New Paltz,SUNY Morrisville,3,0,FINAL,6531931
2025-11-11,Fredonia,Buffalo St.,2,3,FINAL,6531932
2025-11-11,William Smith,Clarkson,3,0,FINAL,6532111
2025-11-11,Covenant,Belhaven,3,0,FINAL,6532413
2025-11-11,Brooklyn,Lehman,3,0,FINAL,6532635
2025-11-11,Hunter,CCNY,3,1,FINAL,6532636
2025-11-11,MIT,Wellesley,3,0,FINAL,6532768
2025-11-11,Meredith,Methodist,3,0,FINAL,6532802
2025-11-11,Salem (NC),Pfeiffer,3,1,FINAL,6532803
2025-11-11,Southern Va.,William Peace,3,0,FINAL,6532804
2025-11-11,Simmons,St. Joseph's (ME),1,3,FINAL,6532844
2025-11-11,Colby-Sawyer,Lasell,0,3,FINAL,6532845
2025-11-11,Salem St.,Framingham St.,0,3,FINAL,6532856
2025-11-11,Eastern Conn. St.,WestConn,1,3,FINAL,6532951
2025-11-11,Sarah Lawrence,Farmingdale St.,3,2,FINAL,6532978
2025-11-11,Mt. St. Mary (NY),St. Joseph's (L.I.),1,3,FINAL,6532979
2025-11-11,Randolph-Macon,Lynchburg,0,3,FINAL,6532567
2025-11-11,Guilford,Bridgewater (VA),0,3,FINAL,6532568
2025-11-11,Shenandoah,Wash. & Lee,0,3,FINAL,6532569
2025-11-11,Roanoke,Va. Wesleyan,0,3,FINAL,6532570
2025-11-11,Susquehanna,Moravian,3,2,FINAL,6531888
2025-11-11,Catholic,Elizabethtown,3,2,FINAL,6531889
2025-11-11,Skidmore,Vassar,3,2,FINAL,6532110
2025-11-11,Stockton,Ramapo,3,0,FINAL,6532335
2025-11-11,Wm. Paterson,Montclair St.,3,1,FINAL,6532336
2025-11-11,LaGrange,Huntingdon,3,0,FINAL,6532412
2025-11-11,Muskingum,Heidelberg,3,2,FINAL,6532603
2025-11-11,Baldwin Wallace,Ohio Northern,2,3,FINAL,6532604
2025-11-11,Thiel,Franciscan,3,1,FINAL,6532644
2025-11-11,Hiram,Saint Vincent,3,1,FINAL,6532645
2025-11-11,DePauw,Denison,2,3,FINAL,6532721
2025-11-11,Kenyon,Ohio Wesleyan,0,3,FINAL,6532722
2025-11-11,Babson,Mount Holyoke,3,1,FINAL,6532769
2025-11-11,Springfield,Emerson,3,0,FINAL,6532770
2025-11-11,Smith,Coast Guard,0,3,FINAL,6532771
2025-11-11,Endicott,U New England,3,1,FINAL,6532778
2025-11-11,Gordon,JWU (Providence),3,1,FINAL,6532779
2025-11-11,Centenary (NJ),Neumann,2,3,FINAL,6532842
2025-11-11,Rivier,Regis (MA),2,3,FINAL,6532843
2025-11-11,New England Col.,Emmanuel (MA),0,3,FINAL,6532846
2025-11-11,Olivet,Albion,0,3,FINAL,6532847
2025-11-11,St. Mary's (IN),Trine,2,3,FINAL,6532848
2025-11-11,Westminster (PA),Chatham,3,1,FINAL,6532934
2025-11-11,Grove City,Wash. & Jeff.,3,2,FINAL,6532935
2025-11-11,Penn St. Harrisburg,Cairn,3,0,FINAL,6533089
2025-11-11,St. Mary's (MD),Lancaster Bible,3,0,FINAL,6533092
2025-11-11,Simpson,Wartburg,3,1,FINAL,6532607
2025-11-11,Neb. Wesleyan,Central (IA),0,3,FINAL,6532608
2025-11-11,Wis.-La Crosse,Wis.-Platteville,3,1,FINAL,6532727
2025-11-11,Wis.-Stevens Point,Wis.-Whitewater,0,3,FINAL,6532728
2025-11-11,Concordia Wisconsin,Lakeland,3,0,FINAL,6532772
2025-11-11,Wis. Lutheran,Aurora,1,3,FINAL,6532773
2025-11-11,Illinois Tech,St. Norbert,3,0,FINAL,6532774
2025-11-11,Benedictine (IL),Edgewood,0,3,FINAL,6532775
2025-11-11,Millikin,Augustana (IL),3,0,FINAL,6532792
2025-11-11,Wheaton (IL),Carroll (WI),3,2,FINAL,6532793
2025-11-11,Saint Benedict,Augsburg,3,0,FINAL,6532838
2025-11-11,Bethel (MN),St. Catherine,3,1,FINAL,6532839
2025-11-11,Cal Lutheran,Redlands,2,3,FINAL,6532971
2025-11-12,Hartwick,SUNY Brockport,3,2,FINAL,6533160
2025-11-12,St. John Fisher,SUNY Geneseo,3,0,FINAL,6533161
2025-11-12,Stevenson,Messiah,3,1,FINAL,6532638
2025-11-12,Eastern,Hood,3,0,FINAL,6532639
2025-11-12,Misericordia,Lebanon Valley,3,0,FINAL,6532641
2025-11-12,Haverford,Dickinson,3,2,FINAL,6532797
2025-11-12,Earlham,Bluffton,3,1,FINAL,6532798
2025-11-12,Transylvania,Franklin,3,0,FINAL,6532799
2025-11-12,Mt. St. Joseph,Rose-Hulman,3,1,FINAL,6532800
2025-11-12,Penn St.-Behrend,Pitt.-Bradford,3,1,FINAL,6532849
2025-11-12,La Roche,Hilbert,0,3,FINAL,6532850
2025-11-12,Hanover,Manchester,3,1,FINAL,6532933
2025-11-12,Stevens,DeSales,3,0,FINAL,6532640
2025-11-12,Swarthmore,Gettysburg,0,3,FINAL,6532796
2025-11-12,Northwestern-St. Paul,Minn.-Morris,3,0,FINAL,6532649
2025-11-12,Bethany Lutheran,Wis.-Superior,0,3,FINAL,6532936
2025-11-13,Sewanee,Centre,1,3,FINAL,6532647
2025-11-13,Berry,Rhodes,3,0,FINAL,6532646
2025-11-13,Baruch,Brooklyn,2,3,FINAL,6532633
2025-11-13,John Jay,Hunter,3,0,FINAL,6532634
2025-11-13,Roger Williams,Endicott,1,3,FINAL,6532776
2025-11-13,Bridgewater St.,Worcester St.,3,2,FINAL,6532855
2025-11-13,UMass Boston,Plymouth St.,0,3,FINAL,6532948
2025-11-13,Sarah Lawrence,Manhattanville,0,3,FINAL,6532976
2025-11-13,Va. Wesleyan,Wash. & Lee,2,3,FINAL,6533090
2025-11-13,St. Joseph's (ME),Lasell,0,3,FINAL,6533097
2025-11-13,Salem (NC),Southern Va.,0,3,FINAL,6533099
2025-11-13,Juniata,Susquehanna,3,0,FINAL,6531886
2025-11-13,Scranton,Catholic,3,0,FINAL,6531887
2025-11-13,Rowan,Stockton,1,3,FINAL,6532333
2025-11-13,Kean,Wm. Paterson,3,0,FINAL,6532334
2025-11-13,Otterbein,Muskingum,3,1,FINAL,6532601
2025-11-13,Marietta,Ohio Northern,3,1,FINAL,6532602
2025-11-13,Wentworth,Gordon,3,0,FINAL,6532777
2025-11-13,Immaculata,Marywood,0,3,FINAL,6532840
2025-11-13,Neumann,Marymount (VA),0,3,FINAL,6532841
2025-11-13,UMass Dartmouth,WestConn,3,0,FINAL,6532949
2025-11-13,Merchant Marine,St. Joseph's (L.I.),2,3,FINAL,6532977
2025-11-13,Regis (MA),Emmanuel (MA),3,1,FINAL,6533098
2025-11-13,Meredith,Greensboro,0,3,FINAL,6533100
2025-11-13,Bridgewater (VA),Lynchburg,3,2,FINAL,6533157
2025-11-13,Hiram,Westminster (PA),3,2,FINAL,6533205
2025-11-13,Thiel,Grove City,0,3,FINAL,6533243
2025-11-13,Westfield St.,Framingham St.,2,3,FINAL,6532854
2025-11-13,Simpson,Coe,0,3,FINAL,6532605
2025-11-13,Central (IA),Dubuque,2,3,FINAL,6532606
2025-11-13,Wis.-La Crosse,Wis.-Eau Claire,0,3,FINAL,6532725
2025-11-13,Wis.-Oshkosh,Wis.-Whitewater,3,0,FINAL,6532726
2025-11-13,Carthage,Millikin,3,0,FINAL,6532790
2025-11-13,Ill. Wesleyan,Wheaton (IL),3,0,FINAL,6532791
2025-11-13,Gustavus Adolphus,Saint Benedict,2,3,FINAL,6532836
2025-11-13,St. Olaf,Bethel (MN),3,0,FINAL,6532837
2025-11-13,MUW,Blackburn,3,0,FINAL,6532944
2025-11-13,Lyon,Webster,1,3,FINAL,6532945
2025-11-13,Aurora,Illinois Tech,3,0,FINAL,6533096
2025-11-13,Edgewood,Concordia Wisconsin,3,2,FINAL,6533242
2025-11-13,Claremont-M-S,Whittier,3,0,FINAL,6532969
2025-11-13,Redlands,La Verne,0,3,FINAL,6532970
2025-11-14,Austin,Colorado Col.,1,3,FINAL,6532975
2025-11-14,Trinity (TX),Centre,3,1,FINAL,6532724
2025-11-14,Schreiner,LeTourneau,3,1,FINAL,6532974
2025-11-14,Maryville (TN),Covenant,3,2,FINAL,6532411
2025-11-14,Cortland,Buffalo St.,3,0,FINAL,6531930
2025-11-14,Ithaca,Skidmore,3,0,FINAL,6532109
2025-11-14,Hardin-Simmons,Mary Hardin-Baylor,3,2,FINAL,6532621
2025-11-14,Calvin,Albion,3,0,FINAL,6532807
2025-11-14,Chris. Newport,UC Santa Cruz,3,0,FINAL,6532940
2025-11-14,Asbury,LaGrange,3,1,FINAL,6532410
2025-11-14,Southwestern (TX),Berry,0,3,FINAL,6532723
2025-11-14,John Carroll,Ohio Wesleyan,3,1,FINAL,6532729
2025-11-14,Wesleyan (CT),Tufts,1,3,FINAL,6532937
2025-11-14,St. Thomas (TX),Colorado Col.,0,3,FINAL,6532973
2025-11-14,Lawrence,Monmouth (IL),3,0,FINAL,6532801
2025-11-14,Oswego St.,SUNY New Paltz,3,0,FINAL,6531929
2025-11-14,Union (NY),William Smith,0,3,FINAL,6532108
2025-11-14,John Jay,Brooklyn,3,1,FINAL,6533328
2025-11-14,East Tex. Baptist,Howard Payne,3,0,FINAL,6532620
2025-11-14,Johns Hopkins,Gettysburg,3,1,FINAL,6532794
2025-11-14,Franklin & Marshall,Haverford,3,1,FINAL,6532795
2025-11-14,Hope,Trine,3,0,FINAL,6532806
2025-11-14,Salisbury,Mary Washington,3,0,FINAL,6532939
2025-11-14,Wittenberg,Denison,3,0,FINAL,6532730
2025-11-14,Colby,Williams,3,2,FINAL,6532938
2025-11-14,Puget Sound,Pacific Lutheran,2,3,FINAL,6532947
2025-11-14,Hendrix,Schreiner,0,3,FINAL,6532972
2025-11-14,Cornell College,Illinois Col.,3,0,FINAL,6532643
2025-11-14,Whitworth,Willamette,3,1,FINAL,6532946
2025-11-15,Carnegie Mellon,CWRU,3,2,FINAL,6531188
2025-11-15,UChicago,Rochester (NY),3,1,FINAL,6531189
2025-11-15,St. Joseph's (L.I.),Manhattanville,0,3,FINAL,6533268
2025-11-15,Trinity (TX),Berry,0,3,FINAL,6533352
2025-11-15,WashU,Brandeis,3,0,FINAL,6531186
2025-11-15,Emory,NYU,1,3,FINAL,6531187
2025-11-15,Greenville,Webster,3,0,FINAL,6532943
2025-11-15,Maine Maritime,SUNY Delhi,3,0,FINAL,6532968
2025-11-15,MIT,Coast Guard,3,0,FINAL,6533093
2025-11-15,Edgewood,Aurora,3,0,FINAL,6533265
2025-11-15,Wentworth,Endicott,3,1,FINAL,6533269
2025-11-15,St. John Fisher,Hartwick,3,0,FINAL,6533351
2025-11-15,Marietta,Otterbein,1,3,FINAL,6533359
2025-11-15,Asbury,Maryville (TN),3,2,FINAL,6533360
2025-11-15,Wittenberg,John Carroll,3,0,FINAL,6533361
2025-11-15,UChicago,Carnegie Mellon,0,3,FINAL,6533370
2025-11-15,Lasell,Regis (MA),3,1,FINAL,6533267
2025-11-15,Mount Aloysius,Hilbert,3,2,FINAL,6532852
2025-11-15,Hanover,Earlham,3,2,FINAL,6533164
2025-11-15,Marywood,Marymount (VA),0,3,FINAL,6533266
2025-11-15,Bridgewater St.,Framingham St.,3,1,FINAL,6533300
2025-11-15,Bridgewater (VA),Wash. & Lee,1,3,FINAL,6533337
2025-11-15,Penn St. Harrisburg,St. Mary's (MD),2,3,FINAL,6533371
2025-11-15,Cornell College,Lawrence,3,1,FINAL,6533372
2025-11-15,Westminster (MO),MUW,3,0,FINAL,6532942
2025-11-15,Eastern,Stevenson,2,3,FINAL,6533262
2025-11-15,East Tex. Baptist,Hardin-Simmons,3,0,FINAL,6533389
2025-11-15,Colby,Tufts,1,3,FINAL,6533390
2025-11-15,UC Santa Cruz,Mary Washington,3,1,FINAL,6533391
2025-11-15,CWRU,Rochester (NY),3,0,FINAL,6533395
2025-11-15,Emory,Brandeis,3,1,FINAL,6533418
2025-11-15,WashU,NYU,3,0,FINAL,6533419
2025-11-15,Babson,Springfield,3,0,FINAL,6533392
2025-11-15,Misericordia,Stevens,2,3,FINAL,6533263
2025-11-15,Stockton,Kean,0,3,FINAL,6533336
2025-11-15,Cortland,Oswego St.,3,0,FINAL,6533388
2025-11-15,Schreiner,Colorado Col.,2,3,FINAL,6533396
2025-11-15,Penn St.-Altoona,Penn St.-Behrend,1,3,FINAL,6532853
2025-11-15,Transylvania,Mt. St. Joseph,3,0,FINAL,6533163
2025-11-15,Southern Va.,Greensboro,3,0,FINAL,6533270
2025-11-15,Ithaca,William Smith,3,2,FINAL,6533420
2025-11-15,Salisbury,Chris. Newport,0,3,FINAL,6533329
2025-11-15,UMass Dartmouth,Plymouth St.,1,3,FINAL,6533373
2025-11-15,Hiram,Grove City,0,3,FINAL,6533253
2025-11-15,Hope,Calvin,1,3,FINAL,6533476
2025-11-15,Juniata,Scranton,3,2,FINAL,6533478
2025-11-15,Greenville,Westminster (MO),3,2,FINAL,6533479
2025-11-15,Northwestern-St. Paul,Wis.-Superior,3,1,FINAL,6533166
2025-11-15,Wis.-Oshkosh,Wis.-Eau Claire,3,2,FINAL,6533254
2025-11-15,Dubuque,Coe,1,3,FINAL,6533256
2025-11-15,St. Olaf,Saint Benedict,2,3,FINAL,6533433
2025-11-15,Ill. Wesleyan,Carthage,3,0,FINAL,6533264
2025-11-15,La Verne,Claremont-M-S,2,3,FINAL,6533434
2025-11-15,Whitworth,Pacific Lutheran,1,3,FINAL,6533435
2025-11-16,Emory,CWRU,1,3,FINAL,6533488
2025-11-16,Brandeis,Rochester (NY),3,0,FINAL,6533489
2025-11-16,UChicago,NYU,2,3,FINAL,6533490
2025-11-16,WashU,Carnegie Mellon,0,3,FINAL,6533493
2025-11-16,Johns Hopkins,Franklin & Marshall,3,1,FINAL,6533495
2025-11-16,Mount Aloysius,Penn St.-Behrend,2,3,FINAL,6533496
2025-11-16,MIT,Babson,3,2,FINAL,6533497
2025-11-16,Hanover,Transylvania,3,2,FINAL,6533498
